Query,URI,Title,Definition,Synonyms,Parent_URI,Children
Transport accident,http://id.who.int/icd/entity/1596356387,Unintentional water transport injury event,,Water transport accidents; Boat transport accident NOS; ship transport accident NOS; Watercraft transport accident NOS,,[]
Transport accident,http://id.who.int/icd/entity/69852207,Unintentional air or space transport injury event,,Air and space transport accidents; Air transport accident NOS; Aircraft accident NOS; accidents to nonoccupants of aircraft,,[]
Transport accident,http://id.who.int/icd/entity/79623775,Unintentional land transport injury event unknown whether road traffic or off-road nontraffic,,unintentional land transport injury event unknown whether on road or off-road; land transport accident NOS; motor vehicle accident NOS; MVA - [motor vehicle accident] NOS; MVC - [motor vehicle crash]; motor vehicle collision NOS; head on collision NOS; auti accident NOS,,[]
Transport accident,http://id.who.int/icd/entity/1114138453,Unintentional land transport traffic event injuring a pedestrian,,pedestrian injured in transport accident,,[]
Transport accident,http://id.who.int/icd/entity/714231201,Unintentional land transport off-road nontraffic injury event,,unintentional land transport injury event occurring off-road; unintentional off-road crash; nontraffic land transport accident,,[]
Transport accident,http://id.who.int/icd/entity/1273171148,Pedestrian injured in other and unspecified transport accidents,,,,[]
Transport accident,http://id.who.int/icd/entity/1573350953,Unintentional land transport traffic event injuring an occupant of a heavy goods vehicle,,"occupant of heavy transport vehicle injured in transport accident; Unintentional land transport traffic event injuring an occupant of a heavy transport vehicle; Collision NOS involving heavy transport vehicle, traffic; Accident NOS involving heavy transport vehicle",,[]
Transport accident,http://id.who.int/icd/entity/1758338082,Unintentional land transport traffic event injuring a car occupant,,car occupant injured in transport accident,,[]
Transport accident,http://id.who.int/icd/entity/721114126,Unintentional land transport traffic event injuring an occupant of a bus or coach,,"Bus occupant injured in transport accident; Bus collision NOS, traffic; Bus accident NOS",,[]
Transport accident,http://id.who.int/icd/entity/472270037,Pedal cyclist injured in other and unspecified transport accidents,,"Pedal cycle collision NOS, traffic; Pedal cycle accident NOS; Bicycle accident NOS; Bicycle collision NOS, traffic; bicyclist injured in other and unspecified transport accident",,[]
Transport accident,http://id.who.int/icd/entity/551890744,Sequelae of transport accidents,,late effect of transport accidents,,[]
Transport accident,http://id.who.int/icd/entity/495939346,Unintentional land transport traffic event injuring an occupant of a streetcar or tram,,Occupant of streetcar injured in transport accident; person on outside of streetcar injured in transport accident; Streetcar accident NOS,,[]
Transport accident,http://id.who.int/icd/entity/813225239,Car occupant injured in other and unspecified transport accidents,,"Car collision NOS, traffic",,[]
Transport accident,http://id.who.int/icd/entity/935916226,Bus occupant injured in other and unspecified transport accidents,,,,[]
Transport accident,http://id.who.int/icd/entity/1929426168,Other and unspecified water transport accidents involving water-skis,,,,[]
Transport accident,http://id.who.int/icd/entity/380853503,Unintentional land transport nontraffic event injuring an occupant of a heavy goods vehicle,,"Unintentional land transport nontraffic event injuring an occupant of a heavy transport vehicle; Collision NOS involving heavy transport vehicle, nontraffic; Accident NOS involving heavy transport vehicle, nontraffic; Occupant of heavy transport vehicle injured in nontraffic accident NOS",,[]
Transport accident,http://id.who.int/icd/entity/388467595,Sequelae of other and unspecified transport accidents,,late effect of other and unspecified transport accidents,,[]
Transport accident,http://id.who.int/icd/entity/128836615,Other and unspecified water transport accidents involving sailboat,,,,[]
Transport accident,http://id.who.int/icd/entity/324760454,Unintentional land transport traffic event injuring a motor cyclist,,motorcycle rider injured in transport accident; unintentional land transport accident motorbike; motorbike accident; motorbike traffic accident; Motorcycle accident NOS,,[]
Transport accident,http://id.who.int/icd/entity/899593763,Other and unspecified water transport accidents involving yacht,,,,[]
Transport accident,http://id.who.int/icd/entity/1153230466,Other and unspecified water transport accidents involving liner,,,,[]
Transport accident,http://id.who.int/icd/entity/1915625996,Other and unspecified water transport accidents involving windsurfer,,,,[]
Transport accident,http://id.who.int/icd/entity/2037221697,Pedal cyclist injured in noncollision transport accident,,bicyclist injured in noncollision transport accident,,[]
Transport accident,http://id.who.int/icd/entity/277813817,Parachutist injured in air transport accident,,,,[]
Transport accident,http://id.who.int/icd/entity/1611512539,Occupant of heavy transport vehicle injured in other and unspecified transport accidents,,,,[]
Transport accident,http://id.who.int/icd/entity/1429411971,Car occupant injured in noncollision transport accident,,overturning car; overturned car,,[]
Transport accident,http://id.who.int/icd/entity/1384333144,Bus occupant injured in noncollision transport accident,,,,[]
Transport accident,http://id.who.int/icd/entity/462840578,Motorcycle rider injured in other and unspecified transport accidents,,,,[]
Transport accident,http://id.who.int/icd/entity/1975834541,Person on ground injured in air transport accident,,,,[]
Transport accident,http://id.who.int/icd/entity/1950578579,Other and unspecified water transport accidents involving other powered watercraft,,,,[]
Transport accident,http://id.who.int/icd/entity/1705372410,Other and unspecified water transport accidents involving passenger ship,,,,[]
Transport accident,http://id.who.int/icd/entity/285784583,Other and unspecified water transport accidents involving fishing boat,,,,[]
Transport accident,http://id.who.int/icd/entity/1851915398,Unintentional land transport traffic event injuring a user of a special construction vehicle,,occupant of special construction vehicle injured in transport accident; Special-construction-vehicle accident NOS,,[]
Transport accident,http://id.who.int/icd/entity/88504143,Occupant of heavy transport vehicle injured in noncollision transport accident,,,,[]
Transport accident,http://id.who.int/icd/entity/1763852271,Occupant of railway train or railway vehicle injured in transport accident,,,,[]
Transport accident,http://id.who.int/icd/entity/15607660,Other and unspecified water transport accidents involving merchant ship,,,,[]
Transport accident,http://id.who.int/icd/entity/700938044,Examination or observation following transport accident,,examination following motor vehicle accident,,[]
Transport accident,http://id.who.int/icd/entity/192763439,Car occupant injured in noncollision transport accident : unspecified car occupant injured in traffic accident,,,,[]
Transport accident,http://id.who.int/icd/entity/995308412,Bus occupant injured in noncollision transport accident : unspecified bus occupant injured in traffic accident,,,,[]
Transport accident,http://id.who.int/icd/entity/337399188,Car occupant injured in noncollision transport accident : unspecified car occupant injured in nontraffic accident,,,,[]
Transport accident,http://id.who.int/icd/entity/2128457364,Motorcycle rider injured in noncollision transport accident,,,,[]
Transport accident,http://id.who.int/icd/entity/607267009,Bus occupant injured in noncollision transport accident : unspecified bus occupant injured in nontraffic accident,,,,[]
Transport accident,http://id.who.int/icd/entity/289385137,Other and unspecified water transport accidents involving jet skis,,,,[]
Transport accident,http://id.who.int/icd/entity/1372365398,Other and unspecified water transport accidents involving surf-board,,,,[]
Transport accident,http://id.who.int/icd/entity/1146691090,Other and unspecified water transport accidents involving ferry-boat,,,,[]
Transport accident,http://id.who.int/icd/entity/1659251091,Other and unspecified water transport accidents involving canoe or kayak,,,,[]
Transport accident,http://id.who.int/icd/entity/1527773658,"Pedal cyclist injured in noncollision transport accident, unspecified pedal cyclist injured in traffic accident",,,,[]
Transport accident,http://id.who.int/icd/entity/556085235,Pedal cyclist injured in noncollision transport accident : unspecified pedal cyclist injured in nontraffic accident,,,,[]
Transport accident,http://id.who.int/icd/entity/1684490659,Unintentional land transport traffic event injuring an occupant of a low powered passenger vehicle,,Occupant of three-wheeled motor vehicle injured in transport accident,,[]
Transport accident,http://id.who.int/icd/entity/726208589,Occupant of heavy transport vehicle injured in noncollision transport accident : unspecified occupant of heavy transport vehicle injured in traffic accident,,,,[]
Fall,http://id.who.int/icd/entity/134290789,Unintentional fall,,fall NOS; accidental fall; fall causing injury that resulted in death; fell NOS; mechanical fall NOS; fall to floor; fell to floor; fall at home; fell at home; fall at residence; fall at nursing home; fall from unknown height,,[]
Fall,http://id.who.int/icd/entity/1093196899,Tendency to fall,,Tendency to fall because of old age or other unclear health problems; recurrent falls; repeated falls; falls NOS; multiple falls NOS,,[]
Fall,http://id.who.int/icd/entity/783139626,Complications of fall,,,,[]
Fall,http://id.who.int/icd/entity/1822613699,"Struck by thrown, projected or falling object",,falling object,,[]
Fall,http://id.who.int/icd/entity/1688850216,Sensation of falling,Sensation of losing one's grip and falling.,,,[]
Fall,http://id.who.int/icd/entity/1425675101,Occupant of railway train or railway vehicle injured by fall in railway train or railway vehicle,,fall in train; fall on train,,[]
Fall,http://id.who.int/icd/entity/1363622909,Fall in health care,,fall in hospital,,[]
Fall,http://id.who.int/icd/entity/996246205,Fall in bathtub,,,,[]
Fall,http://id.who.int/icd/entity/542589858,Occupant of railway train or railway vehicle injured by fall from railway train or railway vehicle,,fall from train,,[]
Fall,http://id.who.int/icd/entity/1045802307,Fall in shower,,,,[]
Fall,http://id.who.int/icd/entity/1817248893,Unintentional fall from tree,,fall from tree,,[]
Fall,http://id.who.int/icd/entity/173760338,Fall or jump with undetermined intent,,fall from height NOS,,[]
Fall,http://id.who.int/icd/entity/1511324284,Exposure to fall,,Exposure to unspecified fall,,[]
Fall,http://id.who.int/icd/entity/1847586521,Fall or jump of undetermined intent on the same level or from less than 1 metre,,same level fall; complications of ground level fall,,[]
Fall,http://id.who.int/icd/entity/415990995,Unintentional fall on the same level or from less than 1 metre,,ground level fall; fell while ambulating; fall from standing height; fall from standing position; fell from standing,,[]
Fall,http://id.who.int/icd/entity/2008585443,Fall through floor,,,,[]
Fall,http://id.who.int/icd/entity/240716420,Unintentional fall from ladder,,accidental fall from ladder; fall from ladder; fall on and from ladder causing accidental injury; fall on or from ladder,,[]
Fall,http://id.who.int/icd/entity/2062834301,Unintentional fall on or from scaffolding,,fall from scaffold; fall from scaffolding; fall on and from scaffolding causing accidental injury; fall on and from scaffolding; accidental fall from scaffolding,,[]
Fall,http://id.who.int/icd/entity/152750569,Unintentional fall from cliff,,Fall from cliff,,[]
Fall,http://id.who.int/icd/entity/2061105633,Fall or jump of undetermined intent from stairs or steps,,fall down stairs NOS; fell down stairs; fall down steps,,[]
Fall,http://id.who.int/icd/entity/1432899034,Fall on or from escalator,,,,[]
Fall,http://id.who.int/icd/entity/1313418676,Fall from operating room table,,fall from operating table; fall from surgical table; fall from operation table,,[]
Fall,http://id.who.int/icd/entity/189781093,Fall from examination table,,,,[]
Fall,http://id.who.int/icd/entity/546326103,Unintentional fall from roof,,,,[]
Fall,http://id.who.int/icd/entity/1534148200,fall on or from ramp,,,,[]
Fall,http://id.who.int/icd/entity/847229948,Fall from or through roof,,,,[]
Fall,http://id.who.int/icd/entity/1804496786,Fall on or from incline,,,,[]
Fall,http://id.who.int/icd/entity/2028266721,Fall from or through railing,,,,[]
Fall,http://id.who.int/icd/entity/1430972584,Unintentional fall involving furniture,,,,[]
Fall,http://id.who.int/icd/entity/379555302,Hair fall disorder (TM2),,(c) Intithār al-Sha‘r,,[]
Fall,http://id.who.int/icd/entity/1434301283,Occupant of streetcar injured by fall in streetcar,,,,[]
Fall,http://id.who.int/icd/entity/566120423,Unintentional fall through roof,,,,[]
Fall,http://id.who.int/icd/entity/1018869510,"Fall from, out of or through wall",,,,[]
Fall,http://id.who.int/icd/entity/849593528,Fall from or out of tower,,,,[]
Fall,http://id.who.int/icd/entity/1002397610,Falling over animal,,,,[]
Fall,http://id.who.int/icd/entity/1461437517,Unintentional fall involving playground equipment,,fall from playground equipment; fall involving playground equipment causing accidental injury; fall on and from playground equipment; Fall involving playground equipment,,[]
Fall,http://id.who.int/icd/entity/2101585348,Qi sinking pattern (TM1),,Qi fall pattern (TM1),,[]
Fall,http://id.who.int/icd/entity/1578494278,Intentional self-harm by fall or jump,,intentional fall from one level to another,,[]
Fall,http://id.who.int/icd/entity/1634711970,Fall from orthopaedic surgical table,,fall from trauma table,,[]
Fall,http://id.who.int/icd/entity/1224625541,"Fall from, out of or through building",,,,[]
Fall,http://id.who.int/icd/entity/1069623780,Unintentionally struck by falling stone,,,,[]
Fall,http://id.who.int/icd/entity/924882442,"Fall from, out of or through bridge",,,,[]
Fall,http://id.who.int/icd/entity/567337886,Occupant of streetcar injured by fall from streetcar,,,,[]
Fall,http://id.who.int/icd/entity/1260217489,Complications of injuries sustained in a fall,,,,[]
Fall,http://id.who.int/icd/entity/1182235024,Unintentionally struck by falling tree,,,,[]
Fall,http://id.who.int/icd/entity/1460888323,"Fall from, out of or through window",,,,[]
Fall,http://id.who.int/icd/entity/2044964799,Fall from flag-pole,,,,[]
Fall,http://id.who.int/icd/entity/1474877205,Fall from horse in traffic event,,,,[]
Fall,http://id.who.int/icd/entity/864242868,Fall from horse in nontraffic event,,,,[]
Fall,http://id.who.int/icd/entity/1796392726,Unintentional fall involving stairs and steps,,fall on or from stairs and steps,,[]
Pedestrian,http://id.who.int/icd/entity/1517956415,Unintentional land transport event unknown whether traffic or nontraffic injuring a pedestrian,,"unintentional crash injuring a pedestrian, unknown whether on road; pedestrian accident NOS; pedestrian struck by motor vehicle; pedestrian struck by vehicle; struck by motor vehicle NOS; struck by vehicle NOS; motor vehicle striking pedestrian; auto vs pedestrian",,[]
Pedestrian,http://id.who.int/icd/entity/376039232,"Pedestrian injured in collision with railway train or railway vehicle, traffic accident",,pedestrian struck by train,,[]
Pedestrian,http://id.who.int/icd/entity/1114138453,Unintentional land transport traffic event injuring a pedestrian,,pedestrian injured in transport accident,,[]
Pedestrian,http://id.who.int/icd/entity/1595005935,Unintentional land transport nontraffic event injuring a pedestrian,,unintentional off-road crash injuring a pedestrian; non-traffic pedestrian accident,,[]
Pedestrian,http://id.who.int/icd/entity/1500157118,Pedestrian injured in unspecified nontraffic accident,,,,[]
Pedestrian,http://id.who.int/icd/entity/1590845204,Pedestrian conveyance as counterpart in land transport crash,"A device which is designed primarily for, or being used at the time primarily for, conveying the person and is not a transport vehicle.",powered pedestrian conveyances,,[]
Pedestrian,http://id.who.int/icd/entity/837312255,"Pedestrian injured in collision with car, pick-up truck or van, traffic accident",,"pedestrian struck by car, pick-up truck or van; person struck by car; pedestrian struck by automobile",,[]
Pedestrian,http://id.who.int/icd/entity/1273171148,Pedestrian injured in other and unspecified transport accidents,,,,[]
Pedestrian,http://id.who.int/icd/entity/1164216858,Pedestrian injured in collision with pedal cycle,,,,[]
Pedestrian,http://id.who.int/icd/entity/1809796899,Pedestrian as mode of transport of person injured in transport event,A pedestrian is any person involved in a transport crash who was not in or on a vehicle or pedestrian conveyance at the time.,,,[]
Pedestrian,http://id.who.int/icd/entity/915020174,Pedestrian injured in collision with other nonmotor vehicle,,,,[]
Pedestrian,http://id.who.int/icd/entity/1538563669,Car occupant injured in collision with pedestrian or animal,,,,[]
Pedestrian,http://id.who.int/icd/entity/1543813506,Bus occupant injured in collision with pedestrian or animal,,,,[]
Pedestrian,http://id.who.int/icd/entity/1109870961,Pedestrian injured in collision with railway train or railway vehicle,,,,[]
Pedestrian,http://id.who.int/icd/entity/2011828119,Pedal cyclist injured in collision with pedestrian or animal,,,,[]
Pedestrian,http://id.who.int/icd/entity/2123695182,Pedestrian as counterpart in land transport crash,A pedestrian is any person involved in a transport crash who was not in or on a vehicle or pedestrian conveyance at the time.,,,[]
Pedestrian,http://id.who.int/icd/entity/1104177032,Land transport traffic injury event of undetermined intent injuring a pedestrian,,Road crash of unknown intent injuring a pedestrian,,[]
Pedestrian,http://id.who.int/icd/entity/661423333,Pedestrian injured in collision with heavy transport vehicle or bus,,,,[]
Pedestrian,http://id.who.int/icd/entity/748107330,"Pedestrian injured in collision with pedal cycle, traffic accident",,,,[]
Pedestrian,http://id.who.int/icd/entity/1239219156,Pedestrian injured in collision with pedal cycle : nontraffic accident,,,,[]
Pedestrian,http://id.who.int/icd/entity/888233787,Intentional self-harm by land transport traffic event injuring a pedestrian,,intentional self-harm by road crash injuring a pedestrian,,[]
Pedestrian,http://id.who.int/icd/entity/1884956738,Motorcycle rider injured in collision with pedestrian or animal,,,,[]
Pedestrian,http://id.who.int/icd/entity/2094369126,Pedestrian conveyance as mode of transport of person injured in transport event,"A device which is designed primarily for, or being used at the time primarily for, conveying the person and is not a transport vehicle.",,,[]
Pedestrian,http://id.who.int/icd/entity/401491712,"Pedestrian injured in collision with other nonmotor vehicle, traffic accident",,,,[]
Pedestrian,http://id.who.int/icd/entity/1923451542,Pedestrian injured in collision with other nonmotor vehicle : nontraffic accident,,,,[]
Pedestrian,http://id.who.int/icd/entity/197259673,Occupant of heavy transport vehicle injured in collision with pedestrian or animal,,,,[]
Pedestrian,http://id.who.int/icd/entity/835312357,Pedestrian injured in collision with two- or three-wheeled motor vehicle,,,,[]
Pedestrian,http://id.who.int/icd/entity/261691179,Unintentional fall involving a pedestrian conveyance,,,,[]
Pedestrian,http://id.who.int/icd/entity/2122380499,Car occupant injured in collision with pedestrian or animal : unspecified car occupant injured in traffic accident,,,,[]
Pedestrian,http://id.who.int/icd/entity/1320063360,Bus occupant injured in collision with pedestrian or animal : unspecified bus occupant injured in traffic accident,,,,[]
Pedestrian,http://id.who.int/icd/entity/1642196848,Car occupant injured in collision with pedestrian or animal : unspecified car occupant injured in nontraffic accident,,,,[]
Pedestrian,http://id.who.int/icd/entity/1372555837,Bus occupant injured in collision with pedestrian or animal : unspecified bus occupant injured in nontraffic accident,,,,[]
Pedestrian,http://id.who.int/icd/entity/1931618986,"Pedestrian injured in collision with railway train or railway vehicle, nontraffic accident",,,,[]
Pedestrian,http://id.who.int/icd/entity/787634982,"Pedal cyclist injured in collision with pedestrian or animal, unspecified pedal cyclist injured in traffic accident",,,,[]
Pedestrian,http://id.who.int/icd/entity/1423478031,Pedal cyclist injured in collision with pedestrian or animal : unspecified pedal cyclist injured in nontraffic accident,,,,[]
Pedestrian,http://id.who.int/icd/entity/1417811825,"Pedestrian injured in collision with car, pick-up truck or van",,,,[]
Pedestrian,http://id.who.int/icd/entity/1460349350,Unintentional land transport traffic event injuring the user of a pedestrian conveyance,,unintentional road crash injuring the user of a pedestrian conveyance,,[]
Pedestrian,http://id.who.int/icd/entity/177287103,"Pedestrian injured in collision with heavy transport vehicle or bus, traffic accident",,,,[]
Pedestrian,http://id.who.int/icd/entity/1876615723,Pedestrian injured in collision with heavy transport vehicle or bus : nontraffic accident,,,,[]
Pedestrian,http://id.who.int/icd/entity/664756315,Occupant of three-wheeled motor vehicle injured in collision with pedestrian or animal,,,,[]
Pedestrian,http://id.who.int/icd/entity/517750389,"Motorcycle rider injured in collision with pedestrian or animal, unspecified motorcycle rider injured in traffic accident",,,,[]
Pedestrian,http://id.who.int/icd/entity/1693902940,Motorcycle rider injured in collision with pedestrian or animal : unspecified motorcycle rider injured in nontraffic accident,,,,[]
Pedestrian,http://id.who.int/icd/entity/1766334657,Assault by land transport traffic event injuring a pedestrian,,,,[]
Pedestrian,http://id.who.int/icd/entity/65659281,Car occupant injured in collision with pedestrian or animal : passenger injured in traffic accident,,,,[]
Pedestrian,http://id.who.int/icd/entity/868713666,Bus occupant injured in collision with pedestrian or animal : passenger injured in traffic accident,,,,[]
Pedestrian,http://id.who.int/icd/entity/1879536133,Car occupant injured in collision with pedestrian or animal : passenger injured in nontraffic accident,,,,[]
Pedestrian,http://id.who.int/icd/entity/1076434774,Bus occupant injured in collision with pedestrian or animal : passenger injured in nontraffic accident,,,,[]
Pedestrian,http://id.who.int/icd/entity/2000990574,Car occupant injured in collision with pedestrian or animal : driver injured in traffic accident,,,,[]
Pedestrian,http://id.who.int/icd/entity/1198183485,Bus occupant injured in collision with pedestrian or animal : driver injured in traffic accident,,,,[]
Pedestrian,http://id.who.int/icd/entity/357351313,Car occupant injured in collision with pedestrian or animal : driver injured in nontraffic accident,,,,[]
Passenger vehicle,http://id.who.int/icd/entity/1210553509,Vehicle passenger injured in transport related event,"A passenger is any occupant of a transport vehicle, other than the driver, in a position designed for the carriage of people.",Occupants of seats other than the driver's seat,,[]
Passenger vehicle,http://id.who.int/icd/entity/1011692914,Battery-powered airport passenger vehicle,,,,[]
Passenger vehicle,http://id.who.int/icd/entity/1766261064,Passenger of special construction vehicle injured in traffic accident,,,,[]
Passenger vehicle,http://id.who.int/icd/entity/447320796,Passenger of special construction vehicle injured in nontraffic accident,,,,[]
Passenger vehicle,http://id.who.int/icd/entity/1321646217,Passenger of special industrial vehicle injured in traffic accident,,,,[]
Passenger vehicle,http://id.who.int/icd/entity/1026042653,Passenger of special industrial vehicle injured in nontraffic accident,,,,[]
Passenger vehicle,http://id.who.int/icd/entity/1975503305,Passenger of special agricultural vehicle injured in traffic accident,,,,[]
Passenger vehicle,http://id.who.int/icd/entity/105994845,Passenger of special agricultural vehicle injured in nontraffic accident,,,,[]
Passenger vehicle,http://id.who.int/icd/entity/931060771,Low-powered passenger vehicle as mode of transport of person injured in transport event,"(1) A land transport motor vehicle with three wheels (usually one in front and two behind), designed primarily for on-road use. Globally, most commonly used as taxis. Design, construction, type of motor and registration/licensing requirements vary widely. (2) A low-powered quadricycle or other low-powered four-wheeled passenger vehicle that is not a car.",Three wheeler as mode of transport of person injured in transport related event,,[]
Passenger vehicle,http://id.who.int/icd/entity/1444939023,Occupant of heavy transport vehicle injured in noncollision transport accident : passenger injured in traffic accident,,,,[]
Passenger vehicle,http://id.who.int/icd/entity/634295963,Occupant of heavy transport vehicle injured in noncollision transport accident : passenger injured in nontraffic accident,,,,[]
Passenger vehicle,http://id.who.int/icd/entity/573871950,Low powered passenger vehicle as counterpart in land transport crash,"(1) A land transport motor vehicle with three wheels (usually one in front and two behind), designed primarily for on-road use. Globally, most commonly used as taxis. Design, construction, type of motor and registration/licensing requirements vary widely. (2) A low-powered quadricycle or other low-powered four-wheeled passenger vehicle that is not a car.",Three wheeler as counterpart in land transport crash,,[]
Passenger vehicle,http://id.who.int/icd/entity/610818128,Car occupant injured in collision with other nonmotor vehicle : passenger injured in traffic accident,,,,[]
Passenger vehicle,http://id.who.int/icd/entity/340147459,Bus occupant injured in collision with other nonmotor vehicle : passenger injured in traffic accident,,,,[]
Passenger vehicle,http://id.who.int/icd/entity/1468451780,Car occupant injured in collision with other nonmotor vehicle : passenger injured in nontraffic accident,,,,[]
Passenger vehicle,http://id.who.int/icd/entity/1739107991,Bus occupant injured in collision with other nonmotor vehicle : passenger injured in nontraffic accident,,,,[]
Passenger vehicle,http://id.who.int/icd/entity/154752444,Bus occupant injured in collision with heavy transport vehicle or bus : passenger injured in traffic accident,,,,[]
Passenger vehicle,http://id.who.int/icd/entity/421754509,Occupant of heavy transport vehicle injured in collision with heavy transport vehicle or bus : passenger injured in traffic accident,,,,[]
Passenger vehicle,http://id.who.int/icd/entity/2060961320,Bus occupant injured in collision with heavy transport vehicle or bus : passenger injured in nontraffic accident,,,,[]
Passenger vehicle,http://id.who.int/icd/entity/1791878425,Occupant of heavy transport vehicle injured in collision with heavy transport vehicle or bus : passenger injured in nontraffic accident,,,,[]
Passenger vehicle,http://id.who.int/icd/entity/12035930,Pedal cyclist injured in collision with other nonmotor vehicle : passenger injured in traffic accident,,,,[]
Passenger vehicle,http://id.who.int/icd/entity/133456945,Pedal cyclist injured in collision with other nonmotor vehicle : passenger injured in nontraffic accident,,,,[]
Passenger vehicle,http://id.who.int/icd/entity/636483696,Car occupant injured in collision with railway train or railway vehicle : passenger injured in traffic accident,,,,[]
Passenger vehicle,http://id.who.int/icd/entity/365010237,Bus occupant injured in collision with railway train or railway vehicle : passenger injured in traffic accident,,,,[]
Passenger vehicle,http://id.who.int/icd/entity/1442933756,Car occupant injured in collision with railway train or railway vehicle : passenger injured in nontraffic accident,,,,[]
Passenger vehicle,http://id.who.int/icd/entity/1714359977,Bus occupant injured in collision with railway train or railway vehicle : passenger injured in nontraffic accident,,,,[]
Passenger vehicle,http://id.who.int/icd/entity/73145906,Occupant of heavy transport vehicle injured in collision with other nonmotor vehicle : passenger injured in traffic accident,,,,[]
Passenger vehicle,http://id.who.int/icd/entity/2008190374,Occupant of heavy transport vehicle injured in collision with other nonmotor vehicle : passenger injured in nontraffic accident,,,,[]
Passenger vehicle,http://id.who.int/icd/entity/1859150009,Occupant of three-wheeled motor vehicle injured in collision with two- or three-wheeled motor vehicle : passenger injured in traffic accident,,,,[]
Passenger vehicle,http://id.who.int/icd/entity/19924838,"Pedal cyclist injured in collision with railway train or railway vehicle, passenger injured in traffic accident",,,,[]
Passenger vehicle,http://id.who.int/icd/entity/815383049,Motorcycle rider injured in collision with other nonmotor vehicle : passenger injured in traffic accident,,,,[]
Passenger vehicle,http://id.who.int/icd/entity/490664749,Occupant of three-wheeled motor vehicle injured in collision with two- or three-wheeled motor vehicle : passenger injured in nontraffic accident,,,,[]
Passenger vehicle,http://id.who.int/icd/entity/108250127,"Pedal cyclist injured in collision with railway train or railway vehicle, passenger injured in nontraffic accident",,,,[]
Passenger vehicle,http://id.who.int/icd/entity/937034082,Motorcycle rider injured in collision with other nonmotor vehicle : passenger injured in nontraffic accident,,,,[]
Passenger vehicle,http://id.who.int/icd/entity/1059417972,Occupant of heavy transport vehicle injured in collision with pedal cycle : passenger injured in traffic accident,,,,[]
Passenger vehicle,http://id.who.int/icd/entity/1288436968,Occupant of heavy transport vehicle injured in collision with pedal cycle : passenger injured in nontraffic accident,,,,[]
Passenger vehicle,http://id.who.int/icd/entity/601729011,Occupant of heavy transport vehicle injured in collision with pedestrian or animal : passenger injured in traffic accident,,,,[]
Passenger vehicle,http://id.who.int/icd/entity/1345533031,Occupant of heavy transport vehicle injured in collision with pedestrian or animal : passenger injured in nontraffic accident,,,,[]
Passenger vehicle,http://id.who.int/icd/entity/957821167,Car occupant injured in collision with heavy transport vehicle or bus : passenger injured in traffic accident,,,,[]
Passenger vehicle,http://id.who.int/icd/entity/1257874299,Car occupant injured in collision with heavy transport vehicle or bus : passenger injured in nontraffic accident,,,,[]
Passenger vehicle,http://id.who.int/icd/entity/106081018,Occupant of three-wheeled motor vehicle injured in noncollision transport accident : passenger injured in traffic accident,,,,[]
Passenger vehicle,http://id.who.int/icd/entity/1975269742,Occupant of three-wheeled motor vehicle injured in noncollision transport accident : passenger injured in nontraffic accident,,,,[]
Passenger vehicle,http://id.who.int/icd/entity/98287118,Occupant of heavy transport vehicle injured in collision with railway train or railway vehicle : passenger injured in traffic accident,,,,[]
Passenger vehicle,http://id.who.int/icd/entity/1983196570,Occupant of heavy transport vehicle injured in collision with railway train or railway vehicle : passenger injured in nontraffic accident,,,,[]
Passenger vehicle,http://id.who.int/icd/entity/1684490659,Unintentional land transport traffic event injuring an occupant of a low powered passenger vehicle,,Occupant of three-wheeled motor vehicle injured in transport accident,,[]
Passenger vehicle,http://id.who.int/icd/entity/1757454712,Passenger of all-terrain or other off-road motor vehicle injured in traffic accident,,,,[]
Passenger vehicle,http://id.who.int/icd/entity/1819339362,Unintentional land transport nontraffic event injuring an occupant of a low powered passenger vehicle,,"Occupant of three-wheeled motor vehicle injured in nontraffic accident NOS; Collision NOS involving three-wheeled motor vehicle, nontraffic; Accident NOS involving three-wheeled motor vehicle, nontraffic",,[]
Passenger vehicle,http://id.who.int/icd/entity/456012516,Passenger of all-terrain or other off-road motor vehicle injured in nontraffic accident,,,,[]
Passenger vehicle,http://id.who.int/icd/entity/499699685,Pedal cyclist injured in collision with heavy transport vehicle or bus : passenger injured in traffic accident,,,,[]
Passenger vehicle,http://id.who.int/icd/entity/445320334,Pedal cyclist injured in collision with heavy transport vehicle or bus : passenger injured in nontraffic accident,,,,[]
Special vehicle,http://id.who.int/icd/entity/1851915398,Unintentional land transport traffic event injuring a user of a special construction vehicle,,occupant of special construction vehicle injured in transport accident; Special-construction-vehicle accident NOS,,[]
Special vehicle,http://id.who.int/icd/entity/2026152580,Unintentional land transport traffic event injuring a user of a special vehicle mainly used on industrial premises,,occupant of special vehicle mainly used on industrial premises injured in transport accident; Special-industrial-vehicle accident NOS,,[]
Special vehicle,http://id.who.int/icd/entity/187314448,Unintentional land transport traffic event injuring a user of a special vehicle mainly used in agriculture,,occupant of special vehicle mainly used in agriculture injured in transport accident; Special-agricultural-vehicle accident NOS,,[]
Special vehicle,http://id.who.int/icd/entity/2111620040,Mobile machinery or special purpose vehicle,,,,[]
Special vehicle,http://id.who.int/icd/entity/2023857187,Unspecified occupant of special construction vehicle injured in traffic accident,,,,[]
Special vehicle,http://id.who.int/icd/entity/1595942372,Unspecified occupant of special industrial vehicle injured in traffic accident,,,,[]
Special vehicle,http://id.who.int/icd/entity/1853977475,Special all-terrain vehicle or off-road vehicle,,,,[]
Special vehicle,http://id.who.int/icd/entity/1083915581,Certain specified mobile machinery or special purpose vehicle,,,,[]
Special vehicle,http://id.who.int/icd/entity/1683575970,Unspecified occupant of special agricultural vehicle injured in traffic accident,,,,[]
Special vehicle,http://id.who.int/icd/entity/1766261064,Passenger of special construction vehicle injured in traffic accident,,,,[]
Special vehicle,http://id.who.int/icd/entity/447320796,Passenger of special construction vehicle injured in nontraffic accident,,,,[]
Special vehicle,http://id.who.int/icd/entity/1321646217,Passenger of special industrial vehicle injured in traffic accident,,,,[]
Special vehicle,http://id.who.int/icd/entity/202165470,Driver of special construction vehicle injured in traffic accident,,,,[]
Special vehicle,http://id.who.int/icd/entity/1026042653,Passenger of special industrial vehicle injured in nontraffic accident,,,,[]
Special vehicle,http://id.who.int/icd/entity/1845805603,Driver of special construction vehicle injured in nontraffic accident,,,,[]
Special vehicle,http://id.who.int/icd/entity/730690845,Driver of special industrial vehicle injured in traffic accident,,,,[]
Special vehicle,http://id.who.int/icd/entity/1233484770,Driver of special industrial vehicle injured in nontraffic accident,,,,[]
Special vehicle,http://id.who.int/icd/entity/1975503305,Passenger of special agricultural vehicle injured in traffic accident,,,,[]
Special vehicle,http://id.who.int/icd/entity/105994845,Passenger of special agricultural vehicle injured in nontraffic accident,,,,[]
Special vehicle,http://id.who.int/icd/entity/284427357,Driver of special agricultural vehicle injured in traffic accident,,,,[]
Special vehicle,http://id.who.int/icd/entity/1929120420,Driver of special agricultural vehicle injured in nontraffic accident,,,,[]
Special vehicle,http://id.who.int/icd/entity/1393249384,Special construction vehicle as mode of transport of person injured in transport related event,"A motor vehicle designed specifically for use in the construction (or demolition) of roads, buildings and other structures or associated earth-moving.",,,[]
Special vehicle,http://id.who.int/icd/entity/501895607,Person on outside of special construction vehicle injured in traffic accident,,,,[]
Special vehicle,http://id.who.int/icd/entity/1570324234,Special construction vehicle as counterpart in land transport crash,"A motor vehicle designed specifically for use in the construction (or demolition) of roads, buildings and other structures or associated earth-moving.",,,[]
Special vehicle,http://id.who.int/icd/entity/2145541962,Person on outside of special construction vehicle injured in nontraffic accident,,,,[]
Special vehicle,http://id.who.int/icd/entity/980150390,Person on outside of special industrial vehicle injured in traffic accident,,,,[]
Special vehicle,http://id.who.int/icd/entity/1482942089,Person on outside of special industrial vehicle injured in nontraffic accident,,,,[]
Special vehicle,http://id.who.int/icd/entity/17996088,Person on outside of special agricultural vehicle injured in traffic accident,,,,[]
Special vehicle,http://id.who.int/icd/entity/1662687177,Person on outside of special agricultural vehicle injured in nontraffic accident,,,,[]
Special vehicle,http://id.who.int/icd/entity/339419809,Special all-terrain vehicle as mode of transport of person injured in transport related event,"A vehicle designed primarily for off-road use with capability to traverse a wide range of types of terrain by means of wheels, tracks, support on a cushion of air or other form of support/traction.","Mode of transport, Special all-terrain or off-road vehicle",,[]
Special vehicle,http://id.who.int/icd/entity/761501405,Special vehicle mainly used on industrial premises as mode of transport of person injured in transport related event,A motor vehicle designed primarily for use within the buildings and premises of industrial or commercial establishments.,special vehicle used in industry as mode of transport of person injured in transport related event,,[]
Special vehicle,http://id.who.int/icd/entity/1819742234,Mobile machinery or special purpose vehicle mainly used in construction,,,,[]
Special vehicle,http://id.who.int/icd/entity/189730743,Person injured while boarding or alighting from special construction vehicle,,,,[]
Special vehicle,http://id.who.int/icd/entity/2069853402,Mobile machinery or special purpose vehicle mainly used in industry,,,,[]
Special vehicle,http://id.who.int/icd/entity/751744632,Person injured while boarding or alighting from special industrial vehicle,,,,[]
Special vehicle,http://id.who.int/icd/entity/1109907866,Mobile machinery or special purpose vehicle mainly used in agriculture,,,,[]
Special vehicle,http://id.who.int/icd/entity/397920054,Person injured while boarding or alighting from special agricultural vehicle,,,,[]
Special vehicle,http://id.who.int/icd/entity/311555997,Special all-terrain vehicle as counterpart in land transport crash,"A vehicle designed primarily for off-road use with capability to traverse a wide range of types of terrain by means of wheels, tracks, support on a cushion of air or other form of support/traction.",,,[]
Special vehicle,http://id.who.int/icd/entity/1649731250,Special vehicle mainly used in agriculture as mode of transport of person injured in transport related event,"A motor vehicle designed specifically for use in farming and agriculture (horticulture), for example to work the land, tend and harvest crops and transport materials on the farm.",,,[]
Special vehicle,http://id.who.int/icd/entity/419014753,Special vehicle mainly used in agriculture as counterpart in land transport crash,"A motor vehicle designed specifically for use in farming and agriculture (horticulture), for example to work the land, tend and harvest crops and transport materials on the farm.",,,[]
Special vehicle,http://id.who.int/icd/entity/723879647,Unintentional land transport nontraffic event injuring a user of a special construction vehicle,,,,[]
Special vehicle,http://id.who.int/icd/entity/1838051789,Assault by land transport traffic event injuring occupant of special construction vehicle,,,,[]
Special vehicle,http://id.who.int/icd/entity/648672667,Unintentional land transport nontraffic event injuring a user of a special vehicle mainly used in agriculture,,,,[]
Special vehicle,http://id.who.int/icd/entity/1475436790,Special vehicle mainly used on industrial premises as counterpart in land transport crash,A motor vehicle designed primarily for use within the buildings and premises of industrial or commercial establishments.,,,[]
Special vehicle,http://id.who.int/icd/entity/1682209990,Land transport traffic injury event of undetermined intent injuring a user of a special construction vehicle,,,,[]
Special vehicle,http://id.who.int/icd/entity/1843870705,Land transport nontraffic injury event of undetermined intent injuring a user of a special construction vehicle,,,,[]
Special vehicle,http://id.who.int/icd/entity/94693671,Unintentional land transport event unknown whether traffic or nontraffic injuring an occupant of a special construction vehicle,,,,[]
Special vehicle,http://id.who.int/icd/entity/449621115,Unintentional land transport traffic event injuring a user of an all-terrain vehicle,,"occupant of special all-terrain or other motor vehicle designed primarily for off-road use, injured in transport accident",,[]
Special vehicle,http://id.who.int/icd/entity/1288425662,Unintentional land transport nontraffic event injuring a user of a special vehicle mainly used on industrial premises,,,,[]
Special vehicle,http://id.who.int/icd/entity/24783331,Land transport traffic injury event of undetermined intent injuring a user of a special vehicle mainly used in agriculture,,,,[]
Railway,http://id.who.int/icd/entity/627674579,Unintentional railway transport injury event,,train accident; train crash; Railway accident NOS,,[]
Railway,http://id.who.int/icd/entity/1113541981,Occupant of railway train or railway vehicle injured in collision with other object,,Railway collision NOS,,[]
Railway,http://id.who.int/icd/entity/1109870961,Pedestrian injured in collision with railway train or railway vehicle,,,,[]
Railway,http://id.who.int/icd/entity/1221115924,Railway transport injury event of undetermined intent,,,,[]
Railway,http://id.who.int/icd/entity/555531715,Exposure to railway transport injury event,,,,[]
Railway,http://id.who.int/icd/entity/1763852271,Occupant of railway train or railway vehicle injured in transport accident,,,,[]
Railway,http://id.who.int/icd/entity/1251979944,Intentional self-harm by railway transport injury event,,,,[]
Railway,http://id.who.int/icd/entity/968659116,Car occupant injured in collision with railway train or railway vehicle,,,,[]
Railway,http://id.who.int/icd/entity/1041020799,Bus occupant injured in collision with railway train or railway vehicle,,,,[]
Railway,http://id.who.int/icd/entity/978055709,Railway vehicle as mode of transport of person injured in transport related event,"A vehicle, or a coupled set of vehicles (a train), designed for traffic on a railway.","Mode of transport, Rail vehicle",,[]
Railway,http://id.who.int/icd/entity/788642162,Railway vehicle as counterpart in land transport crash,"A vehicle, or a coupled set of vehicles (a train), designed for traffic on a railway.",,,[]
Railway,http://id.who.int/icd/entity/1504896322,Assault by railway transport injury event,,,,[]
Railway,http://id.who.int/icd/entity/367133032,Pedal cyclist injured in collision with railway train or railway vehicle,,,,[]
Railway,http://id.who.int/icd/entity/838309904,Railway train as mode of transport of person injured in transport related event,,,,[]
Railway,http://id.who.int/icd/entity/1228299776,Railway train as counterpart in land transport crash,,,,[]
Railway,http://id.who.int/icd/entity/1774845798,Occupant of heavy transport vehicle injured in collision with railway train or railway vehicle,,,,[]
Railway,http://id.who.int/icd/entity/376039232,"Pedestrian injured in collision with railway train or railway vehicle, traffic accident",,pedestrian struck by train,,[]
Railway,http://id.who.int/icd/entity/307373757,Motorcycle rider injured in collision with railway train or railway vehicle,,,,[]
Railway,http://id.who.int/icd/entity/1931618986,"Pedestrian injured in collision with railway train or railway vehicle, nontraffic accident",,,,[]
Railway,http://id.who.int/icd/entity/1435574385,Unintentional railway transport injury event with collision or derailment,,,,[]
Railway,http://id.who.int/icd/entity/1425675101,Occupant of railway train or railway vehicle injured by fall in railway train or railway vehicle,,fall in train; fall on train,,[]
Railway,http://id.who.int/icd/entity/1476167509,"Occupant of railway vehicle injured in transport event, assault",,,,[]
Railway,http://id.who.int/icd/entity/1404686390,Occupant of railway train or railway vehicle injured in collision with motor vehicle in traffic accident,,,,[]
Railway,http://id.who.int/icd/entity/921836964,Occupant of railway train or railway vehicle injured in collision with motor vehicle in nontraffic accident,,,,[]
Railway,http://id.who.int/icd/entity/542589858,Occupant of railway train or railway vehicle injured by fall from railway train or railway vehicle,,fall from train,,[]
Railway,http://id.who.int/icd/entity/709884928,Unintentional railway transport injury event without collision or derailment,,,,[]
Railway,http://id.who.int/icd/entity/1167552166,Occupant of three-wheeled motor vehicle injured in collision with railway train or railway vehicle,,,,[]
Railway,http://id.who.int/icd/entity/1741161417,Railway transport injury event of undetermined intent with collision or derailment,,,,[]
Railway,http://id.who.int/icd/entity/1485237550,Car occupant injured in collision with railway train or railway vehicle : unspecified car occupant injured in traffic accident,,,,[]
Railway,http://id.who.int/icd/entity/1755875455,Bus occupant injured in collision with railway train or railway vehicle : unspecified bus occupant injured in traffic accident,,,,[]
Railway,http://id.who.int/icd/entity/1206384273,Car occupant injured in collision with railway train or railway vehicle : unspecified car occupant injured in nontraffic accident,,,,[]
Railway,http://id.who.int/icd/entity/2009699266,Bus occupant injured in collision with railway train or railway vehicle : unspecified bus occupant injured in nontraffic accident,,,,[]
Railway,http://id.who.int/icd/entity/833740489,Person injured while boarding or alighting from railway train or railway vehicle,,,,[]
Railway,http://id.who.int/icd/entity/150225625,"Pedal cyclist injured in collision with railway train or railway vehicle, unspecified pedal cyclist injured in traffic accident",,,,[]
Railway,http://id.who.int/icd/entity/1927189746,"Pedal cyclist injured in collision with railway train or railway vehicle, unspecified pedal cyclist injured in nontraffic accident",,,,[]
Railway,http://id.who.int/icd/entity/936956022,Railway transport injury event of undetermined intent without collision or derailment,,,,[]
Railway,http://id.who.int/icd/entity/2024975184,Occupant of heavy transport vehicle injured in collision with railway train or railway vehicle : unspecified occupant of heavy transport vehicle injured in traffic accident,,,,[]
Railway,http://id.who.int/icd/entity/1741926643,Occupant of heavy transport vehicle injured in collision with railway train or railway vehicle : unspecified occupant of heavy transport vehicle injured in nontraffic accident,,,,[]
Railway,http://id.who.int/icd/entity/1908407660,Occupant of railway train or railway vehicle injured by explosion or fire,,,,[]
Railway,http://id.who.int/icd/entity/953821068,"Motorcycle rider injured in collision with railway train or railway vehicle, unspecified motorcycle rider injured in traffic accident",,,,[]
Railway,http://id.who.int/icd/entity/1123086755,"Motorcycle rider injured in collision with railway train or railway vehicle, unspecified motorcycle rider injured in nontraffic accident",,,,[]
Railway,http://id.who.int/icd/entity/1159499320,Occupant of railway train or railway vehicle injured in derailment without antecedent collision,,,,[]
Railway,http://id.who.int/icd/entity/636483696,Car occupant injured in collision with railway train or railway vehicle : passenger injured in traffic accident,,,,[]
Railway,http://id.who.int/icd/entity/365010237,Bus occupant injured in collision with railway train or railway vehicle : passenger injured in traffic accident,,,,[]
Railway,http://id.who.int/icd/entity/1442933756,Car occupant injured in collision with railway train or railway vehicle : passenger injured in nontraffic accident,,,,[]
Railway,http://id.who.int/icd/entity/1714359977,Bus occupant injured in collision with railway train or railway vehicle : passenger injured in nontraffic accident,,,,[]
Railway,http://id.who.int/icd/entity/1363323025,Car occupant injured in collision with railway train or railway vehicle : driver injured in traffic accident,,,,[]
Railway,http://id.who.int/icd/entity/1634520516,Bus occupant injured in collision with railway train or railway vehicle : driver injured in traffic accident,,,,[]
Railway,http://id.who.int/icd/entity/860530286,Car occupant injured in collision with railway train or railway vehicle : driver injured in nontraffic accident,,,,[]
Railway,http://id.who.int/icd/entity/56935229,Bus occupant injured in collision with railway train or railway vehicle : driver injured in nontraffic accident,,,,[]
Rocket,http://id.who.int/icd/entity/1190268572,Operations of war or armed conflict involving destruction of aircraft due to rocket propelled grenade [RPG],,,,[]
Spacecraft,http://id.who.int/icd/entity/1936176450,Spacecraft,,,,[]
Spacecraft,http://id.who.int/icd/entity/458566792,Spacecraft accident injuring occupant,,,,[]
Spacecraft,http://id.who.int/icd/entity/2003233412,Spacecraft as mode of transport of person injured in transport related event,"Device designed for transporting passengers or goods to, from and in places with very low atmospheric pressure.",,,[]
Spacecraft,http://id.who.int/icd/entity/398815501,"Unintentional air or space transport injury event with aircraft or spacecraft damaged, disabled or destroyed",,,,[]
Spacecraft,http://id.who.int/icd/entity/216927879,"Unintentional air or space transport injury event with aircraft or spacecraft not damaged, disabled or destroyed",,,,[]
Spacecraft,http://id.who.int/icd/entity/1669374043,"Air or space transport injury event of undetermined intent with aircraft or spacecraft damaged, disabled or destroyed",,,,[]
Spacecraft,http://id.who.int/icd/entity/1939351585,"Intentional self-harm by air or space transport injury event with aircraft or spacecraft damaged, disabled or destroyed",,,,[]
Spacecraft,http://id.who.int/icd/entity/475954132,"Air or space transport injury event of undetermined intent with aircraft or spacecraft not damaged, disabled or destroyed",,,,[]
Spacecraft,http://id.who.int/icd/entity/206145883,"Assault by air or space transport injury event with aircraft or spacecraft damaged, disabled or destroyed",,,,[]
Spacecraft,http://id.who.int/icd/entity/596179872,"Intentional self-harm by air or space transport injury event with aircraft or spacecraft not damaged, disabled or destroyed",,,,[]
Spacecraft,http://id.who.int/icd/entity/1126845376,"Assault by air or space transport injury event with aircraft or spacecraft not damaged, disabled or destroyed",,,,[]
Ferry,http://id.who.int/icd/entity/1323021887,Ferry line,,,,[]
Ferry,http://id.who.int/icd/entity/1146691090,Other and unspecified water transport accidents involving ferry-boat,,,,[]
Ferry,http://id.who.int/icd/entity/1368954017,Ferry used for short trips across closed waters,,Ferry used for short trips across small lakes; Ferry used for short trips across minor rivers,,[]
Ferry,http://id.who.int/icd/entity/1127364297,"Unintentional water transport injury event with water vessel damaged, disabled or destroyed, causing other injury, ferry-boat",,,,[]
Ferry,http://id.who.int/icd/entity/1329242303,"Unintentional water transport injury event with water vessel not damaged, disabled or destroyed, causing other injury, ferry-boat",,,,[]
Ferry,http://id.who.int/icd/entity/1768603638,"Unintentional water transport injury event with water vessel damaged, disabled or destroyed, causing submersion or drowning, ferry-boat",,,,[]
Ferry,http://id.who.int/icd/entity/580482593,"Unintentional water transport injury event with water vessel not damaged, disabled or destroyed, causing submersion or drowning, ferry-boat",,,,[]
Water area,http://id.who.int/icd/entity/512291937,Large area of water,,,,[]
Water area,http://id.who.int/icd/entity/819477985,Area of still water,,,,[]
Air space,http://id.who.int/icd/entity/69852207,Unintentional air or space transport injury event,,Air and space transport accidents; Air transport accident NOS; Aircraft accident NOS; accidents to nonoccupants of aircraft,,[]
Air space,http://id.who.int/icd/entity/1213123504,Accidentally shut in other airtight space,,,,[]
Air space,http://id.who.int/icd/entity/1658265422,Air or space transport injury event of undetermined intent,,,,[]
Air space,http://id.who.int/icd/entity/608409651,Exposure to air or space transport injury event,,,,[]
Air space,http://id.who.int/icd/entity/215074196,Intentional self-harm by air or space transport injury event,,,,[]
Air space,http://id.who.int/icd/entity/1766700216,Assault by air or space transport injury event,,,,[]
Air space,http://id.who.int/icd/entity/398815501,"Unintentional air or space transport injury event with aircraft or spacecraft damaged, disabled or destroyed",,,,[]
Air space,http://id.who.int/icd/entity/216927879,"Unintentional air or space transport injury event with aircraft or spacecraft not damaged, disabled or destroyed",,,,[]
Air space,http://id.who.int/icd/entity/1669374043,"Air or space transport injury event of undetermined intent with aircraft or spacecraft damaged, disabled or destroyed",,,,[]
Air space,http://id.who.int/icd/entity/1939351585,"Intentional self-harm by air or space transport injury event with aircraft or spacecraft damaged, disabled or destroyed",,,,[]
Air space,http://id.who.int/icd/entity/475954132,"Air or space transport injury event of undetermined intent with aircraft or spacecraft not damaged, disabled or destroyed",,,,[]
Air space,http://id.who.int/icd/entity/206145883,"Assault by air or space transport injury event with aircraft or spacecraft damaged, disabled or destroyed",,,,[]
Air space,http://id.who.int/icd/entity/596179872,"Intentional self-harm by air or space transport injury event with aircraft or spacecraft not damaged, disabled or destroyed",,,,[]
Air space,http://id.who.int/icd/entity/1126845376,"Assault by air or space transport injury event with aircraft or spacecraft not damaged, disabled or destroyed",,,,[]
Space,http://id.who.int/icd/entity/1341571943,Orientation to space,Mental functions that produce awareness of one's body in relationship to the immediate physical space.,Functions involved in orientation to space,,[]
Space,http://id.who.int/icd/entity/51427988,Epidural space,,,,[]
Space,http://id.who.int/icd/entity/1059756073,Popliteal fossa,,"Popliteal space, NOS",,[]
Space,http://id.who.int/icd/entity/1971155025,Lumbar discs or space,,,,[]
Space,http://id.who.int/icd/entity/1482290368,Maintaining social space,"Being aware of and maintaining a distance between oneself and others that is contextually, socially and culturally appropriate.",,,[]
Space,http://id.who.int/icd/entity/709780428,Inadequate housing,,lack of adequate housing; problem with inadequate housing; restriction of housing space; unsatisfactory surroundings; technical defects in home preventing adequate care,,[]
Space,http://id.who.int/icd/entity/808756694,Thoracic discs or space,,,,[]
Space,http://id.who.int/icd/entity/597130628,Skin of popliteal space,,,,[]
Space,http://id.who.int/icd/entity/759198484,Intramedullary space,,,,[]
Space,http://id.who.int/icd/entity/237343916,Perineural space,,,,[]
Space,http://id.who.int/icd/entity/69852207,Unintentional air or space transport injury event,,Air and space transport accidents; Air transport accident NOS; Aircraft accident NOS; accidents to nonoccupants of aircraft,,[]
Space,http://id.who.int/icd/entity/2005792829,Persistent Postural-Perceptual Dizziness,"Persistent non-vertiginous dizziness, unsteadiness, or both lasting three months or more. Symptoms are present most days, often increasing throughout the day, but may wax and wane. Momentary flares may occur spontaneously or with sudden movement. Affected individuals feel worst when upright, exposed to moving or complex visual stimuli, and during active or passive head motion. These situations may not be equally provocative. Typically, the disorder follows occurrences of acute or episodic vestibular or balance-related problems. Symptoms may begin intermittently, and then consolidate. Gradual onset is uncommon.",Chronic subjective dizziness; Phobic postural vertigo; Visual vertigo; Space and motion discomfort,,[]
Space,http://id.who.int/icd/entity/514878466,Antecubital fossa,,"Antecubital space, NOS",,[]
Space,http://id.who.int/icd/entity/277341308,Subdural space,,,,[]
Space,http://id.who.int/icd/entity/873672147,Diastema of teeth,A space between teeth due to their irregular shape or position within the maxillary or mandibular alveolar ridge,abnormal spacing of tooth or teeth,,[]
Space,http://id.who.int/icd/entity/1031608412,Skin of antecubital space,,,,[]
Space,http://id.who.int/icd/entity/1761166931,Intervertebral disc or space,,,,[]
Space,http://id.who.int/icd/entity/793228530,Cervical discs or space,,,,[]
Space,http://id.who.int/icd/entity/296826005,Superficial injury of popliteal space,,,,[]
Space,http://id.who.int/icd/entity/1707710323,Organ or organ space surgical site infection,"A surgical site infection that involves any part of the body deeper than the fascial or muscle layers, that is opened or manipulated during the operative procedure.",,,[]
Space,http://id.who.int/icd/entity/1255262643,Parapharyngeal recess,,Parapharyngeal space,,[]
Space,http://id.who.int/icd/entity/1773415949,Retropharyngeal recess,,Retropharyngeal space,,[]
Space,http://id.who.int/icd/entity/710988614,Tonsillar fossa,,Mouth - tonsillar fossa; peritonsillar space,,[]
Space,http://id.who.int/icd/entity/752556622,Open space planning systems,"Administrative control and monitoring mechanisms, such as for the implementation of local, regional or national planning acts, design codes, heritage or conservation policies and environmental planning policy, that govern the planning, design, development and maintenance of open space, including rural, suburban and urban land, parks, conservation areas and wildlife reserves.",,,[]
Space,http://id.who.int/icd/entity/250672167,Abscess of lateral pharyngeal space,,lateral pharyngeal abscess,,[]
Space,http://id.who.int/icd/entity/1904765755,Intracranial space-occupying lesion,,intracranial mass lesion; intracranial lesion,,[]
Space,http://id.who.int/icd/entity/1419955558,Claustrophobia,,fear of confined spaces; fear of enclosed spaces,,[]
Space,http://id.who.int/icd/entity/1731473665,Interdigital web space of foot,,,,[]
Space,http://id.who.int/icd/entity/1065556593,Interdigital web space of hand,,,,[]
Space,http://id.who.int/icd/entity/435131151,Synovial cyst of popliteal space,This is a benign swelling of the semimembranous or more rarely some other synovial bursa found behind the knee joint.,popliteal cyst; synovial cyst of knee; Baker cyst; Baker cyst of knee; synovial Baker cyst,,[]
Space,http://id.who.int/icd/entity/1005813390,Open space planning services,"Services and programmes aimed at planning, creating and maintaining urban, suburban, rural, recreational, conservation and environmental space, meeting and commercial open spaces (plazas, open- air markets) and pedestrian and vehicular transportation routes for intended uses, including those who provide these services.",,,[]
Space,http://id.who.int/icd/entity/363050766,Open space planning policies,"Legislation, regulations and standards that govern the planning, design, development and maintenance of open space, including rural land, suburban land, urban land, parks, conservation areas and wildlife reserves, such as local, regional or national planning acts, design codes, heritage or conservation policies, and environmental planning policies.",,,[]
Space,http://id.who.int/icd/entity/1213123504,Accidentally shut in other airtight space,,,,[]
Space,http://id.who.int/icd/entity/420343916,Subarachnoid space,,,,[]
Space,http://id.who.int/icd/entity/1658265422,Air or space transport injury event of undetermined intent,,,,[]
Space,http://id.who.int/icd/entity/1582079041,First interdigital web space of foot,,,,[]
Space,http://id.who.int/icd/entity/1142038927,Fourth interdigital web space of foot,,Lateral interdigital web space of foot,,[]
Space,http://id.who.int/icd/entity/1976891156,First interdigital web space of hand,,,,[]
Space,http://id.who.int/icd/entity/1396327759,Third interdigital web space of foot,,,,[]
Space,http://id.who.int/icd/entity/1231353985,Second interdigital web space of foot,,,,[]
Space,http://id.who.int/icd/entity/1624226252,Third interdigital web space of hand,,,,[]
Space,http://id.who.int/icd/entity/438652349,Second interdigital web space of hand,,,,[]
Space,http://id.who.int/icd/entity/608409651,Exposure to air or space transport injury event,,,,[]
Space,http://id.who.int/icd/entity/730550011,Fear of open places,,fear of open spaces,,[]
Space,http://id.who.int/icd/entity/1417741020,Widened periodontal ligament space,Enlarged periodontal ligament due to trauma or malocclusion,,,[]
Space,http://id.who.int/icd/entity/976865041,Fourth interdigital web space of hand,,,,[]
Space,http://id.who.int/icd/entity/215074196,Intentional self-harm by air or space transport injury event,,,,[]
Space,http://id.who.int/icd/entity/1160683650,Abscess of parapharyngeal space,,parapharyngeal abscess,,[]
Space,http://id.who.int/icd/entity/150784811,Malignant neoplasm metastasis in epidural space,,,,[]
Space,http://id.who.int/icd/entity/1766700216,Assault by air or space transport injury event,,,,[]
Public building,http://id.who.int/icd/entity/1847296334,Non-cultural public building,,,,[]
Public building,http://id.who.int/icd/entity/1231726668,"Recreational area, cultural area, or public building",,,,[]
Public building,http://id.who.int/icd/entity/1379782912,"Design, construction and building products and technology of buildings for public use","Products and technology that constitute an individual's indoor and outdoor human-made environment that is planned, designed and constructed for public use, including those adapted or specially designed.",,,[]
Public building,http://id.who.int/icd/entity/999985799,Moving around within buildings other than home,"Walking and moving around within buildings other than one's residence, such as moving around other people's homes, other private buildings, community and public buildings and enclosed areas.",,,[]
Public building,http://id.who.int/icd/entity/593535840,"Design, construction and building products and technology for physical safety of persons in buildings for public use","Indoor and outdoor products and technology for public use to assure safety, such as guardrails for beds and emergency signals.",,,[]
Public building,http://id.who.int/icd/entity/437784096,"Design, construction and building products and technology for entering and exiting buildings for public use","Products and technology of entry and exit from the human-made environment that is planned, designed and constructed for public use, such as design, building and construction of entries and exits to buildings for public use (e.g. child care settings, schools, workplaces, shops and theatres), public buildings, portable and stationary ramps, power-assisted doors, lever door handles and level door thresholds.",,,[]
Public building,http://id.who.int/icd/entity/877184928,"Design, construction and building products and technology for way finding, path routing and designation of locations in buildings for public use","Indoor and outdoor products and technology in design, building and construction for public use to assist people to find their way inside and immediately outside buildings and locate the places they want to go to, such as signage, in Braille or writing, size of corridors, floor surfaces, accessible kiosks and other forms of directories.",,,[]
Public building,http://id.who.int/icd/entity/221276896,"Design, construction and building products and technology for gaining access to facilities inside buildings for public use","Products and technology of indoor facilities in design, building and construction for public use, such as washroom facilities, telephones, audio loops, lifts or elevators, escalators, thermostats (for temperature regulation) and dispersed accessible seating in auditoriums or stadiums.",,,[]
Cultural building,http://id.who.int/icd/entity/1847296334,Non-cultural public building,,,,[]
Cultural building,http://id.who.int/icd/entity/1231726668,"Recreational area, cultural area, or public building",,,,[]
Sport building,http://id.who.int/icd/entity/922452628,"Part of building or grounds, other specified sporting facility",,,,[]
Sport building,http://id.who.int/icd/entity/1309725634,"Type of sport or exercise activity, strength training or body building",,,,[]
General living,http://id.who.int/icd/entity/659594362,General products and technology for personal use in daily living,"Equipment, products and technologies used by people in daily activities, such as clothes, textiles, furniture, appliances, cleaning products and tools, not adapted or specially designed.",,,[]
Sport,http://id.who.int/icd/entity/465823194,Sports,"Engaging in competitive and informal or formally organized games or athletic events, performed alone or in a group, such as bowling, gymnastics or soccer.",Engaging in sports,,[]
Sport,http://id.who.int/icd/entity/1781097100,Power sports,,,,[]
Sport,http://id.who.int/icd/entity/1787555365,Boating sports,,,,[]
Sport,http://id.who.int/icd/entity/2097219148,Combative sports,,,,[]
Sport,http://id.who.int/icd/entity/151326098,Examination for participation in sport,,medical examination for participation in sport; sport medical examination,,[]
Sport,http://id.who.int/icd/entity/2107869925,Individual water sports,,,,[]
Sport,http://id.who.int/icd/entity/691848837,Other specified sports projectile,,,,[]
Sport,http://id.who.int/icd/entity/1641526172,Ball used in sport,,,,[]
Sport,http://id.who.int/icd/entity/564172108,Wheeled motor sports,,,,[]
Sport,http://id.who.int/icd/entity/1397870540,Racquet sports,,,,[]
Sport,http://id.who.int/icd/entity/416823308,Adventure sports,,,,[]
Sport,http://id.who.int/icd/entity/1888920795,Acrobatic sports,,,,[]
Sport,http://id.who.int/icd/entity/1582350237,Type of sport or exercise activity,,,,[]
Sport,http://id.who.int/icd/entity/166276439,Striking against or struck by sports equipment,,striking against or struck by sports equipment causing accidental injury; struck by sports equipment,,[]
Sport,http://id.who.int/icd/entity/1098630529,Net for sports or exercise,,,,[]
Sport,http://id.who.int/icd/entity/1060731218,Sports and athletics area,,,,[]
Sport,http://id.who.int/icd/entity/914944396,Wheeled non-motored sports,,,,[]
Sport,http://id.who.int/icd/entity/257085541,Team water sports,,,,[]
Sport,http://id.who.int/icd/entity/2004860327,Toy sports equipment,,,,[]
Sport,http://id.who.int/icd/entity/1148824332,Target or precision sports,,,,[]
Sport,http://id.who.int/icd/entity/1155213221,Ice or snow sports,,,,[]
Sport,http://id.who.int/icd/entity/1730679517,Phase of sport or exercise activity,,,,[]
Sport,http://id.who.int/icd/entity/553785829,Team ball sports,,,,[]
Sport,http://id.who.int/icd/entity/1743105655,About sports and other leisure,,,,[]
Sport,http://id.who.int/icd/entity/367859252,Multidiscipline sports,,,,[]
Sport,http://id.who.int/icd/entity/314906654,Routine general health check-up of sports teams,,medical examination of sports teams; medical examination of athletes; screening for chromosomal abnormalities in athletes,,[]
Sport,http://id.who.int/icd/entity/735858112,"Type of sport or exercise activity, fishing",,,,[]
Sport,http://id.who.int/icd/entity/1098038036,Outdoor sporting grounds,,,,[]
Sport,http://id.who.int/icd/entity/821249273,"Sports, recreation or leisure activity",,"sports or leisure activities whether undertaken for pleasure, fitness or adventure",,[]
Sport,http://id.who.int/icd/entity/571191390,Aspects of sports injury events,,,,[]
Sport,http://id.who.int/icd/entity/1282434979,"Type of sport or exercise activity, walking",,,,[]
Sport,http://id.who.int/icd/entity/1308980224,"type of sport/exercise activity, diving - unspecified",,,,[]
Sport,http://id.who.int/icd/entity/1542656025,"Type of sport or exercise activity, curling",,,,[]
Sport,http://id.who.int/icd/entity/1485654559,"Type of sport or exercise activity, boxing",,,,[]
Sport,http://id.who.int/icd/entity/258281519,"Type of sport or exercise activity, scootering",,,,[]
Sport,http://id.who.int/icd/entity/2013926996,Indoor sporting hall,,,,[]
Sport,http://id.who.int/icd/entity/1269620108,"Type of sport or exercise activity, mountaineering",,,,[]
Sport,http://id.who.int/icd/entity/1642088291,"Type of sport or exercise activity, canoeing",,,,[]
Sport,http://id.who.int/icd/entity/1487871708,Hand-held sports equipment,,,,[]
Sport,http://id.who.int/icd/entity/1888981680,Sports mat for playing sports or exercise,,,,[]
Sport,http://id.who.int/icd/entity/1381305252,"Type of sport or exercise activity, marching",,,,[]
Sport,http://id.who.int/icd/entity/233733394,"Ball, general, other than sport specific",,,,[]
Sport,http://id.who.int/icd/entity/1798153956,"Type of sport or exercise activity, dancing",,,,[]
Sport,http://id.who.int/icd/entity/1044352613,"Type of sport or exercise activity, tennis",,,,[]
Sport,http://id.who.int/icd/entity/623479488,"Type of sport or exercise activity, snowmobiling",,,,[]
Sport,http://id.who.int/icd/entity/1879078429,Personal countermeasures in sport or exercise,,,,[]
Sport,http://id.who.int/icd/entity/512696487,"Type of sport or exercise activity, water tubing",,,,[]
Sport,http://id.who.int/icd/entity/1336225503,"Type of sport or exercise activity, fencing",,,,[]
Sport,http://id.who.int/icd/entity/116579896,"Type of sport or exercise activity, darts",,,,[]
Sport,http://id.who.int/icd/entity/1288623333,"Type of sport or exercise activity, squash",,,,[]
Wellness,http://id.who.int/icd/entity/1860796142,Eosinophilic cellulitis,"Eosinophilic cellulitis (Wells syndrome) is characterised by a distinctive clinical picture resembling cellulitis, and a typical histology with tissue eosinophilia, oedema and ‘flame’ figures (clusters of eosinophils and histiocytes around a core of collagen and eosinophilic debris). It can affect either sex, usually in adult life. Any site may be involved, with single or multiple lesions, and recurrences are common. Initially, the lesions are itchy erythematous plaques with features resembling both urticaria and cellulitis but bullous and nodular forms have also been described. It may arise spontaneously but a number of drugs and infections have been implicated.",Wells' syndrome,,[]
Wellness,http://id.who.int/icd/entity/2023608436,Grade I,Well differentiated,"Differentiated, NOS; Well differentiated; Low grade; Grade 1",,[]
Wellness,http://id.who.int/icd/entity/810788589,Health supervision or care of other healthy infant or child,,child in care; healthy infant receiving care; well-baby care,,[]
Wellness,http://id.who.int/icd/entity/1983358487,Muckle-Wells syndrome,"Muckle-Wells syndrome (MWS) is an autoinflammatory syndrome characterised by chronic recurrent urticaria, periodic arthritis, sensorineural deafness, general signs of inflammation and secondary amyloidosis (AA type).",Urticaria - deafness - amyloidosis,,[]
Wellness,http://id.who.int/icd/entity/604338977,"Follicular adenocarcinoma, well differentiated",,"Follicular carcinoma, well differentiated",,[]
Wellness,http://id.who.int/icd/entity/367567172,Follicular carcinoma of thyroid gland,"A differentiated adenocarcinoma arising from the follicular cells of the thyroid gland. The nuclear features which characterise the thyroid gland papillary carcinoma are absent. Radiation exposure is a risk factor and it comprises approximately 10% to 15% of thyroid cancers. Clinically, it usually presents as a solitary mass in the thyroid gland. It is generally unifocal and thickly encapsulated and shows invasion of the capsule or the vessels. Diagnostic procedures include: thyroid ultrasound and fine needle biopsy.",follicular carcinoma of unspecified site; follicular thyroid carcinoma; moderately differentiated follicular carcinoma of thyroid gland; pure follicle carcinoma of thyroid gland; pure follicle follicular carcinoma of unspecified site; pure follicular carcinoma of thyroid gland; trabecular follicular carcinoma of thyroid gland; trabecular follicular carcinoma of unspecified site; well differentiated follicular carcinoma of unspecified site; well differentiated follicular carcinoma of thyroid gland,,[]
Wellness,http://id.who.int/icd/entity/1619607309,"Thymoma, type B3",,"Thymoma, epithelial; Well differentiated thymic carcinoma; Thymoma, atypical",,[]
Wellness,http://id.who.int/icd/entity/654289190,"Well differentiated lipomatous tumour, primary site",,Atypical liposarcoma,,[]
Wellness,http://id.who.int/icd/entity/453104436,Problem with behaviours related to psychological health or wellbeing,,,,[]
Wellness,http://id.who.int/icd/entity/1592782472,Well differentiated endocrine neoplasm of corpus uteri,,,,[]
Wellness,http://id.who.int/icd/entity/330008133,"Sertoli-Leydig cell tumour, well differentiated",,,,[]
Wellness,http://id.who.int/icd/entity/1427663737,Healthy person accompanying sick person,,well person accompanying sick person,,[]
Wellness,http://id.who.int/icd/entity/1835724484,Well differentiated tumor of uncertain malignant potential,,,,[]
Wellness,http://id.who.int/icd/entity/1579637011,Muckle Wells Syndrome with amyloidosis,,,,[]
Wellness,http://id.who.int/icd/entity/1509102037,"Neuroendocrine carcinoma, well-differentiated",,,,[]
Wellness,http://id.who.int/icd/entity/801757968,Well differentiated papillary mesothelioma,,Mesothelial papilloma,,[]
Wellness,http://id.who.int/icd/entity/2121929861,"Liposarcoma, well differentiated",,"Liposarcoma, differentiated; Lipoma-like liposarcoma; Liposarcoma, well differentiated, NOS",,[]
Wellness,http://id.who.int/icd/entity/1242903814,Follicular adenocarcinoma of thyroid gland,,follicular adenocarcinoma of unspecified site; moderately differentiated follicular adenocarcinoma of thyroid gland; moderately differentiated follicular adenocarcinoma of unspecified site; trabecular follicular adenocarcinoma of thyroid gland; trabecular follicular adenocarcinoma of unspecified site; well differentiated follicular adenocarcinoma of thyroid gland; well differentiated follicular adenocarcinoma of unspecified site,,[]
Wellness,http://id.who.int/icd/entity/1986226456,Muckle Wells Syndrome with neurosensorial hearing loss,,,,[]
Wellness,http://id.who.int/icd/entity/400683132,B-cell chronic lymphocytic leukaemia/small lymphocytic lymphoma,,"Chronic lymphatic leukaemia; Chronic lymphocytic leukaemia; Chronic lymphocytic leukaemia, B-cell type; Chronic lymphoid leukaemia; Malignant lymphoma, lymphocytic, NOS; Malignant lymphoma, lymphocytic, diffuse, NOS; Malignant lymphoma, small cell, NOS; Malignant lymphoma, small lymphocytic, NOS; Malignant lymphoma, lymphocytic, well differentiated, diffuse; Malignant lymphoma, small cell diffuse; Malignant lymphoma, small lymphocytic, diffuse",,[]
Wellness,http://id.who.int/icd/entity/728126881,"Follicular lymphoma, grade 3",,"Malignant lymphoma, large cell, follicular, NOS; Malignant lymphoma, noncleaved cell, follicular, NOS; Follicular lymphoma, grade 3A; Follicular lymphoma, grade 3B; Malignant lymphoma, centroblastic, follicular; Malignant lymphoma, histiocytic, nodular; Malignant lymphoma, large cell, noncleaved, follicular; Malignant lymphoma, large cleaved cell, follicular; Malignant lymphoma, lymphocytic, well differentiated, nodular",,[]
Wellness,http://id.who.int/icd/entity/1847093418,Other well-defined immunodeficiency syndromes due to defects in adaptive immunity,"This refers to other defects in the highly specialized, systemic cells and processes that eliminate or prevent pathogen growth.",,,[]
Wellness,http://id.who.int/icd/entity/2004515128,Well-differentiated thymic neuroendocrine carcinoma,,,,[]
Wellness,http://id.who.int/icd/entity/771870004,Atypical lipomatous tumour,,"Atypical lipoma; Liposarcoma, well differentiated, superficial",,[]
Wellness,http://id.who.int/icd/entity/163238540,"Body of water, man-made well, dug well for underground water",,,,[]
Wellness,http://id.who.int/icd/entity/1283757172,Other well-defined immunodeficiency syndromes due to defects in innate immunity,,,,[]
Wellness,http://id.who.int/icd/entity/438247237,Well differentiated papillary mesothelioma of pleura,,,,[]
Wellness,http://id.who.int/icd/entity/482030856,Well differentiated papillary mesothelioma of the pleura,,,,[]
Wellness,http://id.who.int/icd/entity/316501599,Intraosseous well differentiated osteosarcoma,,Intraosseous low grade osteosarcoma,,[]
Wellness,http://id.who.int/icd/entity/516478127,Keratoacanthoma,"Keratoacanthoma is a relatively common keratinocytic epidermal tumour which shows resemblances to squamous cell carcinoma of the skin, from which it may be difficult to distinguish either clinically or histopathologically. It is characterised by rapid growth over a few weeks to months, followed by spontaneous resolution over 4-6 months. Because it is not possible to predict its benign behaviour with complete certainty during its initial growth phase, the designation ""Well-differentiated squamous cell carcinoma (keratoacanthoma type)"" is also used.",KA - [keratoacanthoma]; Well-differentiated squamous cell carcinoma (keratoacanthoma type),,[]
Cultural,http://id.who.int/icd/entity/1652814217,Acculturation difficulty,Problems resulting from the inability to adjust to a different culture or environment.,acculturation problem; cultural shock; social migrant difficulty; migration; cultural deprivation; social transplantation,,[]
Cultural,http://id.who.int/icd/entity/582699162,Arts and culture,"Engaging in, or appreciating, fine arts or cultural events, such as going to the theatre, cinema, museum or art gallery, or acting in a play, reading, being read to, dancing, singing or playing a musical instrument for enjoyment.",Engaging in arts and culture,,[]
Cultural,http://id.who.int/icd/entity/646401219,Diagnosis confirmed by culture,,,,[]
Cultural,http://id.who.int/icd/entity/1541925958,Positive sputum culture,,,,[]
Cultural,http://id.who.int/icd/entity/5542181,Positive throat culture,,,,[]
Cultural,http://id.who.int/icd/entity/1847296334,Non-cultural public building,,,,[]
Cultural,http://id.who.int/icd/entity/462621464,Problems associated with social or cultural environment,,social environment problem,,[]
Cultural,http://id.who.int/icd/entity/1788816520,"Abnormal microbiological findings in specimens from other organs, systems and tissues",,"positive wound culture; Positive culture findings on specimen from other organs, systems and tissue",,[]
Cultural,http://id.who.int/icd/entity/87178261,Aetiological considerations associated with cultural factors,"This category should be assigned when, in the clinician’s judgment, cultural factors are important contributing factors to the Sexual Dysfunction or Sexual Pain Disorder. Cultural factors may influence expectations or provoke inhibitions about the experience of sexual pleasure or other aspects of sexual activity. Other examples include strong culturally shared beliefs about sexual expression, for example a belief that loss of semen can lead to weakness, disease or death.",,,[]
Cultural,http://id.who.int/icd/entity/2116727174,Positive culture from nose,,,,[]
Cultural,http://id.who.int/icd/entity/753355737,"Products and technology for culture, recreation and sport","Equipment, products and technology used for the conduct and enhancement of cultural, recreational and sporting activities, including those adapted or specially designed.",,,[]
Cultural,http://id.who.int/icd/entity/1231726668,"Recreational area, cultural area, or public building",,,,[]
Cultural,http://id.who.int/icd/entity/1689921314,Positive culture findings in cerebrospinal fluid,,,,[]
Cultural,http://id.who.int/icd/entity/251900705,Abnormal findings on microbiological examination of urine,,Positive culture findings in urine sample NEC,,[]
Cultural,http://id.who.int/icd/entity/347504813,"Tuberculosis of lung, confirmed by culture only","This is a common, and in many cases lethal, infectious disease of the lung caused by various strains of mycobacteria, usually Mycobacterium tuberculosis. This diagnosis is confirmed by culture only.",pulmonary tuberculosis confirmed by culture only,,[]
Cultural,http://id.who.int/icd/entity/49960777,"General products and technology for culture, recreation and sport","Equipment, products and technology used for the conduct and enhancement of cultural, recreational and sporting activities, not adapted or specially designed.",,,[]
Cultural,http://id.who.int/icd/entity/366097289,"Assistive products and technology for culture, recreation and sport","Adapted or specially designed equipment, products and technology used for the conduct and enhancement of cultural, recreational and sporting activities, such as modified mobility devices for sports, adaptations for musical and other artistic performance.",,,[]
Cultural,http://id.who.int/icd/entity/954415029,Abnormal microbiological findings in specimens from female genital organs,,Positive culture findings in specimens from female genital organs,,[]
Cultural,http://id.who.int/icd/entity/1453585404,"Proximal risk factors for intentional self-harm, Cultural issue",,,,[]
Cultural,http://id.who.int/icd/entity/605814582,Abnormal microbiological findings in specimens from male genital organs,,Positive culture findings in specimens from male genital organs,,[]
Cultural,http://id.who.int/icd/entity/962893707,Abnormal microbiological findings in specimens from respiratory organs and thorax,,Positive culture findings in specimens from respiratory organs and thorax,,[]
Cultural,http://id.who.int/icd/entity/1912425785,"Tuberculosis of lung, confirmed by sputum microscopy with or without culture","This is a common, and in many cases lethal, infectious disease of the lung caused by various strains of mycobacteria, usually Mycobacterium tuberculosis. This diagnosis is confirmed by sputum microscopy with or without culture.",pulmonary tuberculosis confirmed by sputum microscopy with or without culture,,[]
Cultural,http://id.who.int/icd/entity/2108738441,Positive culture findings in specimens from digestive organs and abdominal cavity,,,,[]
Cultural,http://id.who.int/icd/entity/986641523,Tuberculous fibrosis of lung confirmed by sputum microscopy with or without culture,,,,[]
Cultural,http://id.who.int/icd/entity/426795985,Migration and difficulty adjusting to a new culture,,,,[]
Cultural,http://id.who.int/icd/entity/69785147,Tuberculous pneumonia confirmed by sputum microscopy with or without culture,,,,[]
Cultural,http://id.who.int/icd/entity/1686445200,Tuberculous bronchiectasis confirmed by sputum microscopy with or without culture,,,,[]
Cultural,http://id.who.int/icd/entity/605888121,Tuberculous pneumothorax confirmed by sputum microscopy with or without culture,,,,[]
Cultural,http://id.who.int/icd/entity/874180796,"Context of assault, altercation about personally-held views regarding cultural issues",,,,[]
Medical,http://id.who.int/icd/entity/665123902,Drugs,"Any natural or human-made object or substance gathered, processed or manufactured for medicinal purposes, such as allopathic and naturopathic medication.",Medication,,[]
Medical,http://id.who.int/icd/entity/3669619,Medical air,,,,[]
Medical,http://id.who.int/icd/entity/1823404060,Medical gases,,,,[]
Medical,http://id.who.int/icd/entity/1644130310,Explanation of medication,,,,[]
Medical,http://id.who.int/icd/entity/1987210192,General adult medical examination,Encounter for periodic examination (annual) (physical) and any associated laboratory and radiologic examinations on adult.,"adult health checkup; check-up adult; general adult health examination; health check-up, adult NOS; adult medical examination; annual health examination; periodic adult medical examination; periodic adult physical examination; adult general health checkup",,[]
Medical,http://id.who.int/icd/entity/88691851,Personal history of medical treatment,,history of medical treatment,,[]
Medical,http://id.who.int/icd/entity/1736175834,Autonomic dysfunction due to medications,,,,[]
Medical,http://id.who.int/icd/entity/1577416036,Drug-induced myoclonus,"Sudden, involuntary twitching or jerking of a muscle or group of muscles due to drug use.",medicament-induced myoclonus,,[]
Medical,http://id.who.int/icd/entity/1304962002,Medical service area,,,,[]
Medical,http://id.who.int/icd/entity/1718110433,Occupational health examination,,occupational health check-up; occupational medical examination,,[]
Medical,http://id.who.int/icd/entity/151326098,Examination for participation in sport,,medical examination for participation in sport; sport medical examination,,[]
Medical,http://id.who.int/icd/entity/102709764,Drug-induced cytopenia,"Drug-induced cytopenia is a relatively common immune-mediated cytopenia and the target cells include erythrocytes, leukocytes, platelets and hematopoietic precursor cells in the marrow. The most frequent condition is the drug-induced immune thrombocytopenia and the most frequent implicated drugs are penicillin and structurally related drugs, quinine, quinidine, sulfonamide antibiotics, non-steroidal anti-inflammatory drugs and anticonvulsants.",medicament-induced cytopenia,,[]
Medical,http://id.who.int/icd/entity/798498591,Failed medical induction of labour,A condition characterised by a failed attempt to stimulate contractions pharmacologically before the spontaneous onset of labour. This condition may occur with or without ruptured membranes.,failed medical induction,,[]
Medical,http://id.who.int/icd/entity/1913292067,Drug-induced hypomelanosis,"Focal or generalised loss of epidermal pigment attributable to pharmacologically active topical or systemical agent. This may be intentional with topical use of hydroquinone or monobenzylether of hydroquinone used with the intention of reducing skin pigmentation temporarily or permanently respectively. It is a rare side effect of chloroquine and hydroxychloroquine and has been described with the tyrosine kinase inhibitor, imatinib.",medicament-induced hypomelanosis,,[]
Medical,http://id.who.int/icd/entity/939513521,Drug-induced oral conditions,,medicament-induced oral conditions,,[]
Medical,http://id.who.int/icd/entity/2084384481,Drug-induced bone dysplasia,,medicament-induced bone dysplasia,,[]
Medical,http://id.who.int/icd/entity/646684691,Detergent external medication,,Detergent local; Detergent medicinal,,[]
Medical,http://id.who.int/icd/entity/1377705785,Drug-induced anal ulceration,"Anal ulceration attributable to drug treatment, typically with the anti-anginal agent, nicorandil. It presents with anal pain.",medicament-induced anal ulceration,,[]
Medical,http://id.who.int/icd/entity/972928014,Encounter for adoption services,Encounter to provide pre or post-adoption services to assist prospective adoptive parents in making an informed decision prior to adoption or to address the medical history and current health of the child and provide parental guidance,adoption medical examination; general medical examination for adoption; pre adoption examination; examination for adoption,,[]
Medical,http://id.who.int/icd/entity/876980611,Adverse effect medical agent,,side effect; side effect of medical agent,,[]
Medical,http://id.who.int/icd/entity/123068585,Drug-induced Cushing syndrome,,Iatrogenic Cushing syndrome; iatrogenic syndrome of excess cortisol; drug-induced Cushing disease; iatrogenic Cushing disease; medicament-induced Cushing syndrome,,[]
Medical,http://id.who.int/icd/entity/1092603368,Surveillance of contraceptive drugs,,checking of medical contraception; maintenance of contraception; repeat prescription for contraceptive pill or other contraceptive drugs; routine examination for contraceptive maintenance,,[]
Medical,http://id.who.int/icd/entity/314906654,Routine general health check-up of sports teams,,medical examination of sports teams; medical examination of athletes; screening for chromosomal abnormalities in athletes,,[]
Medical,http://id.who.int/icd/entity/216291184,Secondary mood syndrome,"A syndrome characterised by the presence of prominent mood symptoms (i.e., depression, elevated mood, irritability) judged to be a direct pathophysiological consequence of a health condition not classified under mental and behavioural disorders, based on evidence from the history, physical examination, or laboratory findings. The symptoms are not accounted for by delirium or by another mental and behavioural disorder, and are not a psychologically mediated response to a severe medical condition (e.g., depressive symptoms in response to a life-threatening diagnosis). This category should be used in addition to the diagnosis for the presumed underlying disorder or disease when the mood symptoms are sufficiently severe to warrant specific clinical attention.",medical condition causing mood disorder; organic affective disorder; organic bipolar disorder,,[]
Medical,http://id.who.int/icd/entity/471047382,Drug-induced fibrinolytic disorder,,medicament-induced fibrinolytic disorder,,[]
Medical,http://id.who.int/icd/entity/2041404971,Drug-induced oesophageal ulcer,,medicament-induced oesophageal ulcer; ulcer of oesophagus due to ingestion of drugs or medicaments,,[]
Medical,http://id.who.int/icd/entity/510526519,Meningitis due to medication,"Inflammation of the meninges due to medications. The syndrome is clinically characterised by headache, neck stiffness, fever and photophobia. A history of medication use along with the exclusion of other causes of meningitis may aid the diagnosis. Spinal fluid analysis may reveal a lymphocytic pleocytosis and raised protein.",Meningitis secondary to medication,,[]
Medical,http://id.who.int/icd/entity/1419758407,Unavailability or inaccessibility of health care facilities,,unavailability of medical facilities,,[]
Medical,http://id.who.int/icd/entity/1486914773,Drug-induced gastric ulcer,"Medications such as NSAIDs can cause gastric ulcer. Other drugs that may increase the risk of ulceration include potassium chloride, concomitant use of steroids with NSAIDs, bisphosphonates, and mycophenolate mofetil.",medicament-induced gastric ulcer; Toxic gastric ulcer,,[]
Medical,http://id.who.int/icd/entity/489508344,Adverse cutaneous reactions to medication,"This group incorporates not only drug rashes but also other acute and chronic cutaneous and mucocutaneous effects of topical or systemic medicaments, whether conventional or ""alternative"".",,,[]
Medical,http://id.who.int/icd/entity/383104340,"Injury or harm arising from surgical or medical care, not elsewhere classified",,complication of medical procedure not elsewhere classified; Complication of surgery not elsewhere classified,,[]
Medical,http://id.who.int/icd/entity/1651874787,Drug-induced parkinsonism,Parkinsonism due to prescription medications.,other drug-induced secondary parkinsonism; medicament-induced parkinsonism; treatment-induced akathisia,,[]
Medical,http://id.who.int/icd/entity/1141982501,Drug-induced nail abnormalities,Abnormalities of nails or nail growth attributable to drugs.,medicament-induced nail abnormalities,,[]
Medical,http://id.who.int/icd/entity/266489621,Seizures due to medications,Seizure(s) occurring in close temporal association with a drug with epileptogenic potential taken for therapeutic purposes.,"Toxic syndrome with generalised seizures, drug related",,[]
Medical,http://id.who.int/icd/entity/1612144007,Examination for immigration,,medical examination for immigration,,[]
Medical,http://id.who.int/icd/entity/1074517803,Examination for naturalization,,medical examination for naturalization,,[]
Medical,http://id.who.int/icd/entity/1835280399,Drug-induced anastomotic ulcer,Drug-induced anastomotic ulcer is an ulcer at the anastomosis that is caused by drug ingestion. NSAID is considered as one of the risk factors for anastomotic ulcer.,medicament-induced anastomotic ulcer,,[]
Medical,http://id.who.int/icd/entity/1571720446,Drug-induced duodenal ulcer,"Medications such as NSAIDs can cause duodenal ulcer. Other drugs that may increase the risk of ulceration include potassium chloride, concomitant use of steroids with NSAIDs, bisphosphonates, and mycophenolate mofetil.",medicament-induced duodenal ulcer; Toxic duodenal ulcer,,[]
Medical,http://id.who.int/icd/entity/1433065969,Medical device component,"Terms/codes for describing the parts and components which were involved in, or affected by, the medical device adverse event/incident.",,,[]
Medical,http://id.who.int/icd/entity/436964371,Medical gas supply problem,"Problem associated with the facility-supplied medical gases such as medical air, oxygen, nitrous oxide, and nitrogen.",,,[]
Medical,http://id.who.int/icd/entity/1925323459,"Inappropriate stoppage or discontinuation of drug, as mode of injury or harm",,inappropriate interruption of drug; medication incorrectly stopped; medication error due to stopping administration of drug or substance incorrectly,,[]
Medical,http://id.who.int/icd/entity/300740103,Hypersomnia due to a medication or substance,"Hypersomnia due to a medication or substance is characterised by excessive nocturnal sleep, daytime sleepiness, or excessive napping that is attributable to the sedating effects of medications, alcohol, or other psychoactive substances, including withdrawal syndromes (e.g., from stimulants) and is sufficiently severe to constitute an independent focus of clinical attention.

Note: A definitive diagnosis requires use of polysomnography and multiple sleep latency test (MSLT) to rule out other hypersomnolence disorders or other sleep disorders (e.g. obstructive sleep apnea) which might better explain the sleepiness.",Hypersomnia due to substances including medications; Hypersomnolence due to substances including medications,,[]
Medical,http://id.who.int/icd/entity/417566971,Issue of medical certificate,,examination for issue of medical certificate; issue of medical certificate of invalidity; issue of medical certificate of incapacity; issue of medical certificate of fitness; examination for disability determination,,[]
Medical,http://id.who.int/icd/entity/1517114528,Induced abortion,"Induced abortion (also referred to as Artificial termination of pregnancy) is a complete expulsion or extraction from a woman of an embryo or a fetus (irrespective of the duration of the pregnancy), following a deliberate interruption of an ongoing pregnancy by medical or surgical means, which is not intended to result in a live birth. Induced abortions are distinct from cases of spontaneous abortion and stillbirth.",medical abortion; abortion induced for legal indications; abortion induced for medical indications; legal termination of pregnancy; legally induced abortion; legal abortion; Illegal abortion; Nonmedical induced abortion; therapeutic abortion; therapeutic termination of pregnancy; abortion induced for psychiatric indications; artificial termination of pregnancy; APLA - [abortus provocatus lege artis]; legal Interruption of pregnancy,,[]
Medical,http://id.who.int/icd/entity/1162198017,Mode of injury or harm associated with a surgical or other medical procedure,,complication during medical or surgical care; misadventure during medical or surgical care,,[]
Medical,http://id.who.int/icd/entity/1596497122,Drug-induced fever,,drug fever; medicament-induced fever,,[]
Medical,http://id.who.int/icd/entity/1334795038,Drug-induced nail hypertrophy,,medicament-induced nail hypertrophy,,[]
Medical,http://id.who.int/icd/entity/1563414839,Drug-induced nail pigmentation,,medicament-induced nail pigmentation,,[]
Medical,http://id.who.int/icd/entity/1806759593,Medical devices - various,,,,[]
Medical,http://id.who.int/icd/entity/750489718,Drug-induced thyroiditis,"Thyroiditis caused by prescription drugs such as amiodarone, lithium, interferons and cytokines.",drug thyroiditis; medicament-induced thyroiditis; iatrogenic thyroiditis,,[]
Working,http://id.who.int/icd/entity/408498832,Working memory,Mental functions that compare and process information retrieved from both short-term and long-term memory.,Functions involved in working of memory,,[]
Working,http://id.who.int/icd/entity/73014515,Work and employment,,,,[]
Working,http://id.who.int/icd/entity/1107435129,Unpaid work,,"volunteer work; unpaid internship; voluntary work; working solely for non-monetary benefits (e.g. for food, or possible employment in future)",,[]
Working,http://id.who.int/icd/entity/402200913,Difficulty or need for assistance with work activities,,need for assistance with work activities; difficulty with work activities,,[]
Working,http://id.who.int/icd/entity/2071638841,Paid work,,"working for income; working as owner or proprietor of business; paid engagement in sports, recreation or leisure activity",,[]
Working,http://id.who.int/icd/entity/1669952283,Problem associated with uncongenial work,,difficult conditions at work,,[]
Working,http://id.who.int/icd/entity/1394299422,Doing housework,"Managing a household by cleaning the house, washing clothes, using household appliances, storing food and disposing of garbage, such as by sweeping, mopping, washing counters, walls and other surfaces; collecting and disposing of household garbage; tidying rooms, closets and drawers; collecting, washing, drying, folding and ironing clothes; cleaning footwear; using brooms, brushes and vacuum cleaners; using washing machines, dryers and irons.",,,[]
Working,http://id.who.int/icd/entity/1667452226,Repetitive forceful work,,,,[]
Working,http://id.who.int/icd/entity/1965829403,Problem associated with stressful work schedule,,difficult work schedule; problem with work schedule,,[]
Working,http://id.who.int/icd/entity/1620689425,Apprenticeship (work preparation),"Engaging in programmes related to preparation for employment, such as performing the tasks required of an apprenticeship, internship, articling and in-service training.",Engaging in apprenticeship (work preparation),,[]
Working,http://id.who.int/icd/entity/1647137957,Elevated work platform,,,,[]
Working,http://id.who.int/icd/entity/773840633,"Desk, workbench",,,,[]
Working,http://id.who.int/icd/entity/1135343506,Doing housework [WHODAS],,,,[]
Working,http://id.who.int/icd/entity/1468452550,Travelling to or from paid work,,,,[]
Working,http://id.who.int/icd/entity/1513020610,Travelling to or from unpaid work,,,,[]
Working,http://id.who.int/icd/entity/2143871907,"Economic activity, health or social work",,,,[]
Working,http://id.who.int/icd/entity/113426063,Problem associated with relationships with people at work,,discord with boss or workmates,,[]
Working,http://id.who.int/icd/entity/1862165382,Travelling in the course of paid work,,,,[]
Working,http://id.who.int/icd/entity/1666609538,Travelling in the course of unpaid work,,,,[]
Working,http://id.who.int/icd/entity/846512626,Maintaining a job,"Performing job-related tasks to keep an occupation, trade, profession or other form of employment, and obtaining promotion and other advancements in employment.",,,[]
Working,http://id.who.int/icd/entity/1964795960,Allergic occupational asthma,,Asthma exacerbated by work,,[]
Working,http://id.who.int/icd/entity/1632022175,Fishhook used for work-related activity,,,,[]
Working,http://id.who.int/icd/entity/2096473334,Extended periods of work in a kneeling position,,,,[]
Working,http://id.who.int/icd/entity/1987576730,Extended periods of work in a squatting position,,,,[]
Working,http://id.who.int/icd/entity/819952132,Difficulties in daily work or school [WHODAS],"Because of your health condition, in the past 30 days, how much difficulty did you have in your day to day work/school?",,,[]
Working,http://id.who.int/icd/entity/1087886525,Skin manifestations of work-related poisoning,Skin manifestations of systemic exposure to toxic substances and poisons at work. Examples include arsenic and heavy metals.,,,[]
Working,http://id.who.int/icd/entity/1932249380,Difficulty or needs for assistance with work and economic life,,,,[]
Working,http://id.who.int/icd/entity/531421303,"Proximal risk factors for intentional self-harm, Work-related",,,,[]
Working,http://id.who.int/icd/entity/1567238085,Examination or observation following work accident,,,,[]
Working,http://id.who.int/icd/entity/711771759,Non-melanin pigmentation due to substance encountered at work,"Pigmentation of the skin from exposure to chemicals such as picric acid, dinitrophenol and chemical dyes.",,,[]
Working,http://id.who.int/icd/entity/100430224,Dermatoses arising through work or occupation,,,,[]
Working,http://id.who.int/icd/entity/1703971915,Doing most important work or school task [WHODAS],"Because of your health condition, in the past 30 days, how much difficulty did you have in doing your most important work/school tasks well?",,,[]
Working,http://id.who.int/icd/entity/801119953,"Type of sport or exercise activity, mustering or stock work",,,,[]
Working,http://id.who.int/icd/entity/1514880985,"Tool, machine, apparatus mainly used for work-related activity",,,,[]
Working,http://id.who.int/icd/entity/330500290,Getting all needed housework done [WHODAS],"Because of your health condition, in the past 30 days, how much difficulty did you have in getting all the household work done that you need to do?",,,[]
Working,http://id.who.int/icd/entity/1906066673,Getting all needed work or school work done [WHODAS],"Because of your health condition, in the past 30 days, how much difficulty did you have in getting all the work done that you need to do?",,,[]
Working,http://id.who.int/icd/entity/941746769,Examination or observation following accident other than work or transport,,,,[]
Working,http://id.who.int/icd/entity/1190985359,Getting household work done quickly [WHODAS],"Because of your health condition, in the past 30 days, how much difficulty did you have in getting your household work done as quickly as needed?",,,[]
Working,http://id.who.int/icd/entity/467103274,Rat or mouse trap used for work-related activity,,,,[]
Working,http://id.who.int/icd/entity/1903803489,Getting remunerative work or school work done quickly [WHODAS],"Because of your health condition, in the past 30 days, how much difficulty did you have in getting your work done as quickly as needed?",,,[]
Working,http://id.who.int/icd/entity/756278911,"Circadian rhythm sleep-wake disorder, shift work type","Circadian rhythm sleep-wake disorder, shift work type is characterised by complaints of insomnia and/or excessive sleepiness that occur as a result of work shifts that overlap with all or a portion of conventional nighttime sleep periods. The disorder is also associated with a reduction in total sleep time. The symptoms should have persisted for at least several months and result in significant distress or mental, physical, social, occupational or academic impairment.",,,[]
Working,http://id.who.int/icd/entity/846169667,Undetermined cerebral ischaemic stroke due to incomplete aetiologic work-up,This is a sudden loss of brain function due to a lack of adequate blood flow. It is of an uncertain nature because of a lack of diagnostic testing.,,,[]
Working,http://id.who.int/icd/entity/440917684,Irritant contact dermatitis due to wet work,"Irritant contact dermatitis caused by prolonged or repetitive wet work. It usually affects predominantly the skin of the hands and wrists but may affect other sites if clothing is repeatedly drenched. Although water and sweat alone (especially from under occlusive protection gloves) may be responsible, the risk is increased by exposure to defatting agents and irritants including soaps, detergents and cooling fluids. It is seen commonly in those looking after dependent relatives, especially young mothers. Professions or occupational sectors where there are substantial risks include health care, hairdressing, cleaning, catering and food-processing.",Irritant contact eczema due to wet work; irritant contact dermatitis due to detergents,,[]
Working,http://id.who.int/icd/entity/1614716959,Cerebral ischaemic stroke of unknown cause,"This is a sudden loss of brain function due to a lack of adequate blood flow. It is of an uncertain nature, and approximately 30% of examined events fall into this category.","cryptogenic stroke; occlusion and stenosis of cerebral and precerebral arteries, resulting in cerebral infarction; cerebral infarct; cerebral infarction NOS; cerebrovascular ischaemic stroke; ischaemic apoplexia; ischaemic cerebrovascular accident; ischaemic stroke NOS; cerebral ischaemic stroke due to cryptogenic mechanism despite aetiologic work-up; ischaemic CVA - [cerebrovascular accident]",,[]
Working,http://id.who.int/icd/entity/1968218525,"Pick-up truck, goods or work van, ambulance, motor home as mode of transport of person injured in transport related event",,,,[]
Working,http://id.who.int/icd/entity/227633037,"Pick-up truck, goods or work van, ambulance or motor home as counterpart in land transport crash",,,,[]
Storage,http://id.who.int/icd/entity/396058882,Disorders of iron metabolism,This refers to any disorders of the set of chemical reactions maintaining human homeostasis of iron. The control of this necessary but potentially toxic substance is an important part of many aspects of human health and disease.,iron storage disease; iron storage disorder,,[]
Storage,http://id.who.int/icd/entity/1187107383,Glycogen storage disease,"The term Glycogen storage disease characterises a group of heterogeneous diseases resulting from defects in the process of glycogen synthesis or breakdown within muscles, liver, and other cell types.",Glycogenosis; GSD - [Glycogen storage disease]; glycogen thesaurismosis; diffuse glycogenosis; generalised glycogen storage disease; generalised glycogenosis; generalised glycogen storage disease of infants; glycogen synthase deficiency,,[]
Storage,http://id.who.int/icd/entity/603501588,"Lipid storage disease, not elsewhere classified",,lipid storage disorder,,[]
Storage,http://id.who.int/icd/entity/468161208,Wilson disease,"Wilson disease is an autosomal recessive disorder of copper metabolism characterised by the toxic accumulation of copper, mainly in the liver and central nervous system that may present as hepatic, neurologic or psychiatric forms.",Copper retention; Copper storage disease; Hepatocerebral degeneration; Kinnier-Wilson disease; Neurohepatic degeneration; Progressive hepatolenticular degeneration; lenticular degenerative disease; Wilson's syndrome; lenticular syndrome; Westphal-Strumpell Syndrome,,[]
Storage,http://id.who.int/icd/entity/656131403,Lysosomal diseases,,Lysosomal storage disorders,,[]
Storage,http://id.who.int/icd/entity/733715856,Cystinosis,"Cystinosis is a metabolic disease characterised by an accumulation of cystine inside the lysosomes of different tissues due to a defect in cystine transport out of lysosomes. There are three clinical forms : infantile, juvenile and ocular. The infantile form is severe, multisystem disease, with impaired proximal tubular reabsorptive capacity, with severe fluid-electrolyte balance alterations, cystine deposits in various organs and progression towards renal failure after 6 years of age. Juvenile cystinosis appear around 8 years of age and has an intermediate clinical picture with end-stage renal disease occurring after the age of 15.The ocular, adult form presents with photophobia.",Protein defect of cystine transport; Cystine storage disease; Cystine diathesis,,[]
Storage,http://id.who.int/icd/entity/1366602484,Sulfuric acid,,storage battery acid; battery fluid; battery acid; sulphuric acid,,[]
Storage,http://id.who.int/icd/entity/1376997268,Cutaneous reactions to food mites,"Reactions caused by mites which infest stored food products such as grains, flour, nuts and dried fruits. The eruptions provoked by such mites generally consist of multiple intensely pruritic papules or papulovesicles on exposed skin, particularly the head and neck.",Storage mite reaction,,[]
Storage,http://id.who.int/icd/entity/1556875179,Cerebrotendinous xanthomatosis,"Cerebrotendinous xanthomatosis is an anomaly of bile acid synthesis characterised by neonatal cholestasis, childhood-onset cataract, adolescent to young adult-onset tendon xanthomata, and brain xanthomata with adult-onset neurologic dysfunction.",Sterol 27-hydroxylase deficiency; Van Bogaert-Scherer-Epstein disease; Cholestanol storage disease; CTX - [Cerebrotendinous xanthomatosis],,[]
Storage,http://id.who.int/icd/entity/1303938042,Assimilation functions,Functions by which nutrients are converted into components of the living body.,,,[]
Storage,http://id.who.int/icd/entity/1586354843,Glycogen storage liver disease,,hepatomegalia glycogenica diffusa; liver glycogen disease; liver phosphorylase deficiency,,[]
Storage,http://id.who.int/icd/entity/1427054474,Glycogen storage disease due to acid maltase deficiency,"Glycogen storage disease type 2 (GSD II), or Pompe disease, is a lysosomal storage disease which particularly affects the skeletal and respiratory muscles with varying degrees of gravity and which, in the infantile form, is associated with hypertrophic cardiomyopathy. The infantile form of the disease starts before the age of 3 months with major hypotonia, sucking and swallowing difficulties, hypertrophic cardiomyopathy and progressive hepatomegaly. The adult form results in progressive limb-girdle myopathy beginning with the lower limbs, and affects the respiratory system. A large spectrum of intermediate forms exists between these two extremes.","Glycogen storage disease type 2; Glycogenosis type 2; GSD type 2; Acid maltase deficiency; Pompe disease; Acid alpha-1,4-glucosidase deficiency; alpha-glucosidase deficiency; deficiency of amyloglucosidase",,[]
Storage,http://id.who.int/icd/entity/523888904,Glycogen storage disease due to glucose-6-phosphate system deficiency,"Glycogenosis due to glucose-6-phosphatase (G6P) deficiency or glycogen storage disease, (GSD), type 1, is a group of inherited metabolic diseases, including types a and b (see these terms), and characterised by poor tolerance to fasting, growth retardation and hepatomegaly resulting from accumulation of glycogen and fat in the liver.",Glycogen storage disease type 1; Glycogenosis type 1; GSD type 1; Hepatorenal glycogenosis; Von Gierke disease; HERS - [hepatorenal glycogen storage disease]; glycogen storage disease of liver and kidney; hepatorenal glycogen storage disease,,[]
Storage,http://id.who.int/icd/entity/530430134,Glycogen storage disease due to glycogen debranching enzyme deficiency,"Glycogen debranching enzyme (GDE) deficiency, or glycogen storage disease type 3 (GSD 3), is a form of glycogen storage disease characterised by severe muscle weakness and hepatopathy. Children present with hepatomegaly, growth retardation and occasional seizures related to hypoglycaemia. Hepatomegaly may disappear with adulthood. Muscle weakness is slowly progressive. Other frequently associated signs include muscular hypotonia and hypertrophic cardiomyopathy. Symptoms often improve at puberty, except in the few cases where cirrhosis or myopathy appears.","Glycogen storage disease type 3; Glycogenosis type 3; GSD type 3; Amylo-1,6-glucosidase deficiency; Glycogen debranching deficiency; Cori-Forbes disease; Cori disease; Forbes disease; Forbes glycogen storage disease; debrancher deficiency glycogen storage disease; debrancher enzyme deficiency; deficiency of 6-alpha-d-glucosidase; amylo-1,6-glucosidase deficiency disorder",,[]
Storage,http://id.who.int/icd/entity/36127628,Glycogen storage disease due to branching-transferase deficiency,,"Andersen disease; brancher deficiency glycogen storage disease; branching enzyme deficiency; branching-transferase deficiency glycogenosis; deficiency of 1,4-alpha-glucan branching enzyme; deficiency of amylo-(1,4,6)-transglycosylase; Glycogen storage disease type 4; Glycogenosis type 4; GSD- [Glycogen storage disease] type 4",,[]
Storage,http://id.who.int/icd/entity/1934070304,Glycogen storage disease due to muscle glycogen phosphorylase deficiency,"Myophosphorylase deficiency (McArdle's disease), or glycogen storage disease type 5 (GSD5), is a severe form of glycogen storage disease characterised by exercise intolerance with myalgia, cramps, fatigue, and muscle weakness.",Glycogen storage disease type 5; Glycogenosis type 5; GSD type 5; Myophosphorylase deficiency; McArdle disease; myophosphorylase deficiency glycogenosis,,[]
Storage,http://id.who.int/icd/entity/1475438922,Cause traced to transport or storage,,,,[]
Storage,http://id.who.int/icd/entity/1055252392,Refsum disease,"Refsum disease, a very rare disease, biochemically characterised by phytanic acid accumulation, belongs to the group of leukodystrophic diseases. The first symptom is hemeralopia (loss of vision in the dark), followed by episodes of chronic distal motor polyneuropathy. Other associated signs include perceptive deafness, anosmia, cerebellous ataxia and sometimes, severe intellectual deficiency.",Hereditary motor and sensory neuropathy type 4; Phytanic acid oxidase deficiency; Phytanic acid storage disease; Heredoataxia hemeralopica polyneuritiformis; Refsum-Thiebaut disease; HMSN 4 - [Hereditary motor and sensory neuropathy type 4],,[]
Storage,http://id.who.int/icd/entity/1656693213,Glycogen storage disease due to liver glycogen phosphorylase deficiency,"Liver phosphorylase deficiency, or glycogen storage disease type 6b (Hers disease, GSD 6b) is a benign and rare form of glycogen storage disease characterised by hepatomegaly and growth delay, with hypoglycaemic episodes being mild or absent.",Glycogenosis due to liver phosphorylase deficiency; Glycogen storage disease type 6; Glycogenosis type 6; GSD type 6; Glycogen storage disease type 6B; Glycogenosis type 6B; GSD type 6B; Hers disease; deficiency of hepatophosphorylase,,[]
Storage,http://id.who.int/icd/entity/377675277,Glycogen storage disease due to glucose-6-phosphatase deficiency,"Glycogenosis due to glucose-6-phosphatase deficiency (G6P) type b, or glycogen storage disease (GSD) type 1b, is a type of glycogenosis due to G6P deficiency associating the clinical features of glycogenosis due to G6P deficiency type a to neutropaenia, and neutrophil dysfunction that are responsible for tendency towards infections, relapsing aphthous gingivostomatitis, and inflammatory bowel disease.",Glycogen storage disease type 1A; Glycogenosis type 1A; GSD type 1A; g6pd - [glucose-6-phosphate dehydrogenase deficiency]; glucose-6-phosphatase deficiency; deficiency of g-6pd,,[]
Storage,http://id.who.int/icd/entity/1020924235,Glycogen storage disease due to aldolase A deficiency,"Aldolase A deficiency is an enzyme deficiency that may lead to myopathy with exercise intolerance and rhabdomyolysis associated with haemolytic anaemia. Aldolase is a glycolytic enzyme involved in cleaving fructose 1,6 diphosphate into triose phosphates. Aldolase A isoform is predominant in muscle and red blood cells. The condition is transmitted as an autosomal recessive trait.",Glycogen storage disease type 12; Glycogenosis type 12; GSD type 12,,[]
Storage,http://id.who.int/icd/entity/1662745339,Glycogen storage disease due to glycogen synthase deficiency,,Glycogen storage disease type 0; Glycogenosis type 0; GSD type 0; deficiency of glycogen synthetase,,[]
Storage,http://id.who.int/icd/entity/20146192,Heart muscle disease in storage disease,"This refers to disease in the type of involuntary striated muscle found in the walls and histological foundation of the heart, in a large class of genetic diseases involving disorders of metabolism.",,,[]
Storage,http://id.who.int/icd/entity/357512951,Glycogen storage disease due to muscle phosphoglycerate mutase deficiency,"Muscle phosphoglycerate mutase deficiency (PGAMD) is a metabolic myopathy characterised by exercise-induced cramp, myoglobinuria, and presence of tubular aggregates in the muscle biopsy.",Glycogen storage disease type 10; Glycogenosis type 10; GSD type 10; Di Mauro disease,,[]
Storage,http://id.who.int/icd/entity/1985620430,Glycogen storage disease due to muscle phosphofructokinase deficiency,"Muscle phosphofructokinase (PFK) deficiency (Tarui's disease), or glycogen storage disease type 7 (GSD7), is a rare form of glycogen storage disease characterised by exertional fatigue and muscular exercise intolerance, with onset in childhood.",Glycogen storage disease type 7; Glycogenosis type 7; GSD type 7; Muscle phosphofructokinase deficiency; Tarui disease; anaemia due to phosphofructo-aldolase deficiency,,[]
Storage,http://id.who.int/icd/entity/564605304,Glycogen storage disease due to liver glycogen phosphorylase kinase deficiency,"Glycogen storage disease (GSD) due to liver phosphorylase kinase (PhK) deficiency is a benign inborn error of glycogen metabolism characterised by hepatomegaly, growth retardation, and mild delay in motor development during childhood. It is the most common presentation of glycogen storage disease due to PhK deficiency.",Hepatic phosphorylase kinase deficiency; Glycogen storage disease type 8; Glycogenosis type 8; GSD8 - [glycogen storage disease type 8]; Glycogen storage disease type 6A; Glycogen storage disease type 9A; Glycogen storage disease type 9C; Glycogenosis type 6A; Glycogenosis type 9A; Glycogenosis type 9C; GSD type 9C - [glycogen storage disease type 9C]; GSD6A - [glycogen storage disease type 6A]; GSD9A - [glycogen storage disease type 9A],,[]
Storage,http://id.who.int/icd/entity/426701963,Glycogen storage disease due to GLUT2 deficiency,"Fanconi-Bickel glycogenosis (FBG) is a rare glycogen storage disease characterised by hepatorenal glycogen accumulation, severe renal tubular dysfunction and impaired glucose and galactose metabolism. Onset occurs during the first few months of life with failure to thrive, polyuria and rickets related to proximal tubular losses. Growth retardation and hepatosplenomegaly resulting in a protruding abdomen are evident by early childhood. Puberty is delayed. generalised osteopenia leading to fractures during childhood, with osteoporosis later in life, has also been reported. Some patients also display an abnormal fat distribution. FBG is transmitted as an autosomal recessive trait and is caused by homozygous or compound heterozygous mutations in the SLC2A2 gene (3q26.2-q27)",Glycogen storage disease type 11; Glycogenosis type 11; GSD type 11; Fanconi-Bickel glycogenosis; Bickel-Fanconi disease; Facilitated glucose transporter protein type 2 deficiency; Fanconi-Bickel syndrome,,[]
Storage,http://id.who.int/icd/entity/621440298,Neutral lipid storage disease,Neutral lipid storage disease (NLSD) refers to a group of diseases characterised by a deficit in the degradation of cytoplasmic triglycerides and their accumulation in cytoplasmic lipid vacuoles in most tissues of the body. The group is heterogeneous: NLSD with ichthyosis (NLSDI/Dorfman-Chanarin disease) and NLSD with myopathy (NLSDM/neutral lipid storage myopathy) can be distinguished.,Lipidosis with triglyceride storage disease,,[]
Storage,http://id.who.int/icd/entity/2089330573,Glycogen storage disease due to liver or muscle glycogen phosphorylase kinase deficiency,Glycogen storage disease due to liver and muscle phosphorylase kinase (PhK) deficiency is a benign inborn error of glycogen metabolism. It is the mildest form of GSD due to PhK deficiency. Patients have marked hepatomegaly and mild muscular hypotonia. Hypoglycaemia may occur only after prolonged fasting. These symptoms improve with age and adults are generally asymptomatic.,Glycogen storage disease type 9B; Glycogenosis type 9B; GSD type 9B; Glycogen storage disease type 9; Glycogenosis type 9; GSD9 - [glycogen storage disease type 9],,[]
Storage,http://id.who.int/icd/entity/1600152465,Liver disease due to disorders of lysosomal storage,This is liver disease due to a group of approximately 50 rare inherited metabolic disorders that result from defects in lysosomal function.,,,[]
Storage,http://id.who.int/icd/entity/623301128,Glycogen storage disease due to glycogenin deficiency,"Glycogen storage disease type 15 is an extremely rare genetic glycogen storage disease reported in one patient to date. Clinical signs included muscle weakness, cardiac arrhythmia associated with accumulation of abnormal storage material in the heart and glycogen depletion in skeletal muscle.",Glycogen storage disease type 15; GSD type 15; Glocogenosis type 15,,[]
Storage,http://id.who.int/icd/entity/821809975,Glycogen storage disease due to muscle beta-enolase deficiency,Muscle beta-enolase deficiency is a glycolysis disorder reported in one patient to date and characterised clinically by exercise intolerance and myalgia due to severe enolase deficiency in muscle.,Glycogen storage disease type 13; Glycogenosis type 13; GSD type 13,,[]
Storage,http://id.who.int/icd/entity/614045107,Glycogen storage disease due to phosphoglucomutase deficiency,Glycogen storage disease type XIV (GSDXIV) is a rare metabolic disorder caused by a deficiency in phosphoglucomutase (PGM) enzymatic activity and characterised by recurrent cramps during exercise from the first years of life with .,Glycogen storage disease type 14; Glycogenosis type 14; GSD type 14,,[]
Storage,http://id.who.int/icd/entity/1338733466,Xanthoma in association with lipid storage diseases,Xanthomata presenting in association with rare genetic disorders including cerebrotendinous xanthomatosis and sitosterolaemia. Tendinous and tuberous xanthomata may be seen.,,,[]
Storage,http://id.who.int/icd/entity/1927530758,Glycogen storage disease due to liver glycogen synthase deficiency,"Hepatic glycogen synthase deficiency, or glycogen storage disease (GSD) type 0, is a genetically inherited anomaly of glycogen metabolism and a form of GSD characterised by fasting hypoglycaemia. This is not a glycogenosis, strictly speaking, as the enzyme deficiency decreases glycogen reserves. Patients present with morning fatigue and fasting hypoglycaemia (without hepatomegaly) associated with hyperketonemia but without hyperalaninemia or hyperlactacidemia. After meals, major hyperglycemia associated with lactate and alanine increase and hyperlipidemia is observed.",GSD type 0A; Glycogen storage disease type 0A; Glycogenosis type 0A,,[]
Storage,http://id.who.int/icd/entity/331119306,Glycogen storage disease due to LAMP-2 deficiency,"Glycogen storage disease due to LAMP-2 (Lysosomal-Associated Membrane Protein 2) deficiency is a lysosomal glycogen storage disease characterised by severe cardiomyopathy and variable degrees of muscle weakness, frequently associated with intellectual deficit.",Glycogen storage disease type 2B; Glycogenosis type 2B; GSD type 2B; Lysosomal glycogen storage disease with normal acid maltase activity,,[]
Storage,http://id.who.int/icd/entity/1944306590,Glycogen storage disease due to glucose-6-phosphate transport defect,"Glycogenosis due to glucose-6-phosphatase deficiency (G6P) type a, or glycogen storage disease (GSD) type 1a, is a type of glycogenosis due to G6P deficiency that may manifest at birth by enlarged liver or, more commonly, between the ages of three to four months by symptoms of fast-induced hypoglycaemia (tremors, seizures, cyanosis, and apnoea) as a result of disturbed glucose homeostasis .",Glycogen storage disease type 1B; Glycogenosis type 1B; GSD1B; Glycogen storage disease type non-1A; Glycogenosis type non-1A; Glycogen storage disease due to glucose-6-phosphate translocase deficiency,,[]
Storage,http://id.who.int/icd/entity/2114353788,Glycogen storage disease due to heart glycogen phosphorylase kinase deficiency,,Glycogen storage disease of heart; Cardiac glycogenosis; Glycogen storage disease type 9F; Glycogenosis type 9F; GSD9F; glycogen heart disease; glycogenic myocardial infiltration; glycogenic myocardium infiltration; cardiomegalia glycogenica diffusa,,[]
Storage,http://id.who.int/icd/entity/894336362,Cholesteryl ester storage disease,"Cholesteryl ester storage disease is the term used to group together deficiencies in lysosomal acid lipase associated with a less severe clinical phenotype than that seen in Wolman disease (see this term), with a continuous clinical spectrum between early-onset and severe forms and those that are quasi-asymptomatic, which may reflect variations in the levels of residual acid lipase activity in vivo.",CESD - [Cholesteryl ester storage disease],,[]
Storage,http://id.who.int/icd/entity/75432552,Storage of device problem identified,Problems that result from storing the device in an uncontrolled or improper environment (e.g. moisture sensitive devices stored in a humid environment).,,,[]
Storage,http://id.who.int/icd/entity/559452614,"Economic activity, transport, storage, or communications",,,,[]
Storage,http://id.who.int/icd/entity/1382669224,Retinal dystrophy in lipid storage disorders,,,,[]
Storage,http://id.who.int/icd/entity/1108770803,Glycogen storage disease due to muscle or heart glycogen synthase deficiency,"This syndrome is characterised by muscle and heart glycogen deficiency. It has been described in three siblings (two brothers and their younger sister). The older brother died at 10.5 years of age as a result of sudden cardiac arrest and the younger brother presented with hypertrophic cardiomyopathy, abnormal heart rate and blood pressure during exercise, and muscle fatigability. The sister showed no symptoms but a lack of glycogen was identified through muscle biopsy. The syndrome is caused by homozygous missense mutations in the gene encoding muscle glycogen synthase.",Glycogen storage disease type 0B; Glycogenosis type 0B; GSD type 0B; Cardiomyopathy-exercise intolerance due to muscle and heart glycogen deficiency,,[]
Storage,http://id.who.int/icd/entity/273845529,Glycogen storage disease due to muscle glycogen phosphorylase kinase deficiency,Glycogen storage disease due to muscle phosphorylase kinase (PhK) deficiency is a benign inborn error of glycogen metabolism characterised by exercise intolerance.,GSD9D - [glycogen storage disease type IXD]; Glycogen storage disease type 9D; Glycogen storage disease type 9E; Glycogenosis type 9D; Glycogenosis type 9E; GSD9E; muscle glycogen phosphorylase deficiency; glycogenosis type IXE,,[]
Storage,http://id.who.int/icd/entity/63352707,Sertoli cell tumour with lipid storage,,Folliculome lipidique; Tubular androblastoma with lipid storage; Lipid-rich Sertoli cell tumour,,[]
Storage,http://id.who.int/icd/entity/124402824,Food storage or related utensil or container,,,,[]
Storage,http://id.who.int/icd/entity/979972142,Glycoproteinosis,"These are lysosomal storage diseases affecting glycoproteins, resulting from defects in lysosomal function. The term is sometimes reserved for conditions involving degradation of glycoproteins.",Disorders of glycoprotein metabolism; Glycoprotein storage disorder,,[]
Storage,http://id.who.int/icd/entity/1817428569,Free sialic acid storage disease,"Free Sialic Acid Storage Disease (SSD) or Salla disease is a lysosomal storage disease with a variable clinical presentation, with severe forms (Infantile Sialic Acid Storage Disease) present in utero(with fetal hydrops and ascites) or at birth (with hypotonia, hepatosplenomegaly, ascites, coarse facies, bone malformations, severe motor disorders, intellectual deficit, and seizures). Individuals with the moderate form (initially described as Salla disease) present with hypotonia that may progress to include spasticity, ataxia, psychomotor retardation, and profound intellectual deficit.",Salla disease; Finnish type sialuria,,[]
Storage,http://id.who.int/icd/entity/1496243702,"Glycogen storage disease due to acid maltase deficiency, infantile onset",,"Glycogen storage disease type 2, infantile onset; Glycogenosis type 2, infantile onset; GSD2, infantile onset; Glycogen storage disease due to acid alpha-1,4-glucosidase deficiency, infantile onset; Infantile Pompe disease; lysosomal alpha-1,4-glucosidase deficiency (disorder)",,[]
Storage,http://id.who.int/icd/entity/690728790,Dorfman-Chanarin disease,"This refers to an autosomal recessive disorder characterised by accumulation of triglycerides in the cytoplasm of leukocytes, muscle, liver, fibroblasts, and other tissues.",Neutral lipid storage disease with ichthyosis; NLSDI - [Neutral lipid storage disease with ichthyosis],,[]
Collision,http://id.who.int/icd/entity/1113541981,Occupant of railway train or railway vehicle injured in collision with other object,,Railway collision NOS,,[]
Collision,http://id.who.int/icd/entity/79623775,Unintentional land transport injury event unknown whether road traffic or off-road nontraffic,,unintentional land transport injury event unknown whether on road or off-road; land transport accident NOS; motor vehicle accident NOS; MVA - [motor vehicle accident] NOS; MVC - [motor vehicle crash]; motor vehicle collision NOS; head on collision NOS; auti accident NOS,,[]
Collision,http://id.who.int/icd/entity/1710329660,Unintentional land transport road traffic injury event,,unintentional land transport injury event in road crash; unintentional land transport injury event on road; unintentional traffic accident; car accident NOS; road traffic accident NOS; automobile accident; two vehicle collision; motor vehicle mishap; RTA - [Road Traffic Accident],,[]
Collision,http://id.who.int/icd/entity/1341355053,Intentional self-harm by land transport injury event unknown whether traffic or nontraffic,,intentional collision with tram or streetcar; intentional collision with motor vehicle; intentional collision with train; intentional self-harm by crashing of motor vehicle,,[]
Collision,http://id.who.int/icd/entity/1463612101,Counterpart in land transport crash,"The vehicle[s] or other object[s], if any, with which the vehicle conveying the injured person collided in the event that resulted in the injury.",counterpart in collision,,[]
Collision,http://id.who.int/icd/entity/813225239,Car occupant injured in other and unspecified transport accidents,,"Car collision NOS, traffic",,[]
Collision,http://id.who.int/icd/entity/721114126,Unintentional land transport traffic event injuring an occupant of a bus or coach,,"Bus occupant injured in transport accident; Bus collision NOS, traffic; Bus accident NOS",,[]
Collision,http://id.who.int/icd/entity/2114216989,Unintentional land transport nontraffic event injuring a car occupant,,"Car collision NOS, nontraffic",,[]
Collision,http://id.who.int/icd/entity/1499360506,Unintentional land transport nontraffic event injuring an occupant of a bus or coach,,"Bus collision NOS, nontraffic; Bus accident NOS, nontraffic; Bus occupant injured in nontraffic accident NOS",,[]
Collision,http://id.who.int/icd/entity/472270037,Pedal cyclist injured in other and unspecified transport accidents,,"Pedal cycle collision NOS, traffic; Pedal cycle accident NOS; Bicycle accident NOS; Bicycle collision NOS, traffic; bicyclist injured in other and unspecified transport accident",,[]
Collision,http://id.who.int/icd/entity/285952672,Motorcycle rider injured in noncollision transport accident : unspecified motorcycle rider injured in nontraffic accident,,"Motorcycle collision NOS, nontraffic",,[]
Collision,http://id.who.int/icd/entity/1877903899,Unintentional land transport nontraffic event injuring a pedal cyclist,,"unintentional off-road crash injuring a pedal cyclist; Pedal cycle collision NOS, nontraffic; Pedal cycle accident NOS, nontraffic; Pedal cyclist injured in nontraffic accident NOS; Bicycle accident NOS, nontraffic; Bicyclist injured in nontraffic accident NOS",,[]
Collision,http://id.who.int/icd/entity/241500809,Unintended collision of device,Problem associated with the device impacting with another object.,,,[]
Collision,http://id.who.int/icd/entity/1164216858,Pedestrian injured in collision with pedal cycle,,,,[]
Collision,http://id.who.int/icd/entity/1573350953,Unintentional land transport traffic event injuring an occupant of a heavy goods vehicle,,"occupant of heavy transport vehicle injured in transport accident; Unintentional land transport traffic event injuring an occupant of a heavy transport vehicle; Collision NOS involving heavy transport vehicle, traffic; Accident NOS involving heavy transport vehicle",,[]
Collision,http://id.who.int/icd/entity/380853503,Unintentional land transport nontraffic event injuring an occupant of a heavy goods vehicle,,"Unintentional land transport nontraffic event injuring an occupant of a heavy transport vehicle; Collision NOS involving heavy transport vehicle, nontraffic; Accident NOS involving heavy transport vehicle, nontraffic; Occupant of heavy transport vehicle injured in nontraffic accident NOS",,[]
Collision,http://id.who.int/icd/entity/312590851,Pedal cyclist injured in collision with other pedal cycle,,,,[]
Collision,http://id.who.int/icd/entity/915020174,Pedestrian injured in collision with other nonmotor vehicle,,,,[]
Collision,http://id.who.int/icd/entity/1138290019,Occupant of streetcar injured in collision with other object,,,,[]
Collision,http://id.who.int/icd/entity/1056920513,Car occupant injured in collision with pedal cycle,,,,[]
Collision,http://id.who.int/icd/entity/961508372,Bus occupant injured in collision with pedal cycle,,,,[]
Collision,http://id.who.int/icd/entity/353494488,Motorcycle rider injured in collision with pedal cycle,,,,[]
Collision,http://id.who.int/icd/entity/1538563669,Car occupant injured in collision with pedestrian or animal,,,,[]
Collision,http://id.who.int/icd/entity/1543813506,Bus occupant injured in collision with pedestrian or animal,,,,[]
Collision,http://id.who.int/icd/entity/1632588183,Pedal cyclist injured in collision with other nonmotor vehicle,,bicyclist injured in collision with other nonmotor vehicle,,[]
Collision,http://id.who.int/icd/entity/1109870961,Pedestrian injured in collision with railway train or railway vehicle,,,,[]
Collision,http://id.who.int/icd/entity/2011828119,Pedal cyclist injured in collision with pedestrian or animal,,,,[]
Collision,http://id.who.int/icd/entity/1293008981,Car occupant injured in collision with other nonmotor vehicle,,,,[]
Collision,http://id.who.int/icd/entity/1252124544,Bus occupant injured in collision with other nonmotor vehicle,,,,[]
Collision,http://id.who.int/icd/entity/1280518937,Occupant of three-wheeled motor vehicle injured in other and unspecified transport accidents,,"Collision NOS involving three-wheeled motor vehicle, traffic; Accident NOS involving three-wheeled motor vehicle",,[]
Collision,http://id.who.int/icd/entity/1819339362,Unintentional land transport nontraffic event injuring an occupant of a low powered passenger vehicle,,"Occupant of three-wheeled motor vehicle injured in nontraffic accident NOS; Collision NOS involving three-wheeled motor vehicle, nontraffic; Accident NOS involving three-wheeled motor vehicle, nontraffic",,[]
Collision,http://id.who.int/icd/entity/1531411179,Bus occupant injured in collision with heavy transport vehicle or bus,,,,[]
Collision,http://id.who.int/icd/entity/209859316,Occupant of heavy transport vehicle injured in collision with heavy transport vehicle or bus,,,,[]
Collision,http://id.who.int/icd/entity/661423333,Pedestrian injured in collision with heavy transport vehicle or bus,,,,[]
Collision,http://id.who.int/icd/entity/748107330,"Pedestrian injured in collision with pedal cycle, traffic accident",,,,[]
Collision,http://id.who.int/icd/entity/1239219156,Pedestrian injured in collision with pedal cycle : nontraffic accident,,,,[]
Collision,http://id.who.int/icd/entity/310438553,"Sudden movement of vehicle, without collision, resulting in injury",,,,[]
Collision,http://id.who.int/icd/entity/535963141,Unintentional land transport traffic event injuring an occupant of a light goods vehicle,,"Unintentional land transport traffic event injuring an occupant of a pick-up truck or van; Collision NOS involving pick-up truck or van, traffic; Accident NOS involving pick-up truck or van",,[]
Collision,http://id.who.int/icd/entity/1234498892,Unintentional land transport nontraffic event injuring an occupant of a light goods vehicle,,"Unintentional land transport nontraffic event injuring an occupant of a pick-up truck or van; Collision NOS involving pick-up truck or van, nontraffic; Accident NOS involving pick-up truck or van, nontraffic; Occupant of pick-up truck or van injured in nontraffic accident NOS",,[]
Collision,http://id.who.int/icd/entity/67410947,Pedal cyclist injured in collision with fixed or stationary object,,bicyclist injured in collision with fixed or stationary object,,[]
Collision,http://id.who.int/icd/entity/1884956738,Motorcycle rider injured in collision with pedestrian or animal,,,,[]
Collision,http://id.who.int/icd/entity/968659116,Car occupant injured in collision with railway train or railway vehicle,,,,[]
Collision,http://id.who.int/icd/entity/1041020799,Bus occupant injured in collision with railway train or railway vehicle,,,,[]
Collision,http://id.who.int/icd/entity/493137817,Occupant of heavy transport vehicle injured in collision with other nonmotor vehicle,,,,[]
Collision,http://id.who.int/icd/entity/676990401,Car occupant injured in collision with fixed or stationary object,,,,[]
Collision,http://id.who.int/icd/entity/803875350,Bus occupant injured in collision with fixed or stationary object,,,,[]
Collision,http://id.who.int/icd/entity/839553959,"Pedal cyclist injured in collision with other pedal cycle, unspecified pedal cyclist injured in traffic accident",,,,[]
Collision,http://id.who.int/icd/entity/401491712,"Pedestrian injured in collision with other nonmotor vehicle, traffic accident",,,,[]
Collision,http://id.who.int/icd/entity/913964338,Occupant of three-wheeled motor vehicle injured in collision with two- or three-wheeled motor vehicle,,,,[]
Collision,http://id.who.int/icd/entity/1210074512,Pedal cyclist injured in collision with other pedal cycle : unspecified pedal cyclist injured in nontraffic accident,,,,[]
Fall,http://id.who.int/icd/entity/134290789,Unintentional fall,,fall NOS; accidental fall; fall causing injury that resulted in death; fell NOS; mechanical fall NOS; fall to floor; fell to floor; fall at home; fell at home; fall at residence; fall at nursing home; fall from unknown height,,[]
Fall,http://id.who.int/icd/entity/1093196899,Tendency to fall,,Tendency to fall because of old age or other unclear health problems; recurrent falls; repeated falls; falls NOS; multiple falls NOS,,[]
Fall,http://id.who.int/icd/entity/783139626,Complications of fall,,,,[]
Fall,http://id.who.int/icd/entity/1822613699,"Struck by thrown, projected or falling object",,falling object,,[]
Fall,http://id.who.int/icd/entity/1688850216,Sensation of falling,Sensation of losing one's grip and falling.,,,[]
Fall,http://id.who.int/icd/entity/1425675101,Occupant of railway train or railway vehicle injured by fall in railway train or railway vehicle,,fall in train; fall on train,,[]
Fall,http://id.who.int/icd/entity/1363622909,Fall in health care,,fall in hospital,,[]
Fall,http://id.who.int/icd/entity/996246205,Fall in bathtub,,,,[]
Fall,http://id.who.int/icd/entity/542589858,Occupant of railway train or railway vehicle injured by fall from railway train or railway vehicle,,fall from train,,[]
Fall,http://id.who.int/icd/entity/1045802307,Fall in shower,,,,[]
Fall,http://id.who.int/icd/entity/1817248893,Unintentional fall from tree,,fall from tree,,[]
Fall,http://id.who.int/icd/entity/173760338,Fall or jump with undetermined intent,,fall from height NOS,,[]
Fall,http://id.who.int/icd/entity/1511324284,Exposure to fall,,Exposure to unspecified fall,,[]
Fall,http://id.who.int/icd/entity/1847586521,Fall or jump of undetermined intent on the same level or from less than 1 metre,,same level fall; complications of ground level fall,,[]
Fall,http://id.who.int/icd/entity/415990995,Unintentional fall on the same level or from less than 1 metre,,ground level fall; fell while ambulating; fall from standing height; fall from standing position; fell from standing,,[]
Fall,http://id.who.int/icd/entity/2008585443,Fall through floor,,,,[]
Fall,http://id.who.int/icd/entity/240716420,Unintentional fall from ladder,,accidental fall from ladder; fall from ladder; fall on and from ladder causing accidental injury; fall on or from ladder,,[]
Fall,http://id.who.int/icd/entity/2062834301,Unintentional fall on or from scaffolding,,fall from scaffold; fall from scaffolding; fall on and from scaffolding causing accidental injury; fall on and from scaffolding; accidental fall from scaffolding,,[]
Fall,http://id.who.int/icd/entity/152750569,Unintentional fall from cliff,,Fall from cliff,,[]
Fall,http://id.who.int/icd/entity/2061105633,Fall or jump of undetermined intent from stairs or steps,,fall down stairs NOS; fell down stairs; fall down steps,,[]
Fall,http://id.who.int/icd/entity/1432899034,Fall on or from escalator,,,,[]
Fall,http://id.who.int/icd/entity/1313418676,Fall from operating room table,,fall from operating table; fall from surgical table; fall from operation table,,[]
Fall,http://id.who.int/icd/entity/189781093,Fall from examination table,,,,[]
Fall,http://id.who.int/icd/entity/546326103,Unintentional fall from roof,,,,[]
Fall,http://id.who.int/icd/entity/1534148200,fall on or from ramp,,,,[]
Fall,http://id.who.int/icd/entity/847229948,Fall from or through roof,,,,[]
Fall,http://id.who.int/icd/entity/1804496786,Fall on or from incline,,,,[]
Fall,http://id.who.int/icd/entity/2028266721,Fall from or through railing,,,,[]
Fall,http://id.who.int/icd/entity/1430972584,Unintentional fall involving furniture,,,,[]
Fall,http://id.who.int/icd/entity/379555302,Hair fall disorder (TM2),,(c) Intithār al-Sha‘r,,[]
Fall,http://id.who.int/icd/entity/1434301283,Occupant of streetcar injured by fall in streetcar,,,,[]
Fall,http://id.who.int/icd/entity/566120423,Unintentional fall through roof,,,,[]
Fall,http://id.who.int/icd/entity/1018869510,"Fall from, out of or through wall",,,,[]
Fall,http://id.who.int/icd/entity/849593528,Fall from or out of tower,,,,[]
Fall,http://id.who.int/icd/entity/1002397610,Falling over animal,,,,[]
Fall,http://id.who.int/icd/entity/1461437517,Unintentional fall involving playground equipment,,fall from playground equipment; fall involving playground equipment causing accidental injury; fall on and from playground equipment; Fall involving playground equipment,,[]
Fall,http://id.who.int/icd/entity/2101585348,Qi sinking pattern (TM1),,Qi fall pattern (TM1),,[]
Fall,http://id.who.int/icd/entity/1578494278,Intentional self-harm by fall or jump,,intentional fall from one level to another,,[]
Fall,http://id.who.int/icd/entity/1634711970,Fall from orthopaedic surgical table,,fall from trauma table,,[]
Fall,http://id.who.int/icd/entity/1224625541,"Fall from, out of or through building",,,,[]
Fall,http://id.who.int/icd/entity/1069623780,Unintentionally struck by falling stone,,,,[]
Fall,http://id.who.int/icd/entity/924882442,"Fall from, out of or through bridge",,,,[]
Fall,http://id.who.int/icd/entity/567337886,Occupant of streetcar injured by fall from streetcar,,,,[]
Fall,http://id.who.int/icd/entity/1260217489,Complications of injuries sustained in a fall,,,,[]
Fall,http://id.who.int/icd/entity/1182235024,Unintentionally struck by falling tree,,,,[]
Fall,http://id.who.int/icd/entity/1460888323,"Fall from, out of or through window",,,,[]
Fall,http://id.who.int/icd/entity/2044964799,Fall from flag-pole,,,,[]
Fall,http://id.who.int/icd/entity/1474877205,Fall from horse in traffic event,,,,[]
Fall,http://id.who.int/icd/entity/864242868,Fall from horse in nontraffic event,,,,[]
Fall,http://id.who.int/icd/entity/1796392726,Unintentional fall involving stairs and steps,,fall on or from stairs and steps,,[]
Entrapment,http://id.who.int/icd/entity/1914474454,"Nerve entrapment syndrome, not elsewhere classified",,entrapment syndrome NOS,,[]
Entrapment,http://id.who.int/icd/entity/912529161,Popliteal entrapment syndrome,,Popliteal artery entrapment syndrome,,[]
Entrapment,http://id.who.int/icd/entity/775321209,Ulnar nerve entrapment,,ulnar nerve compression,,[]
Entrapment,http://id.who.int/icd/entity/320130661,Entrapment of device,"Problem associated with the device caught within patient vasculature, tissue, or other device.",,,[]
Entrapment,http://id.who.int/icd/entity/215329747,Eyeball Entrapment,,,,[]
Fall on the same level or from less than 1 meter*,http://id.who.int/icd/entity/415990995,Unintentional fall on the same level or from less than 1 metre,,ground level fall; fell while ambulating; fall from standing height; fall from standing position; fell from standing,,[]
Fall on the same level or from less than 1 meter*,http://id.who.int/icd/entity/1855621064,Exposure to fall on the same level or from less than 1 metre,,,,[]
Fall on the same level or from less than 1 meter*,http://id.who.int/icd/entity/1847586521,Fall or jump of undetermined intent on the same level or from less than 1 metre,,same level fall; complications of ground level fall,,[]
Fall on the same level or from less than 1 meter*,http://id.who.int/icd/entity/244051855,Intentional self-harm by fall or jump on same level or from less than 1 metre,,,,[]
Fall on the same level or from less than 1 meter*,http://id.who.int/icd/entity/553619529,Assault by causing a fall or jump on same level or from less than 1 metre,,,,[]
Fall from a height of 1 meter or more,http://id.who.int/icd/entity/1729453916,Unintentional fall from a height of 1 metre or more,,,,[]
Fall from a height of 1 meter or more,http://id.who.int/icd/entity/1321485700,Exposure to fall from a height of 1 metre or more,,,,[]
Fall from a height of 1 meter or more,http://id.who.int/icd/entity/1566871361,Fall or jump of undetermined intent from a height of 1 metre or more,,jumped from height NOS,,[]
Fall from a height of 1 meter or more,http://id.who.int/icd/entity/1039175191,Intentional self-harm by fall or jump from a height of 1 metre or more,,,,[]
Fall from a height of 1 meter or more,http://id.who.int/icd/entity/414260003,Assault by causing a fall or jump from a height of 1 metre or more,,,,[]
Fall from unspecified height,http://id.who.int/icd/entity/173760338,Fall or jump with undetermined intent,,fall from height NOS,,[]
Fall from unspecified height,http://id.who.int/icd/entity/134290789,Unintentional fall,,fall NOS; accidental fall; fall causing injury that resulted in death; fell NOS; mechanical fall NOS; fall to floor; fell to floor; fall at home; fell at home; fall at residence; fall at nursing home; fall from unknown height,,[]
Fall from unspecified height,http://id.who.int/icd/entity/415990995,Unintentional fall on the same level or from less than 1 metre,,ground level fall; fell while ambulating; fall from standing height; fall from standing position; fell from standing,,[]
Fall from unspecified height,http://id.who.int/icd/entity/1729453916,Unintentional fall from a height of 1 metre or more,,,,[]
Fall from unspecified height,http://id.who.int/icd/entity/1321485700,Exposure to fall from a height of 1 metre or more,,,,[]
Fall from unspecified height,http://id.who.int/icd/entity/1566871361,Fall or jump of undetermined intent from a height of 1 metre or more,,jumped from height NOS,,[]
Fall from unspecified height,http://id.who.int/icd/entity/1039175191,Intentional self-harm by fall or jump from a height of 1 metre or more,,,,[]
Fall from unspecified height,http://id.who.int/icd/entity/414260003,Assault by causing a fall or jump from a height of 1 metre or more,,,,[]
Storm,http://id.who.int/icd/entity/1215823328,Thyroid crisis,"Thyrotoxic crisis (or thyroid storm) is a rare but severe complication of hyperthyroidism, which may occur when a thyrotoxic patient becomes very sick or physically stressed.",thyrotoxic crisis; Thyroid storm; thyrotoxic storm,,[]
Storm,http://id.who.int/icd/entity/1444009771,Victim of cataclysmic storm,,,,[]
Storm,http://id.who.int/icd/entity/2115464528,Cytokine storm temporally associated with COVID-19,,hypercytokinemia temporally associated with COVID-19,,[]
Flood,http://id.who.int/icd/entity/802885284,Victim of flood,,,,[]
Flood,http://id.who.int/icd/entity/1162728986,Excessive menstruation with regular cycle,,excessive menses; epimenorrhoea; epimenorrhea; heavy menstruation; flooding during periods; Heavy periods NOS; hypermenorrhea; hypermenorrhoea; menorrhagia; profuse menstrual flow; Menorrhagia NOS,,[]
Flood,http://id.who.int/icd/entity/1648132759,"Body of water, flood water",,,,[]
Flood,http://id.who.int/icd/entity/272020366,Flooding urine disorder (TM1),,,,[]
Flood,http://id.who.int/icd/entity/1649371088,Spleen deficiency with water flooding pattern (TM1),,Spleen qi deficiency with water retention pattern (TM1); Spleen qi deficiency with dampness pattern (TM1),,[]
Flood,http://id.who.int/icd/entity/177387552,Kidney qi deficiency with water retention pattern (TM1),,Kidney qi deficiency with water flooding pattern (TM1),,[]
Flood,http://id.who.int/icd/entity/978333679,Kidney yang deficiency with water flooding pattern (TM1),,Kidney yang deficiency with water retention pattern (TM),,[]
Lightning,http://id.who.int/icd/entity/888140151,Effects of lightning,,,,[]
Lightning,http://id.who.int/icd/entity/1069962036,Struck by lightning,,lightning stroke,,[]
Lightning,http://id.who.int/icd/entity/1295772309,Victim of lightning,,,,[]
Lightning,http://id.who.int/icd/entity/1636678615,Shock from lightning,,lightning shock,,[]
Lightning,http://id.who.int/icd/entity/163532889,Burns,A burn is an injury to the tissues caused by a pathological flux of energy which causes cellular destruction and irreversible denaturation of proteins and is primarily caused by thermal or other acute trauma.,Scald; burns from friction; burns from hot air and hot gases; burns from hot objects; burns from lightning; external chemical burn or corrosion; internal chemical burn or corrosion; burned; body charred; burns damage; burns injury; thermal injuries; thermal burns,,[]
Lightning,http://id.who.int/icd/entity/323823594,Myelopathy due to electric shock or lightning,,Myelopathy secondary to electric shock or lightning,,[]
Lightning,http://id.who.int/icd/entity/1048832316,Radiculopathy due to electric shock or lightning,,,,[]
Earthquake,http://id.who.int/icd/entity/700289973,Victim of earthquake,,,,[]
Earthquake,http://id.who.int/icd/entity/287610231,Victim of cataclysmic earth movements caused by earthquake,,,,[]
Avalanche,http://id.who.int/icd/entity/395675088,"Victim of avalanche, landslide or other earth movements",,,,[]
Tsunami,http://id.who.int/icd/entity/1837231441,Victim of tsunami,,,,[]
Landslide,http://id.who.int/icd/entity/395675088,"Victim of avalanche, landslide or other earth movements",,,,[]
Building collapse,http://id.who.int/icd/entity/1370161749,"Unintentionally struck by object from collapse of building, except on fire",,Building collapse,,[]
Building collapse,http://id.who.int/icd/entity/839167490,Collapse of burning building or structure,,,,[]
Gas leak,http://id.who.int/icd/entity/917113479,Gas leak,Problem associated with the unintended escape of a gas from the container in which it is housed.,,,[]
Electrical shock,http://id.who.int/icd/entity/958409297,Shock from electric current,,electric shock,,[]
Electrical shock,http://id.who.int/icd/entity/2092287283,Unintended electrical shock,The device delivers unintended electrical shock.,,,[]
Electrical shock,http://id.who.int/icd/entity/323823594,Myelopathy due to electric shock or lightning,,Myelopathy secondary to electric shock or lightning,,[]
Electrical shock,http://id.who.int/icd/entity/1048832316,Radiculopathy due to electric shock or lightning,,,,[]
Explosion,http://id.who.int/icd/entity/1750768110,Explosive,,,,[]
Explosion,http://id.who.int/icd/entity/1703580369,Explosion,"Problem associated with the violent bursting due to the sudden expansion of air, gas or fluid.",,,[]
Explosion,http://id.who.int/icd/entity/976232433,Explosive chemical,,,,[]
Explosion,http://id.who.int/icd/entity/1262035991,Emotionally unstable personality disorder,,"emotionally unstable personality; changeable mood; emotional instability; emotional instability, excessive; emotional lability; emotionally labile; explosive personality disorder; labile in mood; labile mood; labile personality; labile personality trait; mood swings; pathological emotionality; variable mood; unstable mood; unstable personality; unstable personality disorder; unstable personality disturbance; quarrelsomeness; personality disorder; labile; aggressive personality disorder; instability personality",,[]
Explosion,http://id.who.int/icd/entity/295017661,Intermittent explosive disorder,"Intermittent explosive disorder is characterised by repeated brief episodes of verbal or physical aggression or destruction of property that represent a failure to control aggressive impulses, with the intensity of the outburst or degree of aggressiveness being grossly out of proportion to the provocation or precipitating psychosocial stressors. The symptoms are not better explained by another mental, behavioural, or neurodevelopmental disorder and are not part of a pattern of chronic anger and irritability (e.g., in oppositional defiant disorder). The behaviour pattern is of sufficient severity to result in significant impairment in personal, family, social, educational, occupational or other important areas of functioning.",,,[]
Explosion,http://id.who.int/icd/entity/1407198740,Exposure to explosion,,,,[]
Explosion,http://id.who.int/icd/entity/432499949,Unintentional exposure to explosion,,,,[]
Explosion,http://id.who.int/icd/entity/1737204528,Exposure to chemical explosion,,,,[]
Explosion,http://id.who.int/icd/entity/1453362810,Legal intervention involving explosive,,,,[]
Explosion,http://id.who.int/icd/entity/1819323458,Intentional self-harm by explosive material,,,,[]
Explosion,http://id.who.int/icd/entity/1768931314,Exposure to explosion with undetermined intent,,,,[]
Explosion,http://id.who.int/icd/entity/527826783,Assault by explosive material,,,,[]
Explosion,http://id.who.int/icd/entity/1944518956,Unintentional exposure to chemical explosion,,,,[]
Explosion,http://id.who.int/icd/entity/1114693432,Explosion or rupture of boiler with undetermined intent,,,,[]
Explosion,http://id.who.int/icd/entity/268807490,Explosion or rupture of fireworks with undetermined intent,,,,[]
Explosion,http://id.who.int/icd/entity/2003890056,Exposure to chemical explosion with undetermined intent,,,,[]
Explosion,http://id.who.int/icd/entity/1394867772,Assault by exposure to explosion,,,,[]
Explosion,http://id.who.int/icd/entity/1390928486,Intentional self-harm by explosion or rupture of boiler,,,,[]
Explosion,http://id.who.int/icd/entity/396947280,Intentional self-harm by explosion or rupture of fireworks,,,,[]
Explosion,http://id.who.int/icd/entity/619252263,Explosion of missile during armed conflict,,struck by fragments or blast from explosion of guided missile during armed conflict,,[]
Explosion,http://id.who.int/icd/entity/596278969,Other explosions or fragments during armed conflict,,war operations involving other explosions and fragments; struck by fragments or blast from conventional explosive weapon during armed conflict,,[]
Explosion,http://id.who.int/icd/entity/145741427,"Explosive material or flammable object, not elsewhere classified",,,,[]
Explosion,http://id.who.int/icd/entity/1002047159,Explosion or rupture of gas cylinder with undetermined intent,,,,[]
Explosion,http://id.who.int/icd/entity/1417041489,Explosion of torpedo during armed conflict,,,,[]
Explosion,http://id.who.int/icd/entity/863598985,Assault by explosion or rupture of boiler,,,,[]
Explosion,http://id.who.int/icd/entity/2085762279,Assault by explosion or rupture of fireworks,,,,[]
Explosion,http://id.who.int/icd/entity/2095925713,Unintentional exposure to explosion or rupture of boiler,,,,[]
Explosion,http://id.who.int/icd/entity/1509817773,Unintentional exposure to explosion or rupture of fireworks,,,,[]
Explosion,http://id.who.int/icd/entity/1718262908,Assault by explosion or rupture of materials or object,,,,[]
Explosion,http://id.who.int/icd/entity/712806749,Intentional self-harm by explosion or rupture of gas cylinder,,,,[]
Explosion,http://id.who.int/icd/entity/1139369866,Assault by exposure to chemical explosion,,,,[]
Explosion,http://id.who.int/icd/entity/1857281413,Explosion of marine weapons during armed conflict,,,,[]
Explosion,http://id.who.int/icd/entity/1099320052,Assault by explosion or rupture of gas cylinder,,,,[]
Explosion,http://id.who.int/icd/entity/214075783,Explosion of or on powered aircraft causing injury to occupant,,,,[]
Explosion,http://id.who.int/icd/entity/1445772715,Intentional self-harm by explosion or rupture of high pressure jet,,,,[]
Explosion,http://id.who.int/icd/entity/70859509,Explosion of munitions or weapons during armed conflict,,struck by fragments or blast from munitions during armed conflict,,[]
Explosion,http://id.who.int/icd/entity/2131829177,Unintentional exposure to explosion or rupture of gas cylinder,,,,[]
Explosion,http://id.who.int/icd/entity/1012126813,Exposure to explosion or rupture of pressurised materials or object,,,,[]
Explosion,http://id.who.int/icd/entity/1039766331,Vibration from explosion or rupture of materials or object with undetermined intent,,,,[]
Explosion,http://id.who.int/icd/entity/1440454584,Explosion of aerial bomb during armed conflict,,struck by fragments or blast from explosion of aerial bomb during armed conflict,,[]
Explosion,http://id.who.int/icd/entity/892342689,Noise from explosion or rupture of materials or object with undetermined intent,,,,[]
Explosion,http://id.who.int/icd/entity/1773033856,Explosion of or on nonpowered aircraft causing injury to occupant,,,,[]
Explosion,http://id.who.int/icd/entity/1196251373,Intentional self-harm by explosion or rupture of pressurised materials or object,,,,[]
Explosion,http://id.who.int/icd/entity/93458636,Explosion or rupture of other specified pressurised devices with undetermined intent,,,,[]
Explosion,http://id.who.int/icd/entity/1037460994,Assault by explosion or rupture of high pressure jet,,,,[]
Explosion,http://id.who.int/icd/entity/1581364920,Explosion of improvised explosive device during armed conflict,,Operations of war or armed conflict involving explosion of improvised explosive device [IED]; Struck by fragments or blast from explosion of improvised explosive device during armed conflict; Operations of war or armed conflict involving explosion of person-borne improvised explosive device [IED]; Operations of war or armed conflict involving explosion of vehicle-borne improvised explosive device [IED],,[]
Explosion,http://id.who.int/icd/entity/1864132942,Unintentional exposure to explosion or rupture of high pressure jet,,,,[]
Explosion,http://id.who.int/icd/entity/1697220900,Unintentional exposure to explosion or rupture of pressurised materials or object,,,,[]
Explosion,http://id.who.int/icd/entity/1820207416,Explosion of bomb after cessation of armed conflict,,,,[]
Explosion,http://id.who.int/icd/entity/39905031,Legal intervention involving explosive shell,,,,[]
Fire,http://id.who.int/icd/entity/429856753,"Exposure to unspecified smoke, fire and flames",,burning NOS; fire; ignition; incineration NOS; melting; spontaneous combustion,,[]
Fire,http://id.who.int/icd/entity/2100435581,Fire,Problem associated with the combustion of the device with a steady flame.,,,[]
Fire,http://id.who.int/icd/entity/839344066,Failure to fire,Problem associated with failure of the device to discharge its load (e.g. surgical stapler failed to partially or completely deploy its staples).,,,[]
Fire,http://id.who.int/icd/entity/1620378784,Firing problem,,,,[]
Fire,http://id.who.int/icd/entity/1918065843,Exposure to uncontrolled fire in building or structure,,exposure to uncontrolled fire in building or structure as an external cause of morbidity and mortality; conflagration; house fire; residential fire; structure fire,,[]
Fire,http://id.who.int/icd/entity/1629734252,Continuous firing,Problem associated with the excessive production of electrical impulses over a period.,,,[]
Fire,http://id.who.int/icd/entity/1681537638,Endemic pemphigus foliaceus,"Endemic pemphigus foliaceus is a chronic autoimmune skin diseases characterised by superficial blister formation on the skin mediated by auto-antibodies to the desmosome component desmoglein 1. Endemic pemphigus foliaceus has unique epidemiological features of geographical, temporal and familial clustering.",Brazilian pemphigus; Fogo selvagem; Wild fire,,[]
Fire,http://id.who.int/icd/entity/1618976346,Forest fire,,fire in forest; exposure to forest fire,,[]
Fire,http://id.who.int/icd/entity/1254617462,Fire in stove,,exposure to fire in stove,,[]
Fire,http://id.who.int/icd/entity/1734482593,Fire of furniture,,melting of furniture; smouldering of furniture,,[]
Fire,http://id.who.int/icd/entity/1684387860,Fire in fireplace,,exposure to fire in fireplace,,[]
Fire,http://id.who.int/icd/entity/1857682287,Repressed fire disorder (TM1),,Fire disorder (TM1); Repressed anger disorder (TM1),,[]
Fire,http://id.who.int/icd/entity/117312590,"Exposure to controlled fire, not in building or structure",,"exposure to controlled fire, not in building or structure as an external cause of morbidity and mortality",,[]
Fire,http://id.who.int/icd/entity/796088081,Fire extinguisher,,,,[]
Fire,http://id.who.int/icd/entity/516776398,Fire ant venom,,red fire ant venom; imported fire ant venom,,[]
Fire,http://id.who.int/icd/entity/1532500290,Pyromania,"Pyromania is characterised by a recurrent failure to control strong impulses to set fires, resulting in multiple acts of, or attempts at, setting fire to property or other objects, in the absence of an apparent motive (e.g., monetary gain, revenge, sabotage, political statement, attracting attention or recognition). There is an increasing sense of tension or affective arousal prior to instances of fire setting, persistent fascination or preoccupation with fire and related stimuli (e.g., watching fires, building fires, fascination with firefighting equipment), and a sense of pleasure, excitement, relief or gratification during, and immediately after the act of setting the fire, witnessing its effects, or participating in its aftermath. The behaviour is not better explained by intellectual impairment, another mental and behavioural disorder, or substance intoxication.",pathological fire-setting,,[]
Fire,http://id.who.int/icd/entity/821230013,Fire hydrant,,,,[]
Fire,http://id.who.int/icd/entity/1484144085,Fire coral venom,,,,[]
Fire,http://id.who.int/icd/entity/63748018,"Fire truck, fire engine",,,,[]
Fire,http://id.who.int/icd/entity/2050896587,"Assault by smoke, fire or flames",,assault by fire,,[]
Fire,http://id.who.int/icd/entity/84972603,Chlorobromomethane,,fire extinguisher agent - [chlorobromomethane]; fire extinguishing agent - [chlorobromomethane]; methylene bromochloride; bromochloromethane,,[]
Fire,http://id.who.int/icd/entity/1827767617,"Firedamp, not elsewhere classified",,,,[]
Fire,http://id.who.int/icd/entity/1319663378,Fire coral sting,"envenomation by the nematocysts of Millepora hydroids (fire corals), presenting as severe pain and swelling at the points of contact. Systemic reactions may occur in young children.",Millepora sting; Hydroid coral sting,,[]
Fire,http://id.who.int/icd/entity/447494423,Exposure to controlled fire,,,,[]
Fire,http://id.who.int/icd/entity/1539630306,Firearm or related item,,,,[]
Fire,http://id.who.int/icd/entity/1861750444,Exposure to uncontrolled fire,,,,[]
Fire,http://id.who.int/icd/entity/1914986834,Unintentionally struck by projectile from firearm,,gunshot wound NOS; shooting; shot NOS; discharge from other and unspecified firearms; GSW - [gunshot wound]; decedent was shot by another person; multiple gunshot wounds; subject was shot; shot by other; gunshots by other; reportedly shot by person unknown; shot by another individual,,[]
Fire,http://id.who.int/icd/entity/214683304,Fire of fittings,,melting of fittings; smouldering of fittings,,[]
Fire,http://id.who.int/icd/entity/1709064393,"Fire, flame causing injury",,,,[]
Fire,http://id.who.int/icd/entity/818622979,Unintentional exposure to controlled fire,,,,[]
Fire,http://id.who.int/icd/entity/980715066,Firearm wounds,,,,[]
Fire,http://id.who.int/icd/entity/636424181,Toxic digestive fire pattern (TM2),,(b) Viṣamākkiṉi,,[]
Fire,http://id.who.int/icd/entity/1314209579,Digestive fire based patterns (TM2),,,,[]
Fire,http://id.who.int/icd/entity/207904462,Heavy goods vehicle as counterpart in land transport crash,"A heavy goods vehicle is a motor vehicle designed primarily for carrying property on roads, meeting local criteria for classification as a heavy goods vehicle in terms of curbside weight (usually above 3500 kg), and usually requiring a special driver's licence.",lorry; truck with trailer; road tractor; prime mover; fire brigade pump vehicle,,[]
Fire,http://id.who.int/icd/entity/774351655,Natural digestive fire pattern (TM2),,(b) Camākkiṉi,,[]
Fire,http://id.who.int/icd/entity/2096449099,Unintentional exposure to uncontrolled fire,,,,[]
Fire,http://id.who.int/icd/entity/1992680275,Fire sponge dermatitis,,Fire sponge dermatitis (Tedania ignis),,[]
Fire,http://id.who.int/icd/entity/1274807956,Strong digestive fire pattern (TM2),,(b) Tīṣaṇākkiṉi,,[]
Fire,http://id.who.int/icd/entity/1612414496,"Controlled fire, flame in building or structure",,,,[]
Fire,http://id.who.int/icd/entity/915202025,Exposure to controlled fire with undetermined intent,,,,[]
Fire,http://id.who.int/icd/entity/1398529558,Other firearms discharge during armed conflict,,,,[]
Fire,http://id.who.int/icd/entity/154886616,Intentional self-harm by other and unspecified firearm discharge,,,,[]
Fire,http://id.who.int/icd/entity/939906872,"Uncontrolled fire, flame in building or structure",,,,[]
Fire,http://id.who.int/icd/entity/1984627760,Exposure to uncontrolled fire with undetermined intent,,,,[]
Fire,http://id.who.int/icd/entity/1672856024,Exposure to controlled fire in building or structure,,exposure to controlled fire in building or structure as an external cause of morbidity and mortality,,[]
Fire,http://id.who.int/icd/entity/1991890016,Intentional self-harm by exposure to controlled fire,,,,[]
Fire,http://id.who.int/icd/entity/1938563320,"Controlled fire, flame, not in building or structure",,,,[]
Fire,http://id.who.int/icd/entity/2028138300,Intentional self-harm by exposure to uncontrolled fire,,,,[]
Fire,http://id.who.int/icd/entity/1809362850,Assault by other or unspecified firearm discharge,,,,[]
Fire,http://id.who.int/icd/entity/223787567,"Uncontrolled fire, flame not in building or structure",,,,[]
Smoke,http://id.who.int/icd/entity/457960184,Tobacco use,,current tobacco use; tobacco use NOS; cigarette smoking; active smoking; problem with tobacco use; smoking NOS; tobacco smoking; heavy smoker; chain smoker; chronic smoker; chronic smoking; hazardous tobacco use,,[]
Smoke,http://id.who.int/icd/entity/873468403,Smoke,"Problem associated with a cloud of vapor or gas generated from the device, generally associated after a fire or a burn.",,,[]
Smoke,http://id.who.int/icd/entity/1516629645,Personal history of tobacco abuse,,previous smoker; ex smoker; history of tobacco abuse; history of smoking; exsmoker,,[]
Smoke,http://id.who.int/icd/entity/1177821921,"Smoke inhalation, not elsewhere classified",,smoke inhalation NOS; inhalation of products of combustion; smoke and soot inhalation,,[]
Smoke,http://id.who.int/icd/entity/299901355,Harmful pattern of use of nicotine,"A pattern of nicotine use that has caused damage to a person’s physical or mental health. The pattern of nicotine use is evident over a period of at least 12 months if substance use is episodic or at least one month if use is continuous (i.e., daily or almost daily). Harm to health of the individual occurs due to one or more of the following: (1) direct or secondary toxic effects on body organs and systems; or (2) a harmful route of administration.",Tobacco abuse; harmful use of tobacco; tobacco use disorder; cigarette abuse; smoking abuse,,[]
Smoke,http://id.who.int/icd/entity/36740588,Tobacco,,tobacco cigarette; tobacco smoke; snuff,,[]
Smoke,http://id.who.int/icd/entity/319167520,"Smoke, not elsewhere classified",,,,[]
Smoke,http://id.who.int/icd/entity/1699574100,Nicotine dependence,"Nicotine dependence is a disorder of regulation of nicotine use arising from repeated or continuous use of nicotine. The characteristic feature is a strong internal drive to use nicotine, which is manifested by impaired ability to control use, increasing priority given to use over other activities and persistence of use despite harm or negative consequences. These experiences are often accompanied by a subjective sensation of urge or craving to use nicotine. Physiological features of dependence may also be present, including tolerance to the effects of nicotine, withdrawal symptoms following cessation or reduction in use of nicotine, or repeated use of nicotine or pharmacologically similar substances to prevent or alleviate withdrawal symptoms. The features of dependence are usually evident over a period of at least 12 months but the diagnosis may be made if nicotine use is continuous (daily or almost daily) for at least 3 months.",compulsive tobacco user syndrome; tobacco dependence; tobacco dependence syndrome; Nicotine addiction; tobacco addiction; cigarette addiction; cigarette dependence; smoking addiction; smokers syndrome,,[]
Smoke,http://id.who.int/icd/entity/538178893,Problems associated with exposure to tobacco smoke,,passive smoking,,[]
Smoke,http://id.who.int/icd/entity/1554443657,Smoke causing injury,,,,[]
Smoke,http://id.who.int/icd/entity/1603511543,Aids to quit smoking,,,,[]
Smoke,http://id.who.int/icd/entity/1059957719,Azobenzene,,azobenzene smoke; azobenzene acaricide; diazobenzene; azobenzol; azobenzide,,[]
Smoke,http://id.who.int/icd/entity/225818522,Unintentional exposure to or harmful effects of smoke,,,,[]
Smoke,http://id.who.int/icd/entity/1283202147,Occupational exposure to tobacco smoke,,,,[]
Smoke,http://id.who.int/icd/entity/237064688,Intentional self-harm by exposure to or harmful effects of smoke,,,,[]
Smoke,http://id.who.int/icd/entity/1644332317,Exposure to or harmful effects of undetermined intent of smoke,,,,[]
Smoke,http://id.who.int/icd/entity/668659439,Assault by exposure to or harmful effects of smoke,,,,[]
Smoke,http://id.who.int/icd/entity/1999093424,Exposure to tobacco smoke in the perinatal period,"Exposure to tobacco smoke in the perinatal period, both directly or through second hand smoke, can lead to: low birth weight, preterm delivery, Sudden Infant Death Syndrome (SIDS or cot death), spontaneous abortion, or intrauterine growth retardation.",,,[]
Smoke,http://id.who.int/icd/entity/429856753,"Exposure to unspecified smoke, fire and flames",,burning NOS; fire; ignition; incineration NOS; melting; spontaneous combustion,,[]
Smoke,http://id.who.int/icd/entity/417201341,"Intentional self-harm by smoke, fire and flames",,,,[]
Smoke,http://id.who.int/icd/entity/683304281,"Fire, flame or smoke causing injury",,,,[]
Smoke,http://id.who.int/icd/entity/2050896587,"Assault by smoke, fire or flames",,assault by fire,,[]
Smoke,http://id.who.int/icd/entity/363089301,"Harmful effects of or exposure to noxious substances, Substances chiefly nonmedicinal as to source, Other gases, fumes or vapours, Smoke",,,,[]
Abuse,http://id.who.int/icd/entity/1992800115,Abuse,,,,[]
Abuse,http://id.who.int/icd/entity/341458101,Harmful pattern of use of unknown or unspecified psychoactive substance,"A pattern of use of an unknown or unspecified psychoactive substance that has caused damage to a person’s physical or mental health or has resulted in behaviour leading to harm to the health of others. The pattern of substance use is evident over a period of at least 12 months if use is episodic or at least one month if use is continuous (i.e., daily or almost daily). Harm to health of the individual occurs due to one or more of the following: (1) behaviour related to intoxication; (2) direct or secondary toxic effects on body organs and systems; or (3) a harmful route of administration. Harm to health of others includes any form of physical harm, including trauma, or mental disorder that is directly attributable to behaviour related to substance intoxication on the part of the person to whom the diagnosis of Harmful pattern of use of unknown or unspecified psychoactive substance applies.",drug abuse NOS; polysubstance abuse NOS,,[]
Abuse,http://id.who.int/icd/entity/1602669465,Disorders due to substance use or addictive behaviours,"Disorders due to substance use and addictive behaviours are mental and behavioural disorders that develop as a result of the use of predominantly psychoactive substances, including medications, or specific repetitive rewarding and reinforcing behaviours.",substance abuse NOS,,[]
Abuse,http://id.who.int/icd/entity/1703296220,Personal history of maltreatment,"Personal history of non-accidental acts of physical force, forced or coerced sexual acts, verbal or symbolic acts, or significant caregiving omissions that result in harm or have a reasonable potential for harm. These categories are applied to the victim of the maltreatment, not the perpetrator.",personal history of abuse; history of abuse; history of maltreatment,,[]
Abuse,http://id.who.int/icd/entity/282888955,Physical maltreatment,"Non-accidental acts of physical force that result, or have reasonable potential to result, in physical harm or that evoke significant fear. The category is applied to the victim of the maltreatment, not the perpetrator.",physical abuse,,[]
Abuse,http://id.who.int/icd/entity/50340762,Abuse of hormones,,,,[]
Abuse,http://id.who.int/icd/entity/938842396,Abuse of vitamins,,,,[]
Abuse,http://id.who.int/icd/entity/275218837,Harmful pattern of use of cocaine,"A pattern of use of cocaine that has caused damage to a person’s physical or mental health or has resulted in behaviour leading to harm to the health of others. The pattern of cocaine use is evident over a period of at least 12 months if substance use is episodic or at least one month if use is continuous (i.e., daily or almost daily). Harm to health of the individual occurs due to one or more of the following: (1) behaviour related to intoxication; (2) direct or secondary toxic effects on body organs and systems; or (3) a harmful route of administration. Harm to health of others includes any form of physical harm, including trauma, or mental disorder that is directly attributable to behaviour related to cocaine intoxication on the part of the person to whom the diagnosis of Harmful pattern of use of cocaine applies.",cocaine abuse,,[]
Abuse,http://id.who.int/icd/entity/1118234111,Abuse of steroids,,,,[]
Abuse,http://id.who.int/icd/entity/1045880363,Abuse of anxiolytics,,abuse of sedatives; abuse of tranquilizers; harmful use of anxiolytic,,[]
Abuse,http://id.who.int/icd/entity/4067069,Abuse of hypnotics,,,,[]
Abuse,http://id.who.int/icd/entity/590211325,Disorders due to substance use,"Disorders due to substance use include disorders that result from a single occasion or repeated use of substances that have psychoactive properties, including certain medications. Disorders related to fourteen classes or groups of psychoactive substances are included. Typically, initial use of these substances produces pleasant or appealing psychoactive effects that are rewarding and reinforcing with repeated use. With continued use, many of the included substances have the capacity to produce dependence. They also have the potential to cause numerous forms of harm, both to mental and physical health. Disorders due to harmful non-medical use of non-psychoactive substances are also included in this grouping.",Disorders due to substance abuse; drug use disorder; Bad trips due to drugs,,[]
Abuse,http://id.who.int/icd/entity/912365674,Harmful pattern of use of opioids,"A pattern of use of opioids that has caused damage to a person’s physical or mental health or has resulted in behaviour leading to harm to the health of others. The pattern of opioid use is evident over a period of at least 12 months if substance use is episodic or at least one month if use is continuous (i.e., daily or almost daily). Harm to health of the individual occurs due to one or more of the following: (1) behaviour related to intoxication; (2) direct or secondary toxic effects on body organs and systems; or (3) a harmful route of administration. Harm to health of others includes any form of physical harm, including trauma, or mental disorder that is directly attributable to behaviour related to opioid intoxication on the part of the person to whom the diagnosis of Harmful pattern of use of opioids applies.",opioid abuse,,[]
Abuse,http://id.who.int/icd/entity/219736364,Harmful pattern of use of hallucinogens,"A pattern of use of hallucinogens that has caused damage to a person’s physical or mental health or has resulted in behaviour leading to harm to the health of others. The pattern of hallucinogen use is evident over a period of at least 12 months if substance use is episodic or at least one month if use is continuous (i.e., daily or almost daily). Harm to health of the individual occurs due to one or more of the following: (1) behaviour related to intoxication; (2) direct or secondary toxic effects on body organs and systems; or (3) a harmful route of administration. Harm to health of others includes any form of physical harm, including trauma, or mental disorder that is directly attributable to behaviour related to hallucinogen intoxication on the part of the person to whom the diagnosis of Harmful pattern of use of hallucinogens applies.",hallucinogen abuse,,[]
Abuse,http://id.who.int/icd/entity/879494155,Amphetamine abuse,,,,[]
Abuse,http://id.who.int/icd/entity/937834582,Harmful pattern of use of cannabis,"A pattern of cannabis use that has caused damage to a person’s physical or mental health or has resulted in behaviour leading to harm to the health of others. The pattern of cannabis use is evident over a period of at least 12 months if substance use is episodic or at least one month if use is continuous (i.e., daily or almost daily). Harm to health of the individual occurs due to one or more of the following: (1) behaviour related to intoxication; (2) direct or secondary toxic effects on body organs and systems; or (3) a harmful route of administration. Harm to health of others includes any form of physical harm, including trauma, or mental disorder that is directly attributable to behaviour related to cannabis intoxication on the part of the person to whom the diagnosis of Harmful pattern of use of cannabis applies.",cannabis abuse; marijuana abuse,,[]
Abuse,http://id.who.int/icd/entity/470484338,Disorders due to use of dissociative drugs including ketamine and phencyclidine [PCP],"Disorders due to use of dissociative drugs including ketamine and phencyclidine [PCP] are characterised by the pattern and consequences of dissociative drug use. Dissociative drugs include ketamine and phencyclidine (PCP) and their (comparatively rare) chemical analogues. Ketamine is an intravenous anaesthetic widely used in low- and middle-income countries, particularly in Africa, and in emergency situations. Ketamine is also undergoing evaluation for treatment of some mental disorders (e.g., treatment resistant Depressive Disorders). It is also a widespread drug of nonmedical use in many countries and may be taken by the oral or nasal routes or injected. It produces a sense of euphoria but depending on the dose, emergent hallucinations and dissociation are recognised as unpleasant side effects. Phencyclidine has a more restricted worldwide distribution and also has euphoric and dissociative effects. Its use may result in bizarre behaviour uncharacteristic for the individual, including self-harm. Dissociative Drug Dependence is described but a withdrawal syndrome is not recognized by most authorities. Several Dissociative Drug-Induced Mental Disorders are recognised.",Disorders due to abuse of dissociative drugs including ketamine and phencyclidine [PCP]; PCP abuse,,[]
Abuse,http://id.who.int/icd/entity/299901355,Harmful pattern of use of nicotine,"A pattern of nicotine use that has caused damage to a person’s physical or mental health. The pattern of nicotine use is evident over a period of at least 12 months if substance use is episodic or at least one month if use is continuous (i.e., daily or almost daily). Harm to health of the individual occurs due to one or more of the following: (1) direct or secondary toxic effects on body organs and systems; or (2) a harmful route of administration.",Tobacco abuse; harmful use of tobacco; tobacco use disorder; cigarette abuse; smoking abuse,,[]
Abuse,http://id.who.int/icd/entity/1252561403,Harmful pattern of use of caffeine,"A pattern of caffeine use that has caused clinically significant harm to a person’s physical or mental health or in which caffeine-induced behaviour has caused clinically significant harm to the health of other people. The pattern of caffeine use is evident over a period of at least 12 months if use is episodic and at least one month if use is continuous (i.e., daily or almost daily). Harm may be caused by the intoxicating effects of caffeine, the direct or secondary toxic effects on body organs and systems, or a harmful route of administration.",caffeine abuse,,[]
Abuse,http://id.who.int/icd/entity/640190154,Abuse of laxatives,,laxative habit,,[]
Abuse,http://id.who.int/icd/entity/1600451095,Harmful pattern of use of volatile inhalants,"A pattern of volatile inhalant use that has caused damage to a person’s physical or mental health. The pattern of volatile inhalant use is evident over a period of at least 12 months if substance use is episodic or at least one month if use is continuous (i.e., daily or almost daily). Harm to health of the individual occurs due to one or more of the following: (1) behaviour related to intoxication; (1) direct or secondary toxic effects on body organs and systems; or (2) a harmful route of administration. Harm to health of others includes any form of physical harm, including trauma, or mental disorder that is directly attributable to behaviour related to volatile inhalant intoxication on the part of the person to whom the diagnosis of Harmful pattern of use of volatile inhalants applies.",harmful use of volatile solvents; solvent abuse,,[]
Abuse,http://id.who.int/icd/entity/604162775,Methadone abuse,,,,[]
Abuse,http://id.who.int/icd/entity/714690795,Harmful pattern of use of alcohol,"A pattern of alcohol use that has caused damage to a person’s physical or mental health or has resulted in behaviour leading to harm to the health of others. The pattern of alcohol use is evident over a period of at least 12 months if substance use is episodic or at least one month if use is continuous. Harm to health of the individual occurs due to one or more of the following: (1) behaviour related to intoxication; (2) direct or secondary toxic effects on body organs and systems; or (3) a harmful route of administration. Harm to health of others includes any form of physical harm, including trauma, or mental disorder that is directly attributable to behaviour related to alcohol intoxication on the part of the person to whom the diagnosis of Harmful pattern of use of alcohol applies.",alcohol abuse; ETOH abuse; alcohol abuser; ethanol abuse,,[]
Abuse,http://id.who.int/icd/entity/1715369663,Abuse of salicylate,,aspirin abuse; salicylism,,[]
Abuse,http://id.who.int/icd/entity/1689089786,Disorders due to use of cocaine,"Disorders due to use of cocaine are characterised by the pattern and consequences of cocaine use. Cocaine is a compound found in the leaves of the coca plant, Erythroxylum coca, which is indigenous to countries in northern regions of South America. Cocaine has a limited place in medical treatment as an anaesthetic and vasoconstrictive agent. It is commonly used illicitly and widely available across the world, where it is found in two main forms: cocaine hydrochloride and cocaine freebase (also known as ‘crack’). Cocaine is a central nervous system stimulant, and Cocaine Intoxication typically includes a state of euphoria and hyperactivity. Cocaine has potent dependence-producing properties and Cocaine Dependence is a common cause of morbidity and of clinical presentations. Cocaine Withdrawal has a characteristic course that includes lethargy and depressed mood. A range of Cocaine-Induced Mental Disorders is described.",Mental or behavioural disorders due to use of cocaine; Disorders due to abuse of cocaine; cocaine use disorder,,[]
Abuse,http://id.who.int/icd/entity/352726040,Personal history of drug abuse,,history of drug abuse,,[]
Abuse,http://id.who.int/icd/entity/111507461,Disorders due to use of opioids,"Disorders due to use of opioids are characterised by the pattern and consequences of opioid use. Opioids is a generic term that encompasses the constituents or derivatives of the opium poppy Papaver somniferum as well as a range of synthetic and semisynthetic compounds, some related to morphine and others chemically distinct but all having their primary actions on the µ opioid receptor. Examples of opioids include morphine, diacetylmorphine (heroin), fentanyl, pethidine, oxycodone, hydromorphone, methadone, buprenorphine, codeine and d-propoxyphene. The opioids all have analgesic properties of different potencies and are primarily central nervous system depressants. They suppress respiration as well as other vital functions and are a common cause of overdose and related deaths. Certain opioids are used or administered parenterally, including heroin, a common and potent opioid that is primarily used non-medically. Therapeutic opioids are prescribed for a range of indications worldwide, and are essential for pain management in cancer pain and palliative care, although they are also used for non-therapeutic reasons. In some countries morbidity and mortality related to therapeutic opioids is greater than that related to heroin. All opioids may result in Opioid Intoxication, Opioid Dependence and Opioid Withdrawal. A range of Opioid-Induced Disorders occur, some of which occur following Opioid Withdrawal.",Disorders due to abuse of opioids; opioid use disorder,,[]
Abuse,http://id.who.int/icd/entity/1967909777,Disorders due to use of hallucinogens,"Disorders due to use of hallucinogens are characterised by the pattern and consequences of hallucinogen use. Several thousand compounds have hallucinogenic properties, many of which are found in plants (e.g., mescaline) and fungi (e.g., psilocybin) or are chemically synthesized (e.g., lysergic acid diethylamide [LSD]). These compounds have primarily hallucinogenic properties, but some may also be stimulants. Much of the morbidity associated with these compounds arises from the acute effects related to Hallucinogen Intoxication. Hallucinogen Dependence is rare and Hallucinogen Withdrawal is not described. Among the mental disorders related to hallucinogen use, Hallucinogen-Induced Psychotic Disorder is the most frequently seen, although worldwide it is still fairly uncommon.",Mental or behavioural disorders due to use of hallucinogens; Disorders due to abuse of hallucinogens; hallucinogen use disorder,,[]
Abuse,http://id.who.int/icd/entity/268445189,Disorders due to use of nicotine,"Disorders due to use of nicotine are characterised by the pattern and consequences of nicotine use. Nicotine is the active dependence-producing constituent of the tobacco plant, Nicotiana tabacum. Nicotine is used overwhelmingly through smoking cigarettes. Increasingly, it is also used in electronic cigarettes that vaporize nicotine dissolved in a carrier solvent for inhalation (i.e., “vaping”). Pipe smoking, chewing tobacco and inhaling snuff are minor forms of use. Nicotine is a highly potent addictive compound and is the third most common psychoactive substance used worldwide after caffeine and alcohol. Nicotine Dependence and Nicotine Withdrawal are well described and Nicotine-Induced Mental Disorders are recognized.",Disorders due to abuse of nicotine; Mental and behavioural disorders due to use of tobacco; nicotine use disorder; nicotine-induced organic mental disorder; nicotine-related disorder,,[]
Abuse,http://id.who.int/icd/entity/1913137404,Disorders due to use of cannabis,"Disorders due to use of cannabis are characterised by the pattern and consequences of cannabis use. Cannabis is the collective term for a range of psychoactive preparations of the cannabis plant, Cannabis sativa, and related species and hybrids. Cannabis contains cannabinoids, a class of diverse chemical compounds that act on endogenous cannabinoid receptors that modulate neurotransmitter release in the brain. The principal psychoactive cannabinoid is δ-9-tetrahydrocannabinol (THC). Cannabis is typically smoked in the form of the flowering heads or leaves of the Cannabis plant; tobacco is often mixed with cannabis when smoked. There are also cannabis oils that are prepared from these same sources. These preparations vary considerably in their THC potency. Cannabis has predominantly central nervous system depressant effects and produces a characteristic euphoria that may be part of the presenting features of Cannabis Intoxication, which may also include impairment in cognitive and psychomotor functioning. Cannabis has dependence-producing properties resulting in Cannabis Dependence in some people and Cannabis Withdrawal when use is reduced or discontinued. Cannabis is associated with a range of Cannabis-Induced Mental Disorders.",Disorders due to abuse of cannabis; cannabis use disorder,,[]
Abuse,http://id.who.int/icd/entity/1934504553,Abuse of antacids,,,,[]
Abuse,http://id.who.int/icd/entity/31898480,Disorders due to use of caffeine,"Disorders due to use of caffeine are characterised by the pattern and consequences of caffeine use. Caffeine is a mild psychostimulant and diuretic that is found in the beans of the coffee plant (Coffea species) and is a constituent of coffee, cola drinks, chocolate, a range of proprietary 'energy drinks' and weight-loss aids. It is the most commonly used psychoactive substance worldwide and several clinical conditions related to its use are described, although severe disorders are comparatively rare considering its ubiquity. Caffeine Intoxication related to consumption of relatively higher doses (i.e., > 1 g per day) is described. Caffeine Withdrawal is common upon cessation of use among individuals who have used caffeine for a prolonged period or in large amounts. Caffeine-Induced Anxiety Disorder has been described, often following intoxication or heavy use.",Disorders due to abuse of caffeine,,[]
Abuse,http://id.who.int/icd/entity/878601241,Physical abuse of child,,,,[]
Abuse,http://id.who.int/icd/entity/1004971014,Disorders due to use of heroin,,Disorders due to abuse of heroin,,[]
Abuse,http://id.who.int/icd/entity/506198470,Disorders due to use of morphine,,Disorders due to abuse of morphine,,[]
Abuse,http://id.who.int/icd/entity/158395766,Disorders due to use of codeine,,Disorders due to abuse of codeine,,[]
Abuse,http://id.who.int/icd/entity/1425204797,Disorders due to use of oxycodone,,Disorders due to abuse of oxycodone,,[]
Abuse,http://id.who.int/icd/entity/351527989,Examination or observation for suspected physical maltreatment,"Observation and evaluation for suspected or alleged physical abuse which, after study, is ruled out.",examination or observation for suspected physical abuse; observation for alleged physical abuse; observation for suspected physical abuse; observation of child of suspected battering; observation of spouse of suspected battering; observation of victim of suspected battering; Suspected physical abuse,,[]
Abuse,http://id.who.int/icd/entity/1334495652,Personal history of psychological abuse,"Personal history of non-accidental verbal or symbolic act that results in significant psychological harm. This category is applied to the victim of the maltreatment, not the perpetrator.",bullying; child verbal abuse; child emotional abuse; Personal history of psychological maltreatment,,[]
Abuse,http://id.who.int/icd/entity/1670900253,Chronic alcohol abuse,,chronic ethanol abuse,,[]
Abuse,http://id.who.int/icd/entity/1271888325,Examination or observation for suspected sexual maltreatment,"Observation and evaluation for suspected or alleged sexual abuse or rape which, after study is ruled out.",examination or observation for suspected sexual abuse; examination of victim or culprit following alleged rape or seduction; examination or observation following alleged rape; observation for alleged rape; observation for alleged sexual abuse; observation for suspected rape; suspected sexual abuse,,[]
Abuse,http://id.who.int/icd/entity/1516629645,Personal history of tobacco abuse,,previous smoker; ex smoker; history of tobacco abuse; history of smoking; exsmoker,,[]
Abuse,http://id.who.int/icd/entity/2057206901,Harmful pattern of use of synthetic cathinones,"A pattern of use of synthetic cathinones that has caused damage to a person’s physical or mental health or has resulted in behaviour leading to harm to the health of others. The pattern of synthetic cathinone use is evident over a period of at least 12 months if substance use is episodic or at least one month if use is continuous (i.e., daily or almost daily). Harm to health of the individual occurs due to one or more of the following: (1) behaviour related to intoxication; (2) direct or secondary toxic effects on body organs and systems; or (3) a harmful route of administration. Harm to health of others includes any form of physical harm, including trauma, or mental disorder that is directly attributable to behaviour related to synthetic cathinone intoxication on the part of the person to whom the diagnosis of Harmful pattern of use of synthetic cathinones applies.",synthetic cathinones abuse,,[]
Abuse,http://id.who.int/icd/entity/1055626783,Harmful pattern of use of synthetic cannabinoids,"A pattern of use of synthetic cannabinoids that has caused damage to a person’s physical or mental health or has resulted in behaviour leading to harm to the health of others. The pattern of synthetic cannabinoid use is evident over a period of at least 12 months if substance use is episodic or at least one month if use is continuous (i.e., daily or almost daily). Harm to health of the individual occurs due to one or more of the following: (1) behaviour related to intoxication; (2) direct or secondary toxic effects on body organs and systems; or (3) a harmful route of administration. Harm to health of others includes any form of physical harm, including trauma, or mental disorder that is directly attributable to behaviour related to synthetic cannabinoid intoxication on the part of the person to whom the diagnosis of Harmful pattern of use of synthetic cannabinoids applies.",synthetic cannabinoids abuse,,[]
Abuse,http://id.who.int/icd/entity/360494969,Personal history of physical abuse,"Personal history of non-accidental acts of physical force that result, or have reasonable potential to result, in physical harm or that evoke significant fear. This category is applied to the victim of the maltreatment, not the perpetrator.",Personal history of physical maltreatment,,[]
Abuse,http://id.who.int/icd/entity/1206394097,Personal history of sexual abuse,"Personal history of forced or coerced sexual acts, sexual acts with someone who is unable to consent, or sexual acts involving a child that are intended to provide sexual gratification to an adult. This category is applied to the victim of the maltreatment, not the perpetrator.",Personal history of sexual maltreatment,,[]
Abuse,http://id.who.int/icd/entity/1662953838,"Harmful pattern of use of MDMA or related drugs, including MDA","A pattern of use of MDMA or related drugs, including MDA, that has caused damage to a person’s physical or mental health or has resulted in behaviour leading to harm to the health of others. The pattern of use of MDMA or related drugs is evident over a period of at least 12 months if use is episodic or at least one month if use is continuous (i.e., daily or almost daily). Harm to health of the individual occurs due to one or more of the following: (1) behaviour related to intoxication; (2) direct or secondary toxic effects on body organs and systems; or (3) a harmful route of administration. Harm to health of others includes any form of physical harm, including trauma, or mental disorder that is directly attributable to behaviour related to MDMA or related drug intoxication on the part of the person to whom the diagnosis of Harmful pattern of use of MDMA or related drugs, including MDA applies.",Harmful use of ecstasy or related drugs; MDMA or related drugs abuse,,[]
Abuse,http://id.who.int/icd/entity/1835610951,Disorders due to use of volatile inhalants,"Disorders due to use of volatile inhalants are characterised by the pattern and consequences of volatile inhalant use. Volatile inhalants include a range of compounds that are in the gaseous or vapour phase at ambient temperatures and include various organic solvents, glues, gasoline (petrol), nitrites and gases such as nitrous oxide, trichloroethane, butane, toluene, fluorocarbons, ether and halothane. They have a range of pharmacological properties but are predominantly central nervous system depressants, with many also having vasoactive effects. They tend to be used by younger persons and may be used when access to alternative psychoactive substances is difficult or impossible. Volatile Inhalant Intoxication is well recognized. Volatile inhalants have dependence-producing properties and Volatile Inhalant Dependence and Volatile Inhalant Withdrawal is recognized although comparatively uncommon worldwide. Volatile Inhalant-Induced Mental Disorders are described. They may also cause neurocognitive impairment, including Dementia.",Disorders due to petrol sniffing; Disorders due to abuse of volatile inhalants; inhalant use disorder,,[]
Abuse,http://id.who.int/icd/entity/1605818663,Disorders due to use of synthetic cathinones,"Disorders due to use of synthetic cathinones are characterised by the pattern and consequences of synthetic cathinone use. Synthetic cathinones (also known as ‘bath salts’) are synthetic compounds with stimulant properties related to cathinone found in the khat plant, Catha edulis. The use of synthetic cathinones is common in young populations in many countries. They may produce a range of disorders including Synthetic Cathinone Intoxication, Synthetic Cathinone Dependence and Synthetic Cathinone Withdrawal. Several synthetic cathinone-induced mental disorders are recognised.",Disorders due to abuse of synthetic cathinones,,[]
Abuse,http://id.who.int/icd/entity/804833492,Disorders due to use of synthetic cannabinoids,"Disorders due to use of synthetic cannabinoids are characterised by the pattern and consequences of synthetic cannabinoid use. Synthetic cannabinoids are synthesized diverse chemical compounds that are potent agonists for endogenous cannabinoid receptors. There are several hundred such compounds. The synthetic compound is typically sprayed onto a vehicle such as cannabis or tea leaves and then smoked. The effect of these compounds is distinctly different from smoking naturally cultivated cannabis in that the euphoric effects are typically accompanied or dominated by psychotic-like symptoms (e.g., paranoia, hallucinations, and disorganized behavior). Synthetic Cannabinoid Intoxication may therefore present more frequently with psychotic symptoms in addition to the more typical effects of cannabis. Synthetic cannabinoids are also dependence-producing and Synthetic Cannabinoid Dependence and Synthetic Cannabinoid Withdrawal are recognized. Synthetic Cannabinoid-Induced Mental Disorders also occur; in particular Synthetic Cannabinoid-Induced Psychotic Disorder is recognized.",Disorders due to abuse of synthetic cannabinoids,,[]
Contamination,http://id.who.int/icd/entity/1834648119,Bacterial foodborne intoxications,Any condition caused by an intoxication due to a bacterial toxin. Intoxication is by ingestion of contaminated food.,food contamination; bacterial ichthyotoxism; bacterial fish poisoning; epidemic bacterial fish poisoning; bacterial mussels poisoning; bacterial seafood poisoning; bacterial shellfish poisoning; food infection,,[]
Contamination,http://id.who.int/icd/entity/1805108872,"Gas, fumes or vapour",,gas; fumes; vapour; vapor; air contaminant; lung irritant gas; industrial fumes,,[]
Contamination,http://id.who.int/icd/entity/1484869966,Contamination during use,,,,[]
Contamination,http://id.who.int/icd/entity/59435667,Contamination or decontamination problem,"Problem associated with the presence of any unexpected foreign substance found in the device, on its surface or in the package materials, which may affect performance or intended use of the device, or problem that compromises effective decontamination of the device.",,,[]
Contamination,http://id.who.int/icd/entity/1281022650,"Failure of sterile precautions, as mode of injury or harm",An infection occurred because standard procedures designed to minimize the risk of hospital acquired infection were not followed or were insufficient.,failure of sterile precautions during intervention; contamination as mode of injury or harm; failure to take proper precautions,,[]
Contamination,http://id.who.int/icd/entity/965319250,Mycotoxin,,mycotoxin food contaminant; mold toxin; mould toxin; fungal toxin,,[]
Contamination,http://id.who.int/icd/entity/1330157144,Biological contamination of device,"The undesirable presence of living organisms such as bacteria, fungi, or viruses or their products (enzymes or toxins).",,,[]
Contamination,http://id.who.int/icd/entity/906927338,Microbial contamination of device,Problem associated with undesired microbial contamination of the device.,,,[]
Contamination,http://id.who.int/icd/entity/1486055185,Device contamination with body fluid,"Problem associated with the undesired presence of body fluid in/on the device, which is not part of the documented device specifications and requirements.",,,[]
Contamination,http://id.who.int/icd/entity/859173518,Contaminated small bowel syndrome,,,,[]
Contamination,http://id.who.int/icd/entity/346910682,Contaminated medical or biological substance administered by unspecified means,,,,[]
Contamination,http://id.who.int/icd/entity/211757070,Occupational exposure to dust,"Occupational exposure to dust is exposure to dust during work, at the work location, or from the work location. The primary route of exposure is inhalation.
Dusts are technically defined as dry particle aerosols produced by mechanical processes such as breaking, grinding, and pulverizing. Dusts may be of biological or nonbiological origin.",exposure to occupational dust contaminants,,[]
Contamination,http://id.who.int/icd/entity/189621993,Contamination of environment by device identified,"Operation of the device results in contamination of the nearby environment e.g. dust, dirt, smoke, heat or biological material.",,,[]
Contamination,http://id.who.int/icd/entity/1290037401,Device contamination with chemical or other material,Problem associated with contamination of the device with chemical substance or other non biologic material.,,,[]
Contamination,http://id.who.int/icd/entity/74344857,Mysophobia,,fear of dirt or contamination,,[]
Contamination,http://id.who.int/icd/entity/185263237,Contamination of device ingredient or reagent,"Problem associated with the undesired introduction of impurities either chemical or microbiological in nature, or of foreign matter into or onto the device ingredient or reagent.",,,[]
Contamination,http://id.who.int/icd/entity/1910940240,Contaminated medical or biological substance administered by other means,,,,[]
Contamination,http://id.who.int/icd/entity/1376581154,Device contaminated during manufacture or shipping,,,,[]
Contamination,http://id.who.int/icd/entity/2137072794,"Contaminated medical or biological substance, transfused or infused",,,,[]
Contamination,http://id.who.int/icd/entity/1775560092,Occupational exposure to air contaminants other than dust,"Occupational exposure to other air contaminants refer to biological and chemical agents. Biological agents include grains, flours, plants, gums and woods; fur, feathers and other parts from animals, insects and fungi; and drugs and enzymes. 
 And chemical agents include chlorofluorocarbons, alcohols, metals and their salts, and welding fumes. These agents are found in various workplaces, including facilities for processing food and natural products, animal handling facilities, and manufacturing and construction sites.",,,[]
Contamination,http://id.who.int/icd/entity/377457098,Exposure to or harmful effects of undetermined intent of scombroid fish poisoning,,histamine fish poisoning; scombroid fish poisoning; Scombroid [poisoning by fish contaminated with scombroid toxin]; Exposure to or harmful effects of undetermined intent of scombroid [poisoning by fish contaminated with scombroid toxin],,[]
Contamination,http://id.who.int/icd/entity/1231860254,Unintentional exposure to or harmful effects of other mycotoxin food contaminants,,,,[]
Contamination,http://id.who.int/icd/entity/439019788,"Contaminated medical or biological substance, injected or used for immunization",,,,[]
Contamination,http://id.who.int/icd/entity/889419639,Intentional self-harm by exposure to or harmful effects of other mycotoxin food contaminants,,,,[]
Contamination,http://id.who.int/icd/entity/750896430,Exposure to or harmful effects of undetermined intent of ciguatera fish poisoning,,Ciguatera [poisoning by fish contaminated with ciguatoxin]; Ciguatera fish poisoning; Exposure to or harmful effects of undetermined intent of ciguatera [poisoning by fish contaminated with ciguatoxin],,[]
Contamination,http://id.who.int/icd/entity/1515823366,Exposure to or harmful effects of undetermined intent of other mycotoxin food contaminants,,,,[]
Contamination,http://id.who.int/icd/entity/1668508996,Unintentional exposure to or harmful effects of aflatoxin or other mycotoxin food contaminants,,,,[]
Contamination,http://id.who.int/icd/entity/1041530910,Assault by exposure to or harmful effects of other mycotoxin food contaminants,,,,[]
Contamination,http://id.who.int/icd/entity/1717787808,Intentional self-harm by exposure to or harmful effects of aflatoxin or other mycotoxin food contaminants,,,,[]
Contamination,http://id.who.int/icd/entity/1690272590,Exposure to or harmful effects of undetermined intent of aflatoxin or other mycotoxin food contaminants,,,,[]
Contamination,http://id.who.int/icd/entity/2102543853,Problem with isolation protocol without injury or harm,"Patient not monitored as frequently as required or ordered; or patient mistakenly or inappropriately put on isolation; or isolation technique broken and contamination possible by patient, health provider, or visitor. No injury or harm resulted.",isolation technique broken and contamination possible without documented injury or harm; patient mistakenly or inappropriately put on isolation without documented injury or harm; Patient not monitored as frequently as required or ordered without documented injury or harm,,[]
Contamination,http://id.who.int/icd/entity/301189824,Assault by exposure to or harmful effects of aflatoxin or other mycotoxin food contaminants,,,,[]
Contamination,http://id.who.int/icd/entity/301816397,"Harmful effects of or exposure to noxious substances, Substances chiefly nonmedicinal as to source, Aflatoxin or other mycotoxin food contaminants",,,,[]
Contamination,http://id.who.int/icd/entity/1430751310,"Harmful effects of or exposure to noxious substances, Substances chiefly nonmedicinal as to source, Aflatoxin or other mycotoxin food contaminants, Aflatoxin",,,,[]
Contamination,http://id.who.int/icd/entity/608999939,"Harmful effects of or exposure to noxious substances, Substances chiefly nonmedicinal as to source, Aflatoxin or other mycotoxin food contaminants, Other mycotoxin food contaminants",,,,[]
Arson,http://id.who.int/icd/entity/1141617323,Assault by arson,,,,[]
Cycle,http://id.who.int/icd/entity/231699514,Failure to cycle,Problem associated with the device failing to complete a series of processes or events.,,,[]
Cycle,http://id.who.int/icd/entity/965526830,Motorcycle,,,,[]
Cycle,http://id.who.int/icd/entity/567063364,Rapid cycling,"In the context of bipolar type I or bipolar type II disorder, there has been a high frequency of mood episodes (at least four) over the past 12 months. There may be a switch from one polarity of mood to the other, or the mood episodes may be demarcated by a period of remission. In individuals with a high frequency of mood episodes, some may have a shorter duration than those usually observed in bipolar type I or bipolar type II disorder. In particular, depressive periods may only last several days. If depressive and manic symptoms alternate very rapidly (i.e., from day to day or within the same day), a mixed episode should be diagnosed rather than rapid cycling.",,,[]
Cycle,http://id.who.int/icd/entity/1715907604,Pedal cycle,,,,[]
Cycle,http://id.who.int/icd/entity/13643816,Lunar cycles,"Natural, regular and predictable changes of the moon's position in relation to the earth.",,,[]
Cycle,http://id.who.int/icd/entity/324760454,Unintentional land transport traffic event injuring a motor cyclist,,motorcycle rider injured in transport accident; unintentional land transport accident motorbike; motorbike accident; motorbike traffic accident; Motorcycle accident NOS,,[]
Cycle,http://id.who.int/icd/entity/1889990301,Disorders of urea cycle metabolism,,"disorder of urea cycle; disorders of metabolism of ornithine, citrulline, argininosuccinic acid, arginine and ammonia; ammonia metabolic disorder",,[]
Cycle,http://id.who.int/icd/entity/472270037,Pedal cyclist injured in other and unspecified transport accidents,,"Pedal cycle collision NOS, traffic; Pedal cycle accident NOS; Bicycle accident NOS; Bicycle collision NOS, traffic; bicyclist injured in other and unspecified transport accident",,[]
Cycle,http://id.who.int/icd/entity/29970526,Unintentional land transport event unknown whether traffic or nontraffic injuring a motor cyclist,,"unintentional off-road crash injuring a motor cyclist, unknown whether on road; motor bike crash NOS; motor cycle crash NOS",,[]
Cycle,http://id.who.int/icd/entity/1665912805,Female infertility associated with ovarian dysfunction,"Female infertility caused by ovarian dysfunction, whose subtypes are classified elsewhere in the sections Amenorrhea and Endocrine Dysfunction",anovulatory infertility; female infertility associated with anovulation; female infertility associated with anovulatory cycle; female infertility of anovulatory origin; anovular cycle; anovulatory; anovulatory cycle; anovulatory period; failure or lack of ovulation; lack of ovulation; nonovulation,,[]
Cycle,http://id.who.int/icd/entity/537271184,Excessive menstruation with irregular cycle,,excess menstruation with irregular cycle; excessive cycle with irregular cycle; Menometrorrhagia,,[]
Cycle,http://id.who.int/icd/entity/1407748124,Irregular menstrual bleeding,Menstruation with a regularity (cycle to cycle variation) of 21 days or more (previously defined as oligomenorrhea),irregular cycle menstruation; irregular menses; irregular menstrual cycle; irregular menstruation; irregular uterine bleeding; menstrual irregularity; menstrual periods irregular; variable menstrual cycle; irregular periods NOS; abnormal periods; irregular bleeding NOS; paramenia,,[]
Cycle,http://id.who.int/icd/entity/402150632,Day/night cycles,"Natural, regular and predictable changes from day through to night and back to day, such as day, night, dawn and dusk.",,,[]
Cycle,http://id.who.int/icd/entity/1904374437,Other disorders of the urea cycle,,,,[]
Cycle,http://id.who.int/icd/entity/658415697,Disorders of the citric acid cycle,,Tricarboxylic acid cycle disorders; Krebs cycle disorders; TCA - [Tricarboxylic acid] cycle disorders,,[]
Cycle,http://id.who.int/icd/entity/1422699445,Regularity of menstrual cycle,Functions involved in the regularity of the menstrual cycle.,Functions involved in regularity of menstrual cycle,,[]
Cycle,http://id.who.int/icd/entity/271602070,Unintentional land transport nontraffic event injuring a motor cyclist,,"unintentional off-road crash injuring a motor cyclist; motorbike non-traffic crash; motorbike off-road crash; Motorcycle accident NOS, nontraffic; Motorcycle rider injured in nontraffic accident NOS",,[]
Cycle,http://id.who.int/icd/entity/285952672,Motorcycle rider injured in noncollision transport accident : unspecified motorcycle rider injured in nontraffic accident,,"Motorcycle collision NOS, nontraffic",,[]
Cycle,http://id.who.int/icd/entity/890605309,Disorders of carnitine transport or the carnitine cycle,,,,[]
Cycle,http://id.who.int/icd/entity/1454277660,Sensations associated with the menstrual cycle,"Sensations involved with menstruation, including pre- and post-menstrual phases.",,,[]
Cycle,http://id.who.int/icd/entity/1156594276,Menstruation cycle disorders (TM1),,Menstrual cycle disorders (TM1),,[]
Cycle,http://id.who.int/icd/entity/1877903899,Unintentional land transport nontraffic event injuring a pedal cyclist,,"unintentional off-road crash injuring a pedal cyclist; Pedal cycle collision NOS, nontraffic; Pedal cycle accident NOS, nontraffic; Pedal cyclist injured in nontraffic accident NOS; Bicycle accident NOS, nontraffic; Bicyclist injured in nontraffic accident NOS",,[]
Cycle,http://id.who.int/icd/entity/34853044,Disorders of the gamma-glutamyl cycle,,,,[]
Cycle,http://id.who.int/icd/entity/1162728986,Excessive menstruation with regular cycle,,excessive menses; epimenorrhoea; epimenorrhea; heavy menstruation; flooding during periods; Heavy periods NOS; hypermenorrhea; hypermenorrhoea; menorrhagia; profuse menstrual flow; Menorrhagia NOS,,[]
Cycle,http://id.who.int/icd/entity/581720013,Contact with health services for controlled ovarian stimulation for non-assisted reproductive technology cycles,Pharmacological treatment for women with normal ovulatory cycles in which the ovaries are stimulated to ovulate more than one oocyte.,COS - [controlled ovarian stimulation] for non-ART - [non-assisted reproductive technology] cycles,,[]
Cycle,http://id.who.int/icd/entity/1652407814,Pedal cycle baby carrier,,,,[]
Cycle,http://id.who.int/icd/entity/1657565147,Mittelschmerz,"A symptom of the genital and endocrine systems, caused by hormonal changes associated with the menstrual cycle. This symptom is characterised by acute lower abdominal and pelvic pain that occur in the middle of the menstrual cycle, typically at the time of ovulation, which can last for hours or days, associated with ovulation.",intermenstrual pain; mid-cycle pain; ovulation pain; ovulatory pain,,[]
Cycle,http://id.who.int/icd/entity/831518052,Liver diseases due to urea cycle defects,"This is a group of liver diseases due to defects in the urea cycle, which is a metabolic cycle of nitrogen-containing compounds that produces the waste product urea.",,,[]
Cycle,http://id.who.int/icd/entity/1164216858,Pedestrian injured in collision with pedal cycle,,,,[]
Cycle,http://id.who.int/icd/entity/372154742,Problems of adjustment to life-cycle transitions,,"maladjustment; adjustment, life-cycle transition",,[]
Cycle,http://id.who.int/icd/entity/1522305034,Functions involving the sleep cycle,Mental functions that produce rapid eye movement (REM) sleep (associated with dreaming) and non-rapid eye movement sleep (NREM) (characterized by the traditional concept of sleep as a time of decreased physiological and psychological activity).,,,[]
Cycle,http://id.who.int/icd/entity/213603738,Menstrual cycle bleeding disorders,,disorder of menstruation; menstrual disorder; menstruation disturbance,,[]
Cycle,http://id.who.int/icd/entity/312590851,Pedal cyclist injured in collision with other pedal cycle,,,,[]
Cycle,http://id.who.int/icd/entity/1359329403,Circadian rhythm sleep-wake disorders,"Circadian rhythm sleep-wake disorders are disturbances of the sleep-wake cycle (typically manifest as insomnia, excessive sleepiness, or both) due to alterations of the circadian time-keeping system, its entrainment mechanisms, or a misalignment of the endogenous circadian rhythm and the external environment. Sleep logs and, if possible, actigraphy for a minimum of one week should be utilized to define the specific sleep-wake schedule disturbance.",disorder of sleep-wake cycle; disturbed nyctohemeral rhythm; sleep rhythm problem; sleep wake schedule disorder nos; Disorders of the sleep-wake schedule,,[]
Cycle,http://id.who.int/icd/entity/1221011382,"Type of sport or exercise activity, road cycling",,,,[]
Cycle,http://id.who.int/icd/entity/1056920513,Car occupant injured in collision with pedal cycle,,,,[]
Cycle,http://id.who.int/icd/entity/961508372,Bus occupant injured in collision with pedal cycle,,,,[]
Cycle,http://id.who.int/icd/entity/353494488,Motorcycle rider injured in collision with pedal cycle,,,,[]
Cycle,http://id.who.int/icd/entity/462840578,Motorcycle rider injured in other and unspecified transport accidents,,,,[]
Cycle,http://id.who.int/icd/entity/2099410852,Difficulty with dealing with life-cycle transition,,,,[]
Cycle,http://id.who.int/icd/entity/1609515894,"Type of sport or exercise activity, mountain cycling",,"Type of sport or exercise activity, mountain bike",,[]
Cycle,http://id.who.int/icd/entity/55496822,"Type of sport or exercise activity, cycling not otherwise specified",,,,[]
Cycle,http://id.who.int/icd/entity/1877768049,Pedal cyclist injured from overturning of pedal cycle,,,,[]
Cycle,http://id.who.int/icd/entity/1829607549,Reversed sleep-wake cycle,,,,[]
Cycle,http://id.who.int/icd/entity/1721232950,"Type of sport or exercise activity, BMX cycling",,,,[]
Cycle,http://id.who.int/icd/entity/542554339,Motorcycle as mode of transport of person injured in transport related event,"A motorcycle is a land transport motor vehicle with one or two riding saddles, usually with two-wheels in-line. A sidecar or trailer is considered part of the motorcycle.",Includes vehicles with one wheel at the rear and two closely-spaced steerable wheels at the front and motorised tricycles (one wheel at the front) if registered as motor-cycles,,[]
Cycle,http://id.who.int/icd/entity/748107330,"Pedestrian injured in collision with pedal cycle, traffic accident",,,,[]
Cycle,http://id.who.int/icd/entity/2115976104,Pedal cyclist injured due to entanglement in wheel of pedal cycle,,,,[]
Cycle,http://id.who.int/icd/entity/551166421,Motorcycle rider injured by being trapped by part of motorcycle,,,,[]
Cycle,http://id.who.int/icd/entity/2128457364,Motorcycle rider injured in noncollision transport accident,,,,[]
Carriage,http://id.who.int/icd/entity/973493353,Asymptomatic carriage of Entamoeba in the large intestine,"Entamoeba histolytica can live in the large intestine (colon) without causing damage to the intestines. Other protozoan such as Entamoeba coli, E. hartmanni, E. polecki, Endolimax nana, and Iodamoeba buetschlii are generally considered nonpathogenic and reside in the large intestine of the human host.",,,[]
Carriage,http://id.who.int/icd/entity/2018359750,Asymptomatic enteric carriage of Entamoeba,,amoebiasis carrier; asymptomatic enteric carriage of Entamoeba histolytica,,[]
Carriage,http://id.who.int/icd/entity/1235464316,Asymptomatic carriage of Entamoeba in the small intestine,"Trophozoites can sometimes remain in the intestinal lumen for years without causing any damage: the patient is then an asymptomatic carrier. The majority (90%) of patients fall into this group. Asymptomatic carriers have by definition no symptoms of amoebiasis. These persons can be detected by faeces analyses. This may show cysts of non-pathogenic E. dispar or of potentially pathogenic E. histolytica, which for unknown reasons is not invasive.",,,[]
Carriage,http://id.who.int/icd/entity/1005023802,Baby carriage as mode of transport of person injured in transport related event,,,,[]
Carriage,http://id.who.int/icd/entity/600791455,Baby carriage as counterpart in land transport crash,,,,[]
Carriage,http://id.who.int/icd/entity/983005034,"Baby pram, buggy, pusher, stroller, carriage",,,,[]
Motorcycle,http://id.who.int/icd/entity/965526830,Motorcycle,,,,[]
Motorcycle,http://id.who.int/icd/entity/324760454,Unintentional land transport traffic event injuring a motor cyclist,,motorcycle rider injured in transport accident; unintentional land transport accident motorbike; motorbike accident; motorbike traffic accident; Motorcycle accident NOS,,[]
Motorcycle,http://id.who.int/icd/entity/29970526,Unintentional land transport event unknown whether traffic or nontraffic injuring a motor cyclist,,"unintentional off-road crash injuring a motor cyclist, unknown whether on road; motor bike crash NOS; motor cycle crash NOS",,[]
Motorcycle,http://id.who.int/icd/entity/271602070,Unintentional land transport nontraffic event injuring a motor cyclist,,"unintentional off-road crash injuring a motor cyclist; motorbike non-traffic crash; motorbike off-road crash; Motorcycle accident NOS, nontraffic; Motorcycle rider injured in nontraffic accident NOS",,[]
Motorcycle,http://id.who.int/icd/entity/285952672,Motorcycle rider injured in noncollision transport accident : unspecified motorcycle rider injured in nontraffic accident,,"Motorcycle collision NOS, nontraffic",,[]
Motorcycle,http://id.who.int/icd/entity/353494488,Motorcycle rider injured in collision with pedal cycle,,,,[]
Motorcycle,http://id.who.int/icd/entity/462840578,Motorcycle rider injured in other and unspecified transport accidents,,,,[]
Motorcycle,http://id.who.int/icd/entity/542554339,Motorcycle as mode of transport of person injured in transport related event,"A motorcycle is a land transport motor vehicle with one or two riding saddles, usually with two-wheels in-line. A sidecar or trailer is considered part of the motorcycle.",Includes vehicles with one wheel at the rear and two closely-spaced steerable wheels at the front and motorised tricycles (one wheel at the front) if registered as motor-cycles,,[]
Motorcycle,http://id.who.int/icd/entity/551166421,Motorcycle rider injured by being trapped by part of motorcycle,,,,[]
Motorcycle,http://id.who.int/icd/entity/2128457364,Motorcycle rider injured in noncollision transport accident,,,,[]
Motorcycle,http://id.who.int/icd/entity/891089806,Motorcycle as counterpart in land transport crash,"A motorcycle is a land transport motor vehicle with one or two riding saddles, usually with two-wheels in-line. A sidecar or trailer is considered part of the motorcycle.",,,[]
Motorcycle,http://id.who.int/icd/entity/1884956738,Motorcycle rider injured in collision with pedestrian or animal,,,,[]
Motorcycle,http://id.who.int/icd/entity/1728017988,Motorcycle rider injured in collision with other nonmotor vehicle,,,,[]
Motorcycle,http://id.who.int/icd/entity/35976950,Motorcycle rider injured in collision with pedal cycle : unspecified motorcycle rider injured in traffic accident,,,,[]
Motorcycle,http://id.who.int/icd/entity/2014191837,Motorcycle rider injured in collision with pedal cycle : unspecified motorcycle rider injured in nontraffic accident,,,,[]
Motorcycle,http://id.who.int/icd/entity/1797364873,Motorcycle rider injured in noncollision transport accident : unspecified motorcycle rider injured in traffic accident,,,,[]
Motorcycle,http://id.who.int/icd/entity/307373757,Motorcycle rider injured in collision with railway train or railway vehicle,,,,[]
Motorcycle,http://id.who.int/icd/entity/1531662474,Fall from motorcycle without counterpart,,,,[]
Motorcycle,http://id.who.int/icd/entity/62176214,Motorcycle rider injured in collision with fixed or stationary object,,,,[]
Motorcycle,http://id.who.int/icd/entity/1121234383,Occupant of three-wheeled motor vehicle injured in collision with pedal cycle,,,,[]
Motorcycle,http://id.who.int/icd/entity/1998187305,Motorcycle rider injured in collision with heavy transport vehicle or bus,,,,[]
Motorcycle,http://id.who.int/icd/entity/1639757097,Motorcycle rider injured in collision with two- or three-wheeled motor vehicle,,,,[]
Motorcycle,http://id.who.int/icd/entity/517750389,"Motorcycle rider injured in collision with pedestrian or animal, unspecified motorcycle rider injured in traffic accident",,,,[]
Motorcycle,http://id.who.int/icd/entity/799666784,Underbone motorcycle as mode of transport of person injured in transport related event,,,,[]
Motorcycle,http://id.who.int/icd/entity/1693902940,Motorcycle rider injured in collision with pedestrian or animal : unspecified motorcycle rider injured in nontraffic accident,,,,[]
Motorcycle,http://id.who.int/icd/entity/199275337,Motorcycle rider injured in collision with pedal cycle : passenger injured in traffic accident,,,,[]
Motorcycle,http://id.who.int/icd/entity/212037668,Motorcycle rider injured in collision with pedal cycle : passenger injured in nontraffic accident,,,,[]
Motorcycle,http://id.who.int/icd/entity/1856732893,Motorcycle rider injured in collision with pedal cycle : driver injured in traffic accident,,,,[]
Motorcycle,http://id.who.int/icd/entity/1776860598,Motorcycle rider injured in collision with pedal cycle : driver injured in nontraffic accident,,,,[]
Motorcycle,http://id.who.int/icd/entity/1659230516,Motorcycle rider injured in noncollision transport accident : passenger injured in traffic accident,,,,[]
Motorcycle,http://id.who.int/icd/entity/1794382913,Underbone motorcycle as counterpart in land transport crash,,,,[]
Motorcycle,http://id.who.int/icd/entity/1705384543,Motorcycle rider injured in noncollision transport accident : passenger injured in nontraffic accident,,,,[]
Motorcycle,http://id.who.int/icd/entity/128849058,Motorcycle rider injured in noncollision transport accident : driver injured in traffic accident,,,,[]
Motorcycle,http://id.who.int/icd/entity/15587275,Motorcycle rider injured in noncollision transport accident : driver injured in nontraffic accident,,,,[]
Motorcycle,http://id.who.int/icd/entity/962430900,Motorcycle rider injured in collision with other nonmotor vehicle : unspecified motorcycle rider injured in traffic accident,,,,[]
Motorcycle,http://id.who.int/icd/entity/1131893149,Motorcycle rider injured in collision with other nonmotor vehicle : unspecified motorcycle rider injured in nontraffic accident,,,,[]
Motorcycle,http://id.who.int/icd/entity/953821068,"Motorcycle rider injured in collision with railway train or railway vehicle, unspecified motorcycle rider injured in traffic accident",,,,[]
Motorcycle,http://id.who.int/icd/entity/1123086755,"Motorcycle rider injured in collision with railway train or railway vehicle, unspecified motorcycle rider injured in nontraffic accident",,,,[]
Motorcycle,http://id.who.int/icd/entity/387480520,"Motorcycle rider injured in collision with pedestrian or animal, passenger injured in traffic accident",,,,[]
Motorcycle,http://id.who.int/icd/entity/274446499,Motorcycle rider injured in collision with pedestrian or animal : passenger injured in nontraffic accident,,,,[]
Motorcycle,http://id.who.int/icd/entity/1918088798,"Motorcycle rider injured in collision with pedestrian or animal, driver injured in traffic accident",,,,[]
Motorcycle,http://id.who.int/icd/entity/1964012855,Motorcycle rider injured in collision with pedestrian or animal : driver injured in nontraffic accident,,,,[]
Motorcycle,http://id.who.int/icd/entity/631590709,Motorcycle rider injured in collision with fixed or stationary object : unspecified motorcycle rider injured in traffic accident,,,,[]
Motorcycle,http://id.who.int/icd/entity/1603246366,Motorcycle rider injured in collision with fixed or stationary object : unspecified motorcycle rider injured in nontraffic accident,,,,[]
Motorcycle,http://id.who.int/icd/entity/83327165,"Motorcycle rider injured in collision with car, pick-up truck or van",,,,[]
Motorcycle,http://id.who.int/icd/entity/491121993,Motorcycle rider injured in collision with pedal cycle : person injured while boarding or alighting,,,,[]
Motorcycle,http://id.who.int/icd/entity/815383049,Motorcycle rider injured in collision with other nonmotor vehicle : passenger injured in traffic accident,,,,[]
Motorcycle,http://id.who.int/icd/entity/306107845,Occupant of three-wheeled motor vehicle injured in collision with pedal cycle : unspecified occupant of three-wheeled motor vehicle injured in traffic accident,,,,[]
Motorcycle,http://id.who.int/icd/entity/937034082,Motorcycle rider injured in collision with other nonmotor vehicle : passenger injured in nontraffic accident,,,,[]
Motorcycle,http://id.who.int/icd/entity/224382584,Occupant of three-wheeled motor vehicle injured in collision with pedal cycle : unspecified occupant of three-wheeled motor vehicle injured in nontraffic accident,,,,[]
Car,http://id.who.int/icd/entity/1710329660,Unintentional land transport road traffic injury event,,unintentional land transport injury event in road crash; unintentional land transport injury event on road; unintentional traffic accident; car accident NOS; road traffic accident NOS; automobile accident; two vehicle collision; motor vehicle mishap; RTA - [Road Traffic Accident],,[]
Car,http://id.who.int/icd/entity/1032140413,Passenger car,,,,[]
Car,http://id.who.int/icd/entity/1602402495,Unintentional land transport event unknown whether traffic or nontraffic injuring a car occupant,,"unintentional off-road crash injuring a motor vehicle occupant, unknown whether on road; car crash NOS; truck crash NOS",,[]
Car,http://id.who.int/icd/entity/1714848321,Car polish,,automobile wax; car wax,,[]
Car,http://id.who.int/icd/entity/916445867,Race car,,,,[]
Car,http://id.who.int/icd/entity/1429411971,Car occupant injured in noncollision transport accident,,overturning car; overturned car,,[]
Car,http://id.who.int/icd/entity/813225239,Car occupant injured in other and unspecified transport accidents,,"Car collision NOS, traffic",,[]
Car,http://id.who.int/icd/entity/2114216989,Unintentional land transport nontraffic event injuring a car occupant,,"Car collision NOS, nontraffic",,[]
Car,http://id.who.int/icd/entity/837312255,"Pedestrian injured in collision with car, pick-up truck or van, traffic accident",,"pedestrian struck by car, pick-up truck or van; person struck by car; pedestrian struck by automobile",,[]
Car,http://id.who.int/icd/entity/2009383602,Logging car,,,,[]
Car,http://id.who.int/icd/entity/1683201114,Coal-car in mine,,,,[]
Car,http://id.who.int/icd/entity/1758338082,Unintentional land transport traffic event injuring a car occupant,,car occupant injured in transport accident,,[]
Car,http://id.who.int/icd/entity/149194003,Any car occupant injured in unspecified nontraffic accident,,Car occupant injured in nontraffic accident NOS,,[]
Car,http://id.who.int/icd/entity/703247335,Car sickness,,,,[]
Car,http://id.who.int/icd/entity/1056920513,Car occupant injured in collision with pedal cycle,,,,[]
Car,http://id.who.int/icd/entity/1538563669,Car occupant injured in collision with pedestrian or animal,,,,[]
Car,http://id.who.int/icd/entity/1485925736,Car as mode of transport of person injured in transport related event,"A land transport motor vehicle designed primarily to seat no more than 9 persons, including the driver, designed primarily for on-road use or so as to be registrable for on-road use. A trailer or caravan being towed by a car is considered a part of the car. Usually has four wheels.",Passenger car as mode of transport of person injured in transport related event,,[]
Car,http://id.who.int/icd/entity/899576709,Car as counterpart in land transport crash,"A land transport motor vehicle designed primarily to seat no more than 9 persons, including the driver, designed primarily for on-road use or so as to be registrable for on-road use. A trailer or caravan being towed by a car is considered a part of the car. Usually four wheels.",,,[]
Car,http://id.who.int/icd/entity/1337304288,Car occupant trapped by door or other part of car,,,,[]
Car,http://id.who.int/icd/entity/1293008981,Car occupant injured in collision with other nonmotor vehicle,,,,[]
Car,http://id.who.int/icd/entity/192763439,Car occupant injured in noncollision transport accident : unspecified car occupant injured in traffic accident,,,,[]
Car,http://id.who.int/icd/entity/337399188,Car occupant injured in noncollision transport accident : unspecified car occupant injured in nontraffic accident,,,,[]
Car,http://id.who.int/icd/entity/1030557905,Motor car as mode of transport of person injured in transport related event,,,,[]
Car,http://id.who.int/icd/entity/968659116,Car occupant injured in collision with railway train or railway vehicle,,,,[]
Car,http://id.who.int/icd/entity/1060804103,Motorcar as counterpart in land transport crash,,,,[]
Car,http://id.who.int/icd/entity/1232263851,"Type of sport or exercise activity, motor car racing",,,,[]
Car,http://id.who.int/icd/entity/676990401,Car occupant injured in collision with fixed or stationary object,,,,[]
Car,http://id.who.int/icd/entity/1055837255,"Streetcar, tram, electric car, car trolley",,,,[]
Car,http://id.who.int/icd/entity/1559715134,Car occupant injured in collision with heavy transport vehicle or bus,,,,[]
Car,http://id.who.int/icd/entity/1652046932,Car occupant injured in collision with pedal cycle : unspecified car occupant injured in traffic accident,,,,[]
Car,http://id.who.int/icd/entity/2098800623,Car occupant injured in collision with pedal cycle : unspecified car occupant injured in nontraffic accident,,,,[]
Car,http://id.who.int/icd/entity/2122380499,Car occupant injured in collision with pedestrian or animal : unspecified car occupant injured in traffic accident,,,,[]
Car,http://id.who.int/icd/entity/1642196848,Car occupant injured in collision with pedestrian or animal : unspecified car occupant injured in nontraffic accident,,,,[]
Car,http://id.who.int/icd/entity/192618585,Baby or child car seat,,,,[]
Car,http://id.who.int/icd/entity/1981039469,Car occupant injured in noncollision transport accident : passenger injured in traffic accident,,,,[]
Car,http://id.who.int/icd/entity/100323577,Car occupant injured in noncollision transport accident : passenger injured in nontraffic accident,,,,[]
Car,http://id.who.int/icd/entity/45683602,Car occupant injured in noncollision transport accident : driver injured in traffic accident,,,,[]
Car,http://id.who.int/icd/entity/1622220141,Car occupant injured in noncollision transport accident : driver injured in nontraffic accident,,,,[]
Car,http://id.who.int/icd/entity/790220458,"Car occupant injured in collision with car, pick-up truck or van",,"car occupant injured in motor vehicle collision with other car, pick-up truck or van",,[]
Car,http://id.who.int/icd/entity/2027718323,"Occupant of pick-up truck or van injured in collision with car, pick-up truck or van",,,,[]
Car,http://id.who.int/icd/entity/1493257490,Car occupant injured in collision with other nonmotor vehicle : unspecified car occupant injured in traffic accident,,,,[]
Car,http://id.who.int/icd/entity/1180718767,Car occupant injured in collision with other nonmotor vehicle : unspecified car occupant injured in nontraffic accident,,,,[]
Car,http://id.who.int/icd/entity/1417811825,"Pedestrian injured in collision with car, pick-up truck or van",,,,[]
Car,http://id.who.int/icd/entity/1246888768,Car occupant injured in collision with two- or three-wheeled motor vehicle,,,,[]
Car,http://id.who.int/icd/entity/1992495442,"Car occupant injured in collision with car, pick-up truck or van : driver injured in traffic accident",,"car operator injured in collision with other car, pick-up truck or van; driver of a car involved in collision with other car, pick-up truck or van",,[]
Car,http://id.who.int/icd/entity/521218322,Car occupant injured in collision with pedal cycle : passenger injured in traffic accident,,,,[]
Car,http://id.who.int/icd/entity/1828698758,Car occupant injured in collision with pedal cycle : passenger injured in nontraffic accident,,,,[]
Car,http://id.who.int/icd/entity/1807514095,Car occupant injured in collision with pedal cycle : driver injured in traffic accident,,,,[]
Car,http://id.who.int/icd/entity/162821904,Car occupant injured in collision with pedal cycle : driver injured in nontraffic accident,,,,[]
Car,http://id.who.int/icd/entity/1485237550,Car occupant injured in collision with railway train or railway vehicle : unspecified car occupant injured in traffic accident,,,,[]
Minibus,http://id.who.int/icd/entity/1417136230,Minibus,,,,[]
Minibus,http://id.who.int/icd/entity/1326484305,Unintentional land transport traffic event injuring an occupant of a minibus,,,,[]
Minibus,http://id.who.int/icd/entity/1652082013,Minibus or passenger van as mode of transport of person injured in transport related event,,,,[]
Minibus,http://id.who.int/icd/entity/448332621,Minibus or passenger van as counterpart in land transport crash,,,,[]
Coach,http://id.who.int/icd/entity/139444027,Joubert syndrome with hepatic defect,Joubert syndrome with hepatic defect is a very rare subtype of Joubert syndrome related disorders (JSRD) characterised by the neurological features of Joubert syndrome associated with congenital hepatic fibrosis (CHF).,Cerebellar vermis hypoplasia - oligophrenia - congenital ataxia - coloboma - hepatic fibrosis; Joubert syndrome with congenital hepatic fibrosis; COACH - [Cerebellar vermis hypoplasia - oligophrenia - congenital ataxia - coloboma - hepatic fibrosis] syndrome,,[]
Coach,http://id.who.int/icd/entity/1009830752,"Bus, coach",,,,[]
Coach,http://id.who.int/icd/entity/1813975252,Bus or coach as mode of transport of person injured in transport related event,A passenger motor vehicle designed to carry 10 or more persons (including the driver). Buses may be designed to accommodate standing passengers and/or seated passengers.,,,[]
Coach,http://id.who.int/icd/entity/992212838,Bus or coach as counterpart in land transport crash,A passenger motor vehicle designed to carry 10 or more persons (including the driver). Buses may be designed to accommodate standing passengers and/or seated passengers.,,,[]
Coach,http://id.who.int/icd/entity/721114126,Unintentional land transport traffic event injuring an occupant of a bus or coach,,"Bus occupant injured in transport accident; Bus collision NOS, traffic; Bus accident NOS",,[]
Coach,http://id.who.int/icd/entity/1499360506,Unintentional land transport nontraffic event injuring an occupant of a bus or coach,,"Bus collision NOS, nontraffic; Bus accident NOS, nontraffic; Bus occupant injured in nontraffic accident NOS",,[]
Coach,http://id.who.int/icd/entity/651041482,Assault by land transport traffic event injuring occupant of bus or coach,,,,[]
Coach,http://id.who.int/icd/entity/565253971,Land transport traffic injury event of undetermined intent injuring a bus or coach occupant,,,,[]
Coach,http://id.who.int/icd/entity/155195946,Land transport nontraffic injury event of undetermined intent injuring a bus or coach occupant,,,,[]
Coach,http://id.who.int/icd/entity/1278376191,Unintentional land transport event unknown whether traffic or nontraffic injuring an occupant of a bus or coach,,,,[]
Coach,http://id.who.int/icd/entity/464169975,"Land transport injury event of undetermined intent, unknown whether road traffic or off-road nontraffic injuring a bus or coach occupant",,,,[]
Agricultural vehicle,http://id.who.int/icd/entity/187314448,Unintentional land transport traffic event injuring a user of a special vehicle mainly used in agriculture,,occupant of special vehicle mainly used in agriculture injured in transport accident; Special-agricultural-vehicle accident NOS,,[]
Agricultural vehicle,http://id.who.int/icd/entity/1683575970,Unspecified occupant of special agricultural vehicle injured in traffic accident,,,,[]
Agricultural vehicle,http://id.who.int/icd/entity/1975503305,Passenger of special agricultural vehicle injured in traffic accident,,,,[]
Agricultural vehicle,http://id.who.int/icd/entity/105994845,Passenger of special agricultural vehicle injured in nontraffic accident,,,,[]
Agricultural vehicle,http://id.who.int/icd/entity/284427357,Driver of special agricultural vehicle injured in traffic accident,,,,[]
Agricultural vehicle,http://id.who.int/icd/entity/1929120420,Driver of special agricultural vehicle injured in nontraffic accident,,,,[]
Agricultural vehicle,http://id.who.int/icd/entity/17996088,Person on outside of special agricultural vehicle injured in traffic accident,,,,[]
Agricultural vehicle,http://id.who.int/icd/entity/1662687177,Person on outside of special agricultural vehicle injured in nontraffic accident,,,,[]
Agricultural vehicle,http://id.who.int/icd/entity/1109907866,Mobile machinery or special purpose vehicle mainly used in agriculture,,,,[]
Agricultural vehicle,http://id.who.int/icd/entity/397920054,Person injured while boarding or alighting from special agricultural vehicle,,,,[]
Agricultural vehicle,http://id.who.int/icd/entity/1649731250,Special vehicle mainly used in agriculture as mode of transport of person injured in transport related event,"A motor vehicle designed specifically for use in farming and agriculture (horticulture), for example to work the land, tend and harvest crops and transport materials on the farm.",,,[]
Agricultural vehicle,http://id.who.int/icd/entity/419014753,Special vehicle mainly used in agriculture as counterpart in land transport crash,"A motor vehicle designed specifically for use in farming and agriculture (horticulture), for example to work the land, tend and harvest crops and transport materials on the farm.",,,[]
Agricultural vehicle,http://id.who.int/icd/entity/648672667,Unintentional land transport nontraffic event injuring a user of a special vehicle mainly used in agriculture,,,,[]
Agricultural vehicle,http://id.who.int/icd/entity/24783331,Land transport traffic injury event of undetermined intent injuring a user of a special vehicle mainly used in agriculture,,,,[]
Agricultural vehicle,http://id.who.int/icd/entity/650926840,Land transport nontraffic injury event of undetermined intent injuring a user of a special vehicle mainly used in agriculture,,,,[]
Agricultural vehicle,http://id.who.int/icd/entity/548807869,Unintentional land transport event unknown whether traffic or nontraffic injuring an occupant of a special vehicle mainly used in agriculture,,,,[]
Agricultural vehicle,http://id.who.int/icd/entity/759116234,"Assault by land transport traffic event injuring occupant of special vehicle mainly used in agriculture, except tractor",,,,[]
Agricultural vehicle,http://id.who.int/icd/entity/952555827,"Land transport injury event of undetermined intent, unknown whether road traffic or off-road nontraffic injuring a user of a special vehicle mainly used in agriculture",,,,[]
Construction vehicle,http://id.who.int/icd/entity/1851915398,Unintentional land transport traffic event injuring a user of a special construction vehicle,,occupant of special construction vehicle injured in transport accident; Special-construction-vehicle accident NOS,,[]
Construction vehicle,http://id.who.int/icd/entity/2023857187,Unspecified occupant of special construction vehicle injured in traffic accident,,,,[]
Construction vehicle,http://id.who.int/icd/entity/1766261064,Passenger of special construction vehicle injured in traffic accident,,,,[]
Construction vehicle,http://id.who.int/icd/entity/447320796,Passenger of special construction vehicle injured in nontraffic accident,,,,[]
Construction vehicle,http://id.who.int/icd/entity/202165470,Driver of special construction vehicle injured in traffic accident,,,,[]
Construction vehicle,http://id.who.int/icd/entity/1845805603,Driver of special construction vehicle injured in nontraffic accident,,,,[]
Construction vehicle,http://id.who.int/icd/entity/1393249384,Special construction vehicle as mode of transport of person injured in transport related event,"A motor vehicle designed specifically for use in the construction (or demolition) of roads, buildings and other structures or associated earth-moving.",,,[]
Construction vehicle,http://id.who.int/icd/entity/501895607,Person on outside of special construction vehicle injured in traffic accident,,,,[]
Construction vehicle,http://id.who.int/icd/entity/1570324234,Special construction vehicle as counterpart in land transport crash,"A motor vehicle designed specifically for use in the construction (or demolition) of roads, buildings and other structures or associated earth-moving.",,,[]
Construction vehicle,http://id.who.int/icd/entity/2145541962,Person on outside of special construction vehicle injured in nontraffic accident,,,,[]
Construction vehicle,http://id.who.int/icd/entity/1819742234,Mobile machinery or special purpose vehicle mainly used in construction,,,,[]
Construction vehicle,http://id.who.int/icd/entity/189730743,Person injured while boarding or alighting from special construction vehicle,,,,[]
Construction vehicle,http://id.who.int/icd/entity/723879647,Unintentional land transport nontraffic event injuring a user of a special construction vehicle,,,,[]
Construction vehicle,http://id.who.int/icd/entity/1838051789,Assault by land transport traffic event injuring occupant of special construction vehicle,,,,[]
Construction vehicle,http://id.who.int/icd/entity/1682209990,Land transport traffic injury event of undetermined intent injuring a user of a special construction vehicle,,,,[]
Construction vehicle,http://id.who.int/icd/entity/1843870705,Land transport nontraffic injury event of undetermined intent injuring a user of a special construction vehicle,,,,[]
Construction vehicle,http://id.who.int/icd/entity/94693671,Unintentional land transport event unknown whether traffic or nontraffic injuring an occupant of a special construction vehicle,,,,[]
Construction vehicle,http://id.who.int/icd/entity/1473420042,"Land transport injury event of undetermined intent, unknown whether road traffic or off-road nontraffic injuring a user of a special construction vehicle",,,,[]
Special terrain vehicle,http://id.who.int/icd/entity/1853977475,Special all-terrain vehicle or off-road vehicle,,,,[]
Special terrain vehicle,http://id.who.int/icd/entity/339419809,Special all-terrain vehicle as mode of transport of person injured in transport related event,"A vehicle designed primarily for off-road use with capability to traverse a wide range of types of terrain by means of wheels, tracks, support on a cushion of air or other form of support/traction.","Mode of transport, Special all-terrain or off-road vehicle",,[]
Special terrain vehicle,http://id.who.int/icd/entity/311555997,Special all-terrain vehicle as counterpart in land transport crash,"A vehicle designed primarily for off-road use with capability to traverse a wide range of types of terrain by means of wheels, tracks, support on a cushion of air or other form of support/traction.",,,[]
Special terrain vehicle,http://id.who.int/icd/entity/449621115,Unintentional land transport traffic event injuring a user of an all-terrain vehicle,,"occupant of special all-terrain or other motor vehicle designed primarily for off-road use, injured in transport accident",,[]
Transport accident,http://id.who.int/icd/entity/1596356387,Unintentional water transport injury event,,Water transport accidents; Boat transport accident NOS; ship transport accident NOS; Watercraft transport accident NOS,,[]
Transport accident,http://id.who.int/icd/entity/69852207,Unintentional air or space transport injury event,,Air and space transport accidents; Air transport accident NOS; Aircraft accident NOS; accidents to nonoccupants of aircraft,,[]
Transport accident,http://id.who.int/icd/entity/79623775,Unintentional land transport injury event unknown whether road traffic or off-road nontraffic,,unintentional land transport injury event unknown whether on road or off-road; land transport accident NOS; motor vehicle accident NOS; MVA - [motor vehicle accident] NOS; MVC - [motor vehicle crash]; motor vehicle collision NOS; head on collision NOS; auti accident NOS,,[]
Transport accident,http://id.who.int/icd/entity/1114138453,Unintentional land transport traffic event injuring a pedestrian,,pedestrian injured in transport accident,,[]
Transport accident,http://id.who.int/icd/entity/714231201,Unintentional land transport off-road nontraffic injury event,,unintentional land transport injury event occurring off-road; unintentional off-road crash; nontraffic land transport accident,,[]
Transport accident,http://id.who.int/icd/entity/1273171148,Pedestrian injured in other and unspecified transport accidents,,,,[]
Transport accident,http://id.who.int/icd/entity/1573350953,Unintentional land transport traffic event injuring an occupant of a heavy goods vehicle,,"occupant of heavy transport vehicle injured in transport accident; Unintentional land transport traffic event injuring an occupant of a heavy transport vehicle; Collision NOS involving heavy transport vehicle, traffic; Accident NOS involving heavy transport vehicle",,[]
Transport accident,http://id.who.int/icd/entity/1758338082,Unintentional land transport traffic event injuring a car occupant,,car occupant injured in transport accident,,[]
Transport accident,http://id.who.int/icd/entity/721114126,Unintentional land transport traffic event injuring an occupant of a bus or coach,,"Bus occupant injured in transport accident; Bus collision NOS, traffic; Bus accident NOS",,[]
Transport accident,http://id.who.int/icd/entity/472270037,Pedal cyclist injured in other and unspecified transport accidents,,"Pedal cycle collision NOS, traffic; Pedal cycle accident NOS; Bicycle accident NOS; Bicycle collision NOS, traffic; bicyclist injured in other and unspecified transport accident",,[]
Transport accident,http://id.who.int/icd/entity/551890744,Sequelae of transport accidents,,late effect of transport accidents,,[]
Transport accident,http://id.who.int/icd/entity/495939346,Unintentional land transport traffic event injuring an occupant of a streetcar or tram,,Occupant of streetcar injured in transport accident; person on outside of streetcar injured in transport accident; Streetcar accident NOS,,[]
Transport accident,http://id.who.int/icd/entity/813225239,Car occupant injured in other and unspecified transport accidents,,"Car collision NOS, traffic",,[]
Transport accident,http://id.who.int/icd/entity/935916226,Bus occupant injured in other and unspecified transport accidents,,,,[]
Transport accident,http://id.who.int/icd/entity/1929426168,Other and unspecified water transport accidents involving water-skis,,,,[]
Transport accident,http://id.who.int/icd/entity/380853503,Unintentional land transport nontraffic event injuring an occupant of a heavy goods vehicle,,"Unintentional land transport nontraffic event injuring an occupant of a heavy transport vehicle; Collision NOS involving heavy transport vehicle, nontraffic; Accident NOS involving heavy transport vehicle, nontraffic; Occupant of heavy transport vehicle injured in nontraffic accident NOS",,[]
Transport accident,http://id.who.int/icd/entity/388467595,Sequelae of other and unspecified transport accidents,,late effect of other and unspecified transport accidents,,[]
Transport accident,http://id.who.int/icd/entity/128836615,Other and unspecified water transport accidents involving sailboat,,,,[]
Transport accident,http://id.who.int/icd/entity/324760454,Unintentional land transport traffic event injuring a motor cyclist,,motorcycle rider injured in transport accident; unintentional land transport accident motorbike; motorbike accident; motorbike traffic accident; Motorcycle accident NOS,,[]
Transport accident,http://id.who.int/icd/entity/899593763,Other and unspecified water transport accidents involving yacht,,,,[]
Transport accident,http://id.who.int/icd/entity/1153230466,Other and unspecified water transport accidents involving liner,,,,[]
Transport accident,http://id.who.int/icd/entity/1915625996,Other and unspecified water transport accidents involving windsurfer,,,,[]
Transport accident,http://id.who.int/icd/entity/2037221697,Pedal cyclist injured in noncollision transport accident,,bicyclist injured in noncollision transport accident,,[]
Transport accident,http://id.who.int/icd/entity/277813817,Parachutist injured in air transport accident,,,,[]
Transport accident,http://id.who.int/icd/entity/1611512539,Occupant of heavy transport vehicle injured in other and unspecified transport accidents,,,,[]
Transport accident,http://id.who.int/icd/entity/1429411971,Car occupant injured in noncollision transport accident,,overturning car; overturned car,,[]
Transport accident,http://id.who.int/icd/entity/1384333144,Bus occupant injured in noncollision transport accident,,,,[]
Transport accident,http://id.who.int/icd/entity/462840578,Motorcycle rider injured in other and unspecified transport accidents,,,,[]
Transport accident,http://id.who.int/icd/entity/1975834541,Person on ground injured in air transport accident,,,,[]
Transport accident,http://id.who.int/icd/entity/1950578579,Other and unspecified water transport accidents involving other powered watercraft,,,,[]
Transport accident,http://id.who.int/icd/entity/1705372410,Other and unspecified water transport accidents involving passenger ship,,,,[]
Transport accident,http://id.who.int/icd/entity/285784583,Other and unspecified water transport accidents involving fishing boat,,,,[]
Transport accident,http://id.who.int/icd/entity/1851915398,Unintentional land transport traffic event injuring a user of a special construction vehicle,,occupant of special construction vehicle injured in transport accident; Special-construction-vehicle accident NOS,,[]
Transport accident,http://id.who.int/icd/entity/88504143,Occupant of heavy transport vehicle injured in noncollision transport accident,,,,[]
Transport accident,http://id.who.int/icd/entity/1763852271,Occupant of railway train or railway vehicle injured in transport accident,,,,[]
Transport accident,http://id.who.int/icd/entity/15607660,Other and unspecified water transport accidents involving merchant ship,,,,[]
Transport accident,http://id.who.int/icd/entity/700938044,Examination or observation following transport accident,,examination following motor vehicle accident,,[]
Transport accident,http://id.who.int/icd/entity/192763439,Car occupant injured in noncollision transport accident : unspecified car occupant injured in traffic accident,,,,[]
Transport accident,http://id.who.int/icd/entity/995308412,Bus occupant injured in noncollision transport accident : unspecified bus occupant injured in traffic accident,,,,[]
Transport accident,http://id.who.int/icd/entity/337399188,Car occupant injured in noncollision transport accident : unspecified car occupant injured in nontraffic accident,,,,[]
Transport accident,http://id.who.int/icd/entity/2128457364,Motorcycle rider injured in noncollision transport accident,,,,[]
Transport accident,http://id.who.int/icd/entity/607267009,Bus occupant injured in noncollision transport accident : unspecified bus occupant injured in nontraffic accident,,,,[]
Transport accident,http://id.who.int/icd/entity/289385137,Other and unspecified water transport accidents involving jet skis,,,,[]
Transport accident,http://id.who.int/icd/entity/1372365398,Other and unspecified water transport accidents involving surf-board,,,,[]
Transport accident,http://id.who.int/icd/entity/1146691090,Other and unspecified water transport accidents involving ferry-boat,,,,[]
Transport accident,http://id.who.int/icd/entity/1659251091,Other and unspecified water transport accidents involving canoe or kayak,,,,[]
Transport accident,http://id.who.int/icd/entity/1527773658,"Pedal cyclist injured in noncollision transport accident, unspecified pedal cyclist injured in traffic accident",,,,[]
Transport accident,http://id.who.int/icd/entity/556085235,Pedal cyclist injured in noncollision transport accident : unspecified pedal cyclist injured in nontraffic accident,,,,[]
Transport accident,http://id.who.int/icd/entity/1684490659,Unintentional land transport traffic event injuring an occupant of a low powered passenger vehicle,,Occupant of three-wheeled motor vehicle injured in transport accident,,[]
Transport accident,http://id.who.int/icd/entity/726208589,Occupant of heavy transport vehicle injured in noncollision transport accident : unspecified occupant of heavy transport vehicle injured in traffic accident,,,,[]
Fall,http://id.who.int/icd/entity/134290789,Unintentional fall,,fall NOS; accidental fall; fall causing injury that resulted in death; fell NOS; mechanical fall NOS; fall to floor; fell to floor; fall at home; fell at home; fall at residence; fall at nursing home; fall from unknown height,,[]
Fall,http://id.who.int/icd/entity/1093196899,Tendency to fall,,Tendency to fall because of old age or other unclear health problems; recurrent falls; repeated falls; falls NOS; multiple falls NOS,,[]
Fall,http://id.who.int/icd/entity/783139626,Complications of fall,,,,[]
Fall,http://id.who.int/icd/entity/1822613699,"Struck by thrown, projected or falling object",,falling object,,[]
Fall,http://id.who.int/icd/entity/1688850216,Sensation of falling,Sensation of losing one's grip and falling.,,,[]
Fall,http://id.who.int/icd/entity/1425675101,Occupant of railway train or railway vehicle injured by fall in railway train or railway vehicle,,fall in train; fall on train,,[]
Fall,http://id.who.int/icd/entity/1363622909,Fall in health care,,fall in hospital,,[]
Fall,http://id.who.int/icd/entity/996246205,Fall in bathtub,,,,[]
Fall,http://id.who.int/icd/entity/542589858,Occupant of railway train or railway vehicle injured by fall from railway train or railway vehicle,,fall from train,,[]
Fall,http://id.who.int/icd/entity/1045802307,Fall in shower,,,,[]
Fall,http://id.who.int/icd/entity/1817248893,Unintentional fall from tree,,fall from tree,,[]
Fall,http://id.who.int/icd/entity/173760338,Fall or jump with undetermined intent,,fall from height NOS,,[]
Fall,http://id.who.int/icd/entity/1511324284,Exposure to fall,,Exposure to unspecified fall,,[]
Fall,http://id.who.int/icd/entity/1847586521,Fall or jump of undetermined intent on the same level or from less than 1 metre,,same level fall; complications of ground level fall,,[]
Fall,http://id.who.int/icd/entity/415990995,Unintentional fall on the same level or from less than 1 metre,,ground level fall; fell while ambulating; fall from standing height; fall from standing position; fell from standing,,[]
Fall,http://id.who.int/icd/entity/2008585443,Fall through floor,,,,[]
Fall,http://id.who.int/icd/entity/240716420,Unintentional fall from ladder,,accidental fall from ladder; fall from ladder; fall on and from ladder causing accidental injury; fall on or from ladder,,[]
Fall,http://id.who.int/icd/entity/2062834301,Unintentional fall on or from scaffolding,,fall from scaffold; fall from scaffolding; fall on and from scaffolding causing accidental injury; fall on and from scaffolding; accidental fall from scaffolding,,[]
Fall,http://id.who.int/icd/entity/152750569,Unintentional fall from cliff,,Fall from cliff,,[]
Fall,http://id.who.int/icd/entity/2061105633,Fall or jump of undetermined intent from stairs or steps,,fall down stairs NOS; fell down stairs; fall down steps,,[]
Fall,http://id.who.int/icd/entity/1432899034,Fall on or from escalator,,,,[]
Fall,http://id.who.int/icd/entity/1313418676,Fall from operating room table,,fall from operating table; fall from surgical table; fall from operation table,,[]
Fall,http://id.who.int/icd/entity/189781093,Fall from examination table,,,,[]
Fall,http://id.who.int/icd/entity/546326103,Unintentional fall from roof,,,,[]
Fall,http://id.who.int/icd/entity/1534148200,fall on or from ramp,,,,[]
Fall,http://id.who.int/icd/entity/847229948,Fall from or through roof,,,,[]
Fall,http://id.who.int/icd/entity/1804496786,Fall on or from incline,,,,[]
Fall,http://id.who.int/icd/entity/2028266721,Fall from or through railing,,,,[]
Fall,http://id.who.int/icd/entity/1430972584,Unintentional fall involving furniture,,,,[]
Fall,http://id.who.int/icd/entity/379555302,Hair fall disorder (TM2),,(c) Intithār al-Sha‘r,,[]
Fall,http://id.who.int/icd/entity/1434301283,Occupant of streetcar injured by fall in streetcar,,,,[]
Fall,http://id.who.int/icd/entity/566120423,Unintentional fall through roof,,,,[]
Fall,http://id.who.int/icd/entity/1018869510,"Fall from, out of or through wall",,,,[]
Fall,http://id.who.int/icd/entity/849593528,Fall from or out of tower,,,,[]
Fall,http://id.who.int/icd/entity/1002397610,Falling over animal,,,,[]
Fall,http://id.who.int/icd/entity/1461437517,Unintentional fall involving playground equipment,,fall from playground equipment; fall involving playground equipment causing accidental injury; fall on and from playground equipment; Fall involving playground equipment,,[]
Fall,http://id.who.int/icd/entity/2101585348,Qi sinking pattern (TM1),,Qi fall pattern (TM1),,[]
Fall,http://id.who.int/icd/entity/1578494278,Intentional self-harm by fall or jump,,intentional fall from one level to another,,[]
Fall,http://id.who.int/icd/entity/1634711970,Fall from orthopaedic surgical table,,fall from trauma table,,[]
Fall,http://id.who.int/icd/entity/1224625541,"Fall from, out of or through building",,,,[]
Fall,http://id.who.int/icd/entity/1069623780,Unintentionally struck by falling stone,,,,[]
Fall,http://id.who.int/icd/entity/924882442,"Fall from, out of or through bridge",,,,[]
Fall,http://id.who.int/icd/entity/567337886,Occupant of streetcar injured by fall from streetcar,,,,[]
Fall,http://id.who.int/icd/entity/1260217489,Complications of injuries sustained in a fall,,,,[]
Fall,http://id.who.int/icd/entity/1182235024,Unintentionally struck by falling tree,,,,[]
Fall,http://id.who.int/icd/entity/1460888323,"Fall from, out of or through window",,,,[]
Fall,http://id.who.int/icd/entity/2044964799,Fall from flag-pole,,,,[]
Fall,http://id.who.int/icd/entity/1474877205,Fall from horse in traffic event,,,,[]
Fall,http://id.who.int/icd/entity/864242868,Fall from horse in nontraffic event,,,,[]
Fall,http://id.who.int/icd/entity/1796392726,Unintentional fall involving stairs and steps,,fall on or from stairs and steps,,[]
Transport accident,http://id.who.int/icd/entity/1596356387,Unintentional water transport injury event,,Water transport accidents; Boat transport accident NOS; ship transport accident NOS; Watercraft transport accident NOS,,[]
Transport accident,http://id.who.int/icd/entity/69852207,Unintentional air or space transport injury event,,Air and space transport accidents; Air transport accident NOS; Aircraft accident NOS; accidents to nonoccupants of aircraft,,[]
Transport accident,http://id.who.int/icd/entity/79623775,Unintentional land transport injury event unknown whether road traffic or off-road nontraffic,,unintentional land transport injury event unknown whether on road or off-road; land transport accident NOS; motor vehicle accident NOS; MVA - [motor vehicle accident] NOS; MVC - [motor vehicle crash]; motor vehicle collision NOS; head on collision NOS; auti accident NOS,,[]
Transport accident,http://id.who.int/icd/entity/1114138453,Unintentional land transport traffic event injuring a pedestrian,,pedestrian injured in transport accident,,[]
Transport accident,http://id.who.int/icd/entity/714231201,Unintentional land transport off-road nontraffic injury event,,unintentional land transport injury event occurring off-road; unintentional off-road crash; nontraffic land transport accident,,[]
Transport accident,http://id.who.int/icd/entity/1273171148,Pedestrian injured in other and unspecified transport accidents,,,,[]
Transport accident,http://id.who.int/icd/entity/1573350953,Unintentional land transport traffic event injuring an occupant of a heavy goods vehicle,,"occupant of heavy transport vehicle injured in transport accident; Unintentional land transport traffic event injuring an occupant of a heavy transport vehicle; Collision NOS involving heavy transport vehicle, traffic; Accident NOS involving heavy transport vehicle",,[]
Transport accident,http://id.who.int/icd/entity/1758338082,Unintentional land transport traffic event injuring a car occupant,,car occupant injured in transport accident,,[]
Transport accident,http://id.who.int/icd/entity/721114126,Unintentional land transport traffic event injuring an occupant of a bus or coach,,"Bus occupant injured in transport accident; Bus collision NOS, traffic; Bus accident NOS",,[]
Transport accident,http://id.who.int/icd/entity/472270037,Pedal cyclist injured in other and unspecified transport accidents,,"Pedal cycle collision NOS, traffic; Pedal cycle accident NOS; Bicycle accident NOS; Bicycle collision NOS, traffic; bicyclist injured in other and unspecified transport accident",,[]
Transport accident,http://id.who.int/icd/entity/551890744,Sequelae of transport accidents,,late effect of transport accidents,,[]
Transport accident,http://id.who.int/icd/entity/495939346,Unintentional land transport traffic event injuring an occupant of a streetcar or tram,,Occupant of streetcar injured in transport accident; person on outside of streetcar injured in transport accident; Streetcar accident NOS,,[]
Transport accident,http://id.who.int/icd/entity/813225239,Car occupant injured in other and unspecified transport accidents,,"Car collision NOS, traffic",,[]
Transport accident,http://id.who.int/icd/entity/935916226,Bus occupant injured in other and unspecified transport accidents,,,,[]
Transport accident,http://id.who.int/icd/entity/1929426168,Other and unspecified water transport accidents involving water-skis,,,,[]
Transport accident,http://id.who.int/icd/entity/380853503,Unintentional land transport nontraffic event injuring an occupant of a heavy goods vehicle,,"Unintentional land transport nontraffic event injuring an occupant of a heavy transport vehicle; Collision NOS involving heavy transport vehicle, nontraffic; Accident NOS involving heavy transport vehicle, nontraffic; Occupant of heavy transport vehicle injured in nontraffic accident NOS",,[]
Transport accident,http://id.who.int/icd/entity/388467595,Sequelae of other and unspecified transport accidents,,late effect of other and unspecified transport accidents,,[]
Transport accident,http://id.who.int/icd/entity/128836615,Other and unspecified water transport accidents involving sailboat,,,,[]
Transport accident,http://id.who.int/icd/entity/324760454,Unintentional land transport traffic event injuring a motor cyclist,,motorcycle rider injured in transport accident; unintentional land transport accident motorbike; motorbike accident; motorbike traffic accident; Motorcycle accident NOS,,[]
Transport accident,http://id.who.int/icd/entity/899593763,Other and unspecified water transport accidents involving yacht,,,,[]
Transport accident,http://id.who.int/icd/entity/1153230466,Other and unspecified water transport accidents involving liner,,,,[]
Transport accident,http://id.who.int/icd/entity/1915625996,Other and unspecified water transport accidents involving windsurfer,,,,[]
Transport accident,http://id.who.int/icd/entity/2037221697,Pedal cyclist injured in noncollision transport accident,,bicyclist injured in noncollision transport accident,,[]
Transport accident,http://id.who.int/icd/entity/277813817,Parachutist injured in air transport accident,,,,[]
Transport accident,http://id.who.int/icd/entity/1611512539,Occupant of heavy transport vehicle injured in other and unspecified transport accidents,,,,[]
Transport accident,http://id.who.int/icd/entity/1429411971,Car occupant injured in noncollision transport accident,,overturning car; overturned car,,[]
Transport accident,http://id.who.int/icd/entity/1384333144,Bus occupant injured in noncollision transport accident,,,,[]
Transport accident,http://id.who.int/icd/entity/462840578,Motorcycle rider injured in other and unspecified transport accidents,,,,[]
Transport accident,http://id.who.int/icd/entity/1975834541,Person on ground injured in air transport accident,,,,[]
Transport accident,http://id.who.int/icd/entity/1950578579,Other and unspecified water transport accidents involving other powered watercraft,,,,[]
Transport accident,http://id.who.int/icd/entity/1705372410,Other and unspecified water transport accidents involving passenger ship,,,,[]
Transport accident,http://id.who.int/icd/entity/285784583,Other and unspecified water transport accidents involving fishing boat,,,,[]
Transport accident,http://id.who.int/icd/entity/1851915398,Unintentional land transport traffic event injuring a user of a special construction vehicle,,occupant of special construction vehicle injured in transport accident; Special-construction-vehicle accident NOS,,[]
Transport accident,http://id.who.int/icd/entity/88504143,Occupant of heavy transport vehicle injured in noncollision transport accident,,,,[]
Transport accident,http://id.who.int/icd/entity/1763852271,Occupant of railway train or railway vehicle injured in transport accident,,,,[]
Transport accident,http://id.who.int/icd/entity/15607660,Other and unspecified water transport accidents involving merchant ship,,,,[]
Transport accident,http://id.who.int/icd/entity/700938044,Examination or observation following transport accident,,examination following motor vehicle accident,,[]
Transport accident,http://id.who.int/icd/entity/192763439,Car occupant injured in noncollision transport accident : unspecified car occupant injured in traffic accident,,,,[]
Transport accident,http://id.who.int/icd/entity/995308412,Bus occupant injured in noncollision transport accident : unspecified bus occupant injured in traffic accident,,,,[]
Transport accident,http://id.who.int/icd/entity/337399188,Car occupant injured in noncollision transport accident : unspecified car occupant injured in nontraffic accident,,,,[]
Transport accident,http://id.who.int/icd/entity/2128457364,Motorcycle rider injured in noncollision transport accident,,,,[]
Transport accident,http://id.who.int/icd/entity/607267009,Bus occupant injured in noncollision transport accident : unspecified bus occupant injured in nontraffic accident,,,,[]
Transport accident,http://id.who.int/icd/entity/289385137,Other and unspecified water transport accidents involving jet skis,,,,[]
Transport accident,http://id.who.int/icd/entity/1372365398,Other and unspecified water transport accidents involving surf-board,,,,[]
Transport accident,http://id.who.int/icd/entity/1146691090,Other and unspecified water transport accidents involving ferry-boat,,,,[]
Transport accident,http://id.who.int/icd/entity/1659251091,Other and unspecified water transport accidents involving canoe or kayak,,,,[]
Transport accident,http://id.who.int/icd/entity/1527773658,"Pedal cyclist injured in noncollision transport accident, unspecified pedal cyclist injured in traffic accident",,,,[]
Transport accident,http://id.who.int/icd/entity/556085235,Pedal cyclist injured in noncollision transport accident : unspecified pedal cyclist injured in nontraffic accident,,,,[]
Transport accident,http://id.who.int/icd/entity/1684490659,Unintentional land transport traffic event injuring an occupant of a low powered passenger vehicle,,Occupant of three-wheeled motor vehicle injured in transport accident,,[]
Transport accident,http://id.who.int/icd/entity/726208589,Occupant of heavy transport vehicle injured in noncollision transport accident : unspecified occupant of heavy transport vehicle injured in traffic accident,,,,[]
Fall,http://id.who.int/icd/entity/134290789,Unintentional fall,,fall NOS; accidental fall; fall causing injury that resulted in death; fell NOS; mechanical fall NOS; fall to floor; fell to floor; fall at home; fell at home; fall at residence; fall at nursing home; fall from unknown height,,[]
Fall,http://id.who.int/icd/entity/1093196899,Tendency to fall,,Tendency to fall because of old age or other unclear health problems; recurrent falls; repeated falls; falls NOS; multiple falls NOS,,[]
Fall,http://id.who.int/icd/entity/783139626,Complications of fall,,,,[]
Fall,http://id.who.int/icd/entity/1822613699,"Struck by thrown, projected or falling object",,falling object,,[]
Fall,http://id.who.int/icd/entity/1688850216,Sensation of falling,Sensation of losing one's grip and falling.,,,[]
Fall,http://id.who.int/icd/entity/1425675101,Occupant of railway train or railway vehicle injured by fall in railway train or railway vehicle,,fall in train; fall on train,,[]
Fall,http://id.who.int/icd/entity/1363622909,Fall in health care,,fall in hospital,,[]
Fall,http://id.who.int/icd/entity/996246205,Fall in bathtub,,,,[]
Fall,http://id.who.int/icd/entity/542589858,Occupant of railway train or railway vehicle injured by fall from railway train or railway vehicle,,fall from train,,[]
Fall,http://id.who.int/icd/entity/1045802307,Fall in shower,,,,[]
Fall,http://id.who.int/icd/entity/1817248893,Unintentional fall from tree,,fall from tree,,[]
Fall,http://id.who.int/icd/entity/173760338,Fall or jump with undetermined intent,,fall from height NOS,,[]
Fall,http://id.who.int/icd/entity/1511324284,Exposure to fall,,Exposure to unspecified fall,,[]
Fall,http://id.who.int/icd/entity/1847586521,Fall or jump of undetermined intent on the same level or from less than 1 metre,,same level fall; complications of ground level fall,,[]
Fall,http://id.who.int/icd/entity/415990995,Unintentional fall on the same level or from less than 1 metre,,ground level fall; fell while ambulating; fall from standing height; fall from standing position; fell from standing,,[]
Fall,http://id.who.int/icd/entity/2008585443,Fall through floor,,,,[]
Fall,http://id.who.int/icd/entity/240716420,Unintentional fall from ladder,,accidental fall from ladder; fall from ladder; fall on and from ladder causing accidental injury; fall on or from ladder,,[]
Fall,http://id.who.int/icd/entity/2062834301,Unintentional fall on or from scaffolding,,fall from scaffold; fall from scaffolding; fall on and from scaffolding causing accidental injury; fall on and from scaffolding; accidental fall from scaffolding,,[]
Fall,http://id.who.int/icd/entity/152750569,Unintentional fall from cliff,,Fall from cliff,,[]
Fall,http://id.who.int/icd/entity/2061105633,Fall or jump of undetermined intent from stairs or steps,,fall down stairs NOS; fell down stairs; fall down steps,,[]
Fall,http://id.who.int/icd/entity/1432899034,Fall on or from escalator,,,,[]
Fall,http://id.who.int/icd/entity/1313418676,Fall from operating room table,,fall from operating table; fall from surgical table; fall from operation table,,[]
Fall,http://id.who.int/icd/entity/189781093,Fall from examination table,,,,[]
Fall,http://id.who.int/icd/entity/546326103,Unintentional fall from roof,,,,[]
Fall,http://id.who.int/icd/entity/1534148200,fall on or from ramp,,,,[]
Fall,http://id.who.int/icd/entity/847229948,Fall from or through roof,,,,[]
Fall,http://id.who.int/icd/entity/1804496786,Fall on or from incline,,,,[]
Fall,http://id.who.int/icd/entity/2028266721,Fall from or through railing,,,,[]
Fall,http://id.who.int/icd/entity/1430972584,Unintentional fall involving furniture,,,,[]
Fall,http://id.who.int/icd/entity/379555302,Hair fall disorder (TM2),,(c) Intithār al-Sha‘r,,[]
Fall,http://id.who.int/icd/entity/1434301283,Occupant of streetcar injured by fall in streetcar,,,,[]
Fall,http://id.who.int/icd/entity/566120423,Unintentional fall through roof,,,,[]
Fall,http://id.who.int/icd/entity/1018869510,"Fall from, out of or through wall",,,,[]
Fall,http://id.who.int/icd/entity/849593528,Fall from or out of tower,,,,[]
Fall,http://id.who.int/icd/entity/1002397610,Falling over animal,,,,[]
Fall,http://id.who.int/icd/entity/1461437517,Unintentional fall involving playground equipment,,fall from playground equipment; fall involving playground equipment causing accidental injury; fall on and from playground equipment; Fall involving playground equipment,,[]
Fall,http://id.who.int/icd/entity/2101585348,Qi sinking pattern (TM1),,Qi fall pattern (TM1),,[]
Fall,http://id.who.int/icd/entity/1578494278,Intentional self-harm by fall or jump,,intentional fall from one level to another,,[]
Fall,http://id.who.int/icd/entity/1634711970,Fall from orthopaedic surgical table,,fall from trauma table,,[]
Fall,http://id.who.int/icd/entity/1224625541,"Fall from, out of or through building",,,,[]
Fall,http://id.who.int/icd/entity/1069623780,Unintentionally struck by falling stone,,,,[]
Fall,http://id.who.int/icd/entity/924882442,"Fall from, out of or through bridge",,,,[]
Fall,http://id.who.int/icd/entity/567337886,Occupant of streetcar injured by fall from streetcar,,,,[]
Fall,http://id.who.int/icd/entity/1260217489,Complications of injuries sustained in a fall,,,,[]
Fall,http://id.who.int/icd/entity/1182235024,Unintentionally struck by falling tree,,,,[]
Fall,http://id.who.int/icd/entity/1460888323,"Fall from, out of or through window",,,,[]
Fall,http://id.who.int/icd/entity/2044964799,Fall from flag-pole,,,,[]
Fall,http://id.who.int/icd/entity/1474877205,Fall from horse in traffic event,,,,[]
Fall,http://id.who.int/icd/entity/864242868,Fall from horse in nontraffic event,,,,[]
Fall,http://id.who.int/icd/entity/1796392726,Unintentional fall involving stairs and steps,,fall on or from stairs and steps,,[]
Pedestrian,http://id.who.int/icd/entity/1517956415,Unintentional land transport event unknown whether traffic or nontraffic injuring a pedestrian,,"unintentional crash injuring a pedestrian, unknown whether on road; pedestrian accident NOS; pedestrian struck by motor vehicle; pedestrian struck by vehicle; struck by motor vehicle NOS; struck by vehicle NOS; motor vehicle striking pedestrian; auto vs pedestrian",,[]
Pedestrian,http://id.who.int/icd/entity/376039232,"Pedestrian injured in collision with railway train or railway vehicle, traffic accident",,pedestrian struck by train,,[]
Pedestrian,http://id.who.int/icd/entity/1114138453,Unintentional land transport traffic event injuring a pedestrian,,pedestrian injured in transport accident,,[]
Pedestrian,http://id.who.int/icd/entity/1595005935,Unintentional land transport nontraffic event injuring a pedestrian,,unintentional off-road crash injuring a pedestrian; non-traffic pedestrian accident,,[]
Pedestrian,http://id.who.int/icd/entity/1500157118,Pedestrian injured in unspecified nontraffic accident,,,,[]
Pedestrian,http://id.who.int/icd/entity/1590845204,Pedestrian conveyance as counterpart in land transport crash,"A device which is designed primarily for, or being used at the time primarily for, conveying the person and is not a transport vehicle.",powered pedestrian conveyances,,[]
Pedestrian,http://id.who.int/icd/entity/837312255,"Pedestrian injured in collision with car, pick-up truck or van, traffic accident",,"pedestrian struck by car, pick-up truck or van; person struck by car; pedestrian struck by automobile",,[]
Pedestrian,http://id.who.int/icd/entity/1273171148,Pedestrian injured in other and unspecified transport accidents,,,,[]
Pedestrian,http://id.who.int/icd/entity/1164216858,Pedestrian injured in collision with pedal cycle,,,,[]
Pedestrian,http://id.who.int/icd/entity/1809796899,Pedestrian as mode of transport of person injured in transport event,A pedestrian is any person involved in a transport crash who was not in or on a vehicle or pedestrian conveyance at the time.,,,[]
Pedestrian,http://id.who.int/icd/entity/915020174,Pedestrian injured in collision with other nonmotor vehicle,,,,[]
Pedestrian,http://id.who.int/icd/entity/1538563669,Car occupant injured in collision with pedestrian or animal,,,,[]
Pedestrian,http://id.who.int/icd/entity/1543813506,Bus occupant injured in collision with pedestrian or animal,,,,[]
Pedestrian,http://id.who.int/icd/entity/1109870961,Pedestrian injured in collision with railway train or railway vehicle,,,,[]
Pedestrian,http://id.who.int/icd/entity/2011828119,Pedal cyclist injured in collision with pedestrian or animal,,,,[]
Pedestrian,http://id.who.int/icd/entity/2123695182,Pedestrian as counterpart in land transport crash,A pedestrian is any person involved in a transport crash who was not in or on a vehicle or pedestrian conveyance at the time.,,,[]
Pedestrian,http://id.who.int/icd/entity/1104177032,Land transport traffic injury event of undetermined intent injuring a pedestrian,,Road crash of unknown intent injuring a pedestrian,,[]
Pedestrian,http://id.who.int/icd/entity/661423333,Pedestrian injured in collision with heavy transport vehicle or bus,,,,[]
Pedestrian,http://id.who.int/icd/entity/748107330,"Pedestrian injured in collision with pedal cycle, traffic accident",,,,[]
Pedestrian,http://id.who.int/icd/entity/1239219156,Pedestrian injured in collision with pedal cycle : nontraffic accident,,,,[]
Pedestrian,http://id.who.int/icd/entity/888233787,Intentional self-harm by land transport traffic event injuring a pedestrian,,intentional self-harm by road crash injuring a pedestrian,,[]
Pedestrian,http://id.who.int/icd/entity/1884956738,Motorcycle rider injured in collision with pedestrian or animal,,,,[]
Pedestrian,http://id.who.int/icd/entity/2094369126,Pedestrian conveyance as mode of transport of person injured in transport event,"A device which is designed primarily for, or being used at the time primarily for, conveying the person and is not a transport vehicle.",,,[]
Pedestrian,http://id.who.int/icd/entity/401491712,"Pedestrian injured in collision with other nonmotor vehicle, traffic accident",,,,[]
Pedestrian,http://id.who.int/icd/entity/1923451542,Pedestrian injured in collision with other nonmotor vehicle : nontraffic accident,,,,[]
Pedestrian,http://id.who.int/icd/entity/197259673,Occupant of heavy transport vehicle injured in collision with pedestrian or animal,,,,[]
Pedestrian,http://id.who.int/icd/entity/835312357,Pedestrian injured in collision with two- or three-wheeled motor vehicle,,,,[]
Pedestrian,http://id.who.int/icd/entity/261691179,Unintentional fall involving a pedestrian conveyance,,,,[]
Pedestrian,http://id.who.int/icd/entity/2122380499,Car occupant injured in collision with pedestrian or animal : unspecified car occupant injured in traffic accident,,,,[]
Pedestrian,http://id.who.int/icd/entity/1320063360,Bus occupant injured in collision with pedestrian or animal : unspecified bus occupant injured in traffic accident,,,,[]
Pedestrian,http://id.who.int/icd/entity/1642196848,Car occupant injured in collision with pedestrian or animal : unspecified car occupant injured in nontraffic accident,,,,[]
Pedestrian,http://id.who.int/icd/entity/1372555837,Bus occupant injured in collision with pedestrian or animal : unspecified bus occupant injured in nontraffic accident,,,,[]
Pedestrian,http://id.who.int/icd/entity/1931618986,"Pedestrian injured in collision with railway train or railway vehicle, nontraffic accident",,,,[]
Pedestrian,http://id.who.int/icd/entity/787634982,"Pedal cyclist injured in collision with pedestrian or animal, unspecified pedal cyclist injured in traffic accident",,,,[]
Pedestrian,http://id.who.int/icd/entity/1423478031,Pedal cyclist injured in collision with pedestrian or animal : unspecified pedal cyclist injured in nontraffic accident,,,,[]
Pedestrian,http://id.who.int/icd/entity/1417811825,"Pedestrian injured in collision with car, pick-up truck or van",,,,[]
Pedestrian,http://id.who.int/icd/entity/1460349350,Unintentional land transport traffic event injuring the user of a pedestrian conveyance,,unintentional road crash injuring the user of a pedestrian conveyance,,[]
Pedestrian,http://id.who.int/icd/entity/177287103,"Pedestrian injured in collision with heavy transport vehicle or bus, traffic accident",,,,[]
Pedestrian,http://id.who.int/icd/entity/1876615723,Pedestrian injured in collision with heavy transport vehicle or bus : nontraffic accident,,,,[]
Pedestrian,http://id.who.int/icd/entity/664756315,Occupant of three-wheeled motor vehicle injured in collision with pedestrian or animal,,,,[]
Pedestrian,http://id.who.int/icd/entity/517750389,"Motorcycle rider injured in collision with pedestrian or animal, unspecified motorcycle rider injured in traffic accident",,,,[]
Pedestrian,http://id.who.int/icd/entity/1693902940,Motorcycle rider injured in collision with pedestrian or animal : unspecified motorcycle rider injured in nontraffic accident,,,,[]
Pedestrian,http://id.who.int/icd/entity/1766334657,Assault by land transport traffic event injuring a pedestrian,,,,[]
Pedestrian,http://id.who.int/icd/entity/65659281,Car occupant injured in collision with pedestrian or animal : passenger injured in traffic accident,,,,[]
Pedestrian,http://id.who.int/icd/entity/868713666,Bus occupant injured in collision with pedestrian or animal : passenger injured in traffic accident,,,,[]
Pedestrian,http://id.who.int/icd/entity/1879536133,Car occupant injured in collision with pedestrian or animal : passenger injured in nontraffic accident,,,,[]
Pedestrian,http://id.who.int/icd/entity/1076434774,Bus occupant injured in collision with pedestrian or animal : passenger injured in nontraffic accident,,,,[]
Pedestrian,http://id.who.int/icd/entity/2000990574,Car occupant injured in collision with pedestrian or animal : driver injured in traffic accident,,,,[]
Pedestrian,http://id.who.int/icd/entity/1198183485,Bus occupant injured in collision with pedestrian or animal : driver injured in traffic accident,,,,[]
Pedestrian,http://id.who.int/icd/entity/357351313,Car occupant injured in collision with pedestrian or animal : driver injured in nontraffic accident,,,,[]
Passenger vehicle,http://id.who.int/icd/entity/1210553509,Vehicle passenger injured in transport related event,"A passenger is any occupant of a transport vehicle, other than the driver, in a position designed for the carriage of people.",Occupants of seats other than the driver's seat,,[]
Passenger vehicle,http://id.who.int/icd/entity/1011692914,Battery-powered airport passenger vehicle,,,,[]
Passenger vehicle,http://id.who.int/icd/entity/1766261064,Passenger of special construction vehicle injured in traffic accident,,,,[]
Passenger vehicle,http://id.who.int/icd/entity/447320796,Passenger of special construction vehicle injured in nontraffic accident,,,,[]
Passenger vehicle,http://id.who.int/icd/entity/1321646217,Passenger of special industrial vehicle injured in traffic accident,,,,[]
Passenger vehicle,http://id.who.int/icd/entity/1026042653,Passenger of special industrial vehicle injured in nontraffic accident,,,,[]
Passenger vehicle,http://id.who.int/icd/entity/1975503305,Passenger of special agricultural vehicle injured in traffic accident,,,,[]
Passenger vehicle,http://id.who.int/icd/entity/105994845,Passenger of special agricultural vehicle injured in nontraffic accident,,,,[]
Passenger vehicle,http://id.who.int/icd/entity/931060771,Low-powered passenger vehicle as mode of transport of person injured in transport event,"(1) A land transport motor vehicle with three wheels (usually one in front and two behind), designed primarily for on-road use. Globally, most commonly used as taxis. Design, construction, type of motor and registration/licensing requirements vary widely. (2) A low-powered quadricycle or other low-powered four-wheeled passenger vehicle that is not a car.",Three wheeler as mode of transport of person injured in transport related event,,[]
Passenger vehicle,http://id.who.int/icd/entity/1444939023,Occupant of heavy transport vehicle injured in noncollision transport accident : passenger injured in traffic accident,,,,[]
Passenger vehicle,http://id.who.int/icd/entity/634295963,Occupant of heavy transport vehicle injured in noncollision transport accident : passenger injured in nontraffic accident,,,,[]
Passenger vehicle,http://id.who.int/icd/entity/573871950,Low powered passenger vehicle as counterpart in land transport crash,"(1) A land transport motor vehicle with three wheels (usually one in front and two behind), designed primarily for on-road use. Globally, most commonly used as taxis. Design, construction, type of motor and registration/licensing requirements vary widely. (2) A low-powered quadricycle or other low-powered four-wheeled passenger vehicle that is not a car.",Three wheeler as counterpart in land transport crash,,[]
Passenger vehicle,http://id.who.int/icd/entity/610818128,Car occupant injured in collision with other nonmotor vehicle : passenger injured in traffic accident,,,,[]
Passenger vehicle,http://id.who.int/icd/entity/340147459,Bus occupant injured in collision with other nonmotor vehicle : passenger injured in traffic accident,,,,[]
Passenger vehicle,http://id.who.int/icd/entity/1468451780,Car occupant injured in collision with other nonmotor vehicle : passenger injured in nontraffic accident,,,,[]
Passenger vehicle,http://id.who.int/icd/entity/1739107991,Bus occupant injured in collision with other nonmotor vehicle : passenger injured in nontraffic accident,,,,[]
Passenger vehicle,http://id.who.int/icd/entity/154752444,Bus occupant injured in collision with heavy transport vehicle or bus : passenger injured in traffic accident,,,,[]
Passenger vehicle,http://id.who.int/icd/entity/421754509,Occupant of heavy transport vehicle injured in collision with heavy transport vehicle or bus : passenger injured in traffic accident,,,,[]
Passenger vehicle,http://id.who.int/icd/entity/2060961320,Bus occupant injured in collision with heavy transport vehicle or bus : passenger injured in nontraffic accident,,,,[]
Passenger vehicle,http://id.who.int/icd/entity/1791878425,Occupant of heavy transport vehicle injured in collision with heavy transport vehicle or bus : passenger injured in nontraffic accident,,,,[]
Passenger vehicle,http://id.who.int/icd/entity/12035930,Pedal cyclist injured in collision with other nonmotor vehicle : passenger injured in traffic accident,,,,[]
Passenger vehicle,http://id.who.int/icd/entity/133456945,Pedal cyclist injured in collision with other nonmotor vehicle : passenger injured in nontraffic accident,,,,[]
Passenger vehicle,http://id.who.int/icd/entity/636483696,Car occupant injured in collision with railway train or railway vehicle : passenger injured in traffic accident,,,,[]
Passenger vehicle,http://id.who.int/icd/entity/365010237,Bus occupant injured in collision with railway train or railway vehicle : passenger injured in traffic accident,,,,[]
Passenger vehicle,http://id.who.int/icd/entity/1442933756,Car occupant injured in collision with railway train or railway vehicle : passenger injured in nontraffic accident,,,,[]
Passenger vehicle,http://id.who.int/icd/entity/1714359977,Bus occupant injured in collision with railway train or railway vehicle : passenger injured in nontraffic accident,,,,[]
Passenger vehicle,http://id.who.int/icd/entity/73145906,Occupant of heavy transport vehicle injured in collision with other nonmotor vehicle : passenger injured in traffic accident,,,,[]
Passenger vehicle,http://id.who.int/icd/entity/2008190374,Occupant of heavy transport vehicle injured in collision with other nonmotor vehicle : passenger injured in nontraffic accident,,,,[]
Passenger vehicle,http://id.who.int/icd/entity/1859150009,Occupant of three-wheeled motor vehicle injured in collision with two- or three-wheeled motor vehicle : passenger injured in traffic accident,,,,[]
Passenger vehicle,http://id.who.int/icd/entity/19924838,"Pedal cyclist injured in collision with railway train or railway vehicle, passenger injured in traffic accident",,,,[]
Passenger vehicle,http://id.who.int/icd/entity/815383049,Motorcycle rider injured in collision with other nonmotor vehicle : passenger injured in traffic accident,,,,[]
Passenger vehicle,http://id.who.int/icd/entity/490664749,Occupant of three-wheeled motor vehicle injured in collision with two- or three-wheeled motor vehicle : passenger injured in nontraffic accident,,,,[]
Passenger vehicle,http://id.who.int/icd/entity/108250127,"Pedal cyclist injured in collision with railway train or railway vehicle, passenger injured in nontraffic accident",,,,[]
Passenger vehicle,http://id.who.int/icd/entity/937034082,Motorcycle rider injured in collision with other nonmotor vehicle : passenger injured in nontraffic accident,,,,[]
Passenger vehicle,http://id.who.int/icd/entity/1059417972,Occupant of heavy transport vehicle injured in collision with pedal cycle : passenger injured in traffic accident,,,,[]
Passenger vehicle,http://id.who.int/icd/entity/1288436968,Occupant of heavy transport vehicle injured in collision with pedal cycle : passenger injured in nontraffic accident,,,,[]
Passenger vehicle,http://id.who.int/icd/entity/601729011,Occupant of heavy transport vehicle injured in collision with pedestrian or animal : passenger injured in traffic accident,,,,[]
Passenger vehicle,http://id.who.int/icd/entity/1345533031,Occupant of heavy transport vehicle injured in collision with pedestrian or animal : passenger injured in nontraffic accident,,,,[]
Passenger vehicle,http://id.who.int/icd/entity/957821167,Car occupant injured in collision with heavy transport vehicle or bus : passenger injured in traffic accident,,,,[]
Passenger vehicle,http://id.who.int/icd/entity/1257874299,Car occupant injured in collision with heavy transport vehicle or bus : passenger injured in nontraffic accident,,,,[]
Passenger vehicle,http://id.who.int/icd/entity/106081018,Occupant of three-wheeled motor vehicle injured in noncollision transport accident : passenger injured in traffic accident,,,,[]
Passenger vehicle,http://id.who.int/icd/entity/1975269742,Occupant of three-wheeled motor vehicle injured in noncollision transport accident : passenger injured in nontraffic accident,,,,[]
Passenger vehicle,http://id.who.int/icd/entity/98287118,Occupant of heavy transport vehicle injured in collision with railway train or railway vehicle : passenger injured in traffic accident,,,,[]
Passenger vehicle,http://id.who.int/icd/entity/1983196570,Occupant of heavy transport vehicle injured in collision with railway train or railway vehicle : passenger injured in nontraffic accident,,,,[]
Passenger vehicle,http://id.who.int/icd/entity/1684490659,Unintentional land transport traffic event injuring an occupant of a low powered passenger vehicle,,Occupant of three-wheeled motor vehicle injured in transport accident,,[]
Passenger vehicle,http://id.who.int/icd/entity/1757454712,Passenger of all-terrain or other off-road motor vehicle injured in traffic accident,,,,[]
Passenger vehicle,http://id.who.int/icd/entity/1819339362,Unintentional land transport nontraffic event injuring an occupant of a low powered passenger vehicle,,"Occupant of three-wheeled motor vehicle injured in nontraffic accident NOS; Collision NOS involving three-wheeled motor vehicle, nontraffic; Accident NOS involving three-wheeled motor vehicle, nontraffic",,[]
Passenger vehicle,http://id.who.int/icd/entity/456012516,Passenger of all-terrain or other off-road motor vehicle injured in nontraffic accident,,,,[]
Passenger vehicle,http://id.who.int/icd/entity/499699685,Pedal cyclist injured in collision with heavy transport vehicle or bus : passenger injured in traffic accident,,,,[]
Passenger vehicle,http://id.who.int/icd/entity/445320334,Pedal cyclist injured in collision with heavy transport vehicle or bus : passenger injured in nontraffic accident,,,,[]
Special vehicle,http://id.who.int/icd/entity/1851915398,Unintentional land transport traffic event injuring a user of a special construction vehicle,,occupant of special construction vehicle injured in transport accident; Special-construction-vehicle accident NOS,,[]
Special vehicle,http://id.who.int/icd/entity/2026152580,Unintentional land transport traffic event injuring a user of a special vehicle mainly used on industrial premises,,occupant of special vehicle mainly used on industrial premises injured in transport accident; Special-industrial-vehicle accident NOS,,[]
Special vehicle,http://id.who.int/icd/entity/187314448,Unintentional land transport traffic event injuring a user of a special vehicle mainly used in agriculture,,occupant of special vehicle mainly used in agriculture injured in transport accident; Special-agricultural-vehicle accident NOS,,[]
Special vehicle,http://id.who.int/icd/entity/2111620040,Mobile machinery or special purpose vehicle,,,,[]
Special vehicle,http://id.who.int/icd/entity/2023857187,Unspecified occupant of special construction vehicle injured in traffic accident,,,,[]
Special vehicle,http://id.who.int/icd/entity/1595942372,Unspecified occupant of special industrial vehicle injured in traffic accident,,,,[]
Special vehicle,http://id.who.int/icd/entity/1853977475,Special all-terrain vehicle or off-road vehicle,,,,[]
Special vehicle,http://id.who.int/icd/entity/1083915581,Certain specified mobile machinery or special purpose vehicle,,,,[]
Special vehicle,http://id.who.int/icd/entity/1683575970,Unspecified occupant of special agricultural vehicle injured in traffic accident,,,,[]
Special vehicle,http://id.who.int/icd/entity/1766261064,Passenger of special construction vehicle injured in traffic accident,,,,[]
Special vehicle,http://id.who.int/icd/entity/447320796,Passenger of special construction vehicle injured in nontraffic accident,,,,[]
Special vehicle,http://id.who.int/icd/entity/1321646217,Passenger of special industrial vehicle injured in traffic accident,,,,[]
Special vehicle,http://id.who.int/icd/entity/202165470,Driver of special construction vehicle injured in traffic accident,,,,[]
Special vehicle,http://id.who.int/icd/entity/1026042653,Passenger of special industrial vehicle injured in nontraffic accident,,,,[]
Special vehicle,http://id.who.int/icd/entity/1845805603,Driver of special construction vehicle injured in nontraffic accident,,,,[]
Special vehicle,http://id.who.int/icd/entity/730690845,Driver of special industrial vehicle injured in traffic accident,,,,[]
Special vehicle,http://id.who.int/icd/entity/1233484770,Driver of special industrial vehicle injured in nontraffic accident,,,,[]
Special vehicle,http://id.who.int/icd/entity/1975503305,Passenger of special agricultural vehicle injured in traffic accident,,,,[]
Special vehicle,http://id.who.int/icd/entity/105994845,Passenger of special agricultural vehicle injured in nontraffic accident,,,,[]
Special vehicle,http://id.who.int/icd/entity/284427357,Driver of special agricultural vehicle injured in traffic accident,,,,[]
Special vehicle,http://id.who.int/icd/entity/1929120420,Driver of special agricultural vehicle injured in nontraffic accident,,,,[]
Special vehicle,http://id.who.int/icd/entity/1393249384,Special construction vehicle as mode of transport of person injured in transport related event,"A motor vehicle designed specifically for use in the construction (or demolition) of roads, buildings and other structures or associated earth-moving.",,,[]
Special vehicle,http://id.who.int/icd/entity/501895607,Person on outside of special construction vehicle injured in traffic accident,,,,[]
Special vehicle,http://id.who.int/icd/entity/1570324234,Special construction vehicle as counterpart in land transport crash,"A motor vehicle designed specifically for use in the construction (or demolition) of roads, buildings and other structures or associated earth-moving.",,,[]
Special vehicle,http://id.who.int/icd/entity/2145541962,Person on outside of special construction vehicle injured in nontraffic accident,,,,[]
Special vehicle,http://id.who.int/icd/entity/980150390,Person on outside of special industrial vehicle injured in traffic accident,,,,[]
Special vehicle,http://id.who.int/icd/entity/1482942089,Person on outside of special industrial vehicle injured in nontraffic accident,,,,[]
Special vehicle,http://id.who.int/icd/entity/17996088,Person on outside of special agricultural vehicle injured in traffic accident,,,,[]
Special vehicle,http://id.who.int/icd/entity/1662687177,Person on outside of special agricultural vehicle injured in nontraffic accident,,,,[]
Special vehicle,http://id.who.int/icd/entity/339419809,Special all-terrain vehicle as mode of transport of person injured in transport related event,"A vehicle designed primarily for off-road use with capability to traverse a wide range of types of terrain by means of wheels, tracks, support on a cushion of air or other form of support/traction.","Mode of transport, Special all-terrain or off-road vehicle",,[]
Special vehicle,http://id.who.int/icd/entity/761501405,Special vehicle mainly used on industrial premises as mode of transport of person injured in transport related event,A motor vehicle designed primarily for use within the buildings and premises of industrial or commercial establishments.,special vehicle used in industry as mode of transport of person injured in transport related event,,[]
Special vehicle,http://id.who.int/icd/entity/1819742234,Mobile machinery or special purpose vehicle mainly used in construction,,,,[]
Special vehicle,http://id.who.int/icd/entity/189730743,Person injured while boarding or alighting from special construction vehicle,,,,[]
Special vehicle,http://id.who.int/icd/entity/2069853402,Mobile machinery or special purpose vehicle mainly used in industry,,,,[]
Special vehicle,http://id.who.int/icd/entity/751744632,Person injured while boarding or alighting from special industrial vehicle,,,,[]
Special vehicle,http://id.who.int/icd/entity/1109907866,Mobile machinery or special purpose vehicle mainly used in agriculture,,,,[]
Special vehicle,http://id.who.int/icd/entity/397920054,Person injured while boarding or alighting from special agricultural vehicle,,,,[]
Special vehicle,http://id.who.int/icd/entity/311555997,Special all-terrain vehicle as counterpart in land transport crash,"A vehicle designed primarily for off-road use with capability to traverse a wide range of types of terrain by means of wheels, tracks, support on a cushion of air or other form of support/traction.",,,[]
Special vehicle,http://id.who.int/icd/entity/1649731250,Special vehicle mainly used in agriculture as mode of transport of person injured in transport related event,"A motor vehicle designed specifically for use in farming and agriculture (horticulture), for example to work the land, tend and harvest crops and transport materials on the farm.",,,[]
Special vehicle,http://id.who.int/icd/entity/419014753,Special vehicle mainly used in agriculture as counterpart in land transport crash,"A motor vehicle designed specifically for use in farming and agriculture (horticulture), for example to work the land, tend and harvest crops and transport materials on the farm.",,,[]
Special vehicle,http://id.who.int/icd/entity/723879647,Unintentional land transport nontraffic event injuring a user of a special construction vehicle,,,,[]
Special vehicle,http://id.who.int/icd/entity/1838051789,Assault by land transport traffic event injuring occupant of special construction vehicle,,,,[]
Special vehicle,http://id.who.int/icd/entity/648672667,Unintentional land transport nontraffic event injuring a user of a special vehicle mainly used in agriculture,,,,[]
Special vehicle,http://id.who.int/icd/entity/1475436790,Special vehicle mainly used on industrial premises as counterpart in land transport crash,A motor vehicle designed primarily for use within the buildings and premises of industrial or commercial establishments.,,,[]
Special vehicle,http://id.who.int/icd/entity/1682209990,Land transport traffic injury event of undetermined intent injuring a user of a special construction vehicle,,,,[]
Special vehicle,http://id.who.int/icd/entity/1843870705,Land transport nontraffic injury event of undetermined intent injuring a user of a special construction vehicle,,,,[]
Special vehicle,http://id.who.int/icd/entity/94693671,Unintentional land transport event unknown whether traffic or nontraffic injuring an occupant of a special construction vehicle,,,,[]
Special vehicle,http://id.who.int/icd/entity/449621115,Unintentional land transport traffic event injuring a user of an all-terrain vehicle,,"occupant of special all-terrain or other motor vehicle designed primarily for off-road use, injured in transport accident",,[]
Special vehicle,http://id.who.int/icd/entity/1288425662,Unintentional land transport nontraffic event injuring a user of a special vehicle mainly used on industrial premises,,,,[]
Special vehicle,http://id.who.int/icd/entity/24783331,Land transport traffic injury event of undetermined intent injuring a user of a special vehicle mainly used in agriculture,,,,[]
Railway,http://id.who.int/icd/entity/627674579,Unintentional railway transport injury event,,train accident; train crash; Railway accident NOS,,[]
Railway,http://id.who.int/icd/entity/1113541981,Occupant of railway train or railway vehicle injured in collision with other object,,Railway collision NOS,,[]
Railway,http://id.who.int/icd/entity/1109870961,Pedestrian injured in collision with railway train or railway vehicle,,,,[]
Railway,http://id.who.int/icd/entity/1221115924,Railway transport injury event of undetermined intent,,,,[]
Railway,http://id.who.int/icd/entity/555531715,Exposure to railway transport injury event,,,,[]
Railway,http://id.who.int/icd/entity/1763852271,Occupant of railway train or railway vehicle injured in transport accident,,,,[]
Railway,http://id.who.int/icd/entity/1251979944,Intentional self-harm by railway transport injury event,,,,[]
Railway,http://id.who.int/icd/entity/968659116,Car occupant injured in collision with railway train or railway vehicle,,,,[]
Railway,http://id.who.int/icd/entity/1041020799,Bus occupant injured in collision with railway train or railway vehicle,,,,[]
Railway,http://id.who.int/icd/entity/978055709,Railway vehicle as mode of transport of person injured in transport related event,"A vehicle, or a coupled set of vehicles (a train), designed for traffic on a railway.","Mode of transport, Rail vehicle",,[]
Railway,http://id.who.int/icd/entity/788642162,Railway vehicle as counterpart in land transport crash,"A vehicle, or a coupled set of vehicles (a train), designed for traffic on a railway.",,,[]
Railway,http://id.who.int/icd/entity/1504896322,Assault by railway transport injury event,,,,[]
Railway,http://id.who.int/icd/entity/367133032,Pedal cyclist injured in collision with railway train or railway vehicle,,,,[]
Railway,http://id.who.int/icd/entity/838309904,Railway train as mode of transport of person injured in transport related event,,,,[]
Railway,http://id.who.int/icd/entity/1228299776,Railway train as counterpart in land transport crash,,,,[]
Railway,http://id.who.int/icd/entity/1774845798,Occupant of heavy transport vehicle injured in collision with railway train or railway vehicle,,,,[]
Railway,http://id.who.int/icd/entity/376039232,"Pedestrian injured in collision with railway train or railway vehicle, traffic accident",,pedestrian struck by train,,[]
Railway,http://id.who.int/icd/entity/307373757,Motorcycle rider injured in collision with railway train or railway vehicle,,,,[]
Railway,http://id.who.int/icd/entity/1931618986,"Pedestrian injured in collision with railway train or railway vehicle, nontraffic accident",,,,[]
Railway,http://id.who.int/icd/entity/1435574385,Unintentional railway transport injury event with collision or derailment,,,,[]
Railway,http://id.who.int/icd/entity/1425675101,Occupant of railway train or railway vehicle injured by fall in railway train or railway vehicle,,fall in train; fall on train,,[]
Railway,http://id.who.int/icd/entity/1476167509,"Occupant of railway vehicle injured in transport event, assault",,,,[]
Railway,http://id.who.int/icd/entity/1404686390,Occupant of railway train or railway vehicle injured in collision with motor vehicle in traffic accident,,,,[]
Railway,http://id.who.int/icd/entity/921836964,Occupant of railway train or railway vehicle injured in collision with motor vehicle in nontraffic accident,,,,[]
Railway,http://id.who.int/icd/entity/542589858,Occupant of railway train or railway vehicle injured by fall from railway train or railway vehicle,,fall from train,,[]
Railway,http://id.who.int/icd/entity/709884928,Unintentional railway transport injury event without collision or derailment,,,,[]
Railway,http://id.who.int/icd/entity/1167552166,Occupant of three-wheeled motor vehicle injured in collision with railway train or railway vehicle,,,,[]
Railway,http://id.who.int/icd/entity/1741161417,Railway transport injury event of undetermined intent with collision or derailment,,,,[]
Railway,http://id.who.int/icd/entity/1485237550,Car occupant injured in collision with railway train or railway vehicle : unspecified car occupant injured in traffic accident,,,,[]
Railway,http://id.who.int/icd/entity/1755875455,Bus occupant injured in collision with railway train or railway vehicle : unspecified bus occupant injured in traffic accident,,,,[]
Railway,http://id.who.int/icd/entity/1206384273,Car occupant injured in collision with railway train or railway vehicle : unspecified car occupant injured in nontraffic accident,,,,[]
Railway,http://id.who.int/icd/entity/2009699266,Bus occupant injured in collision with railway train or railway vehicle : unspecified bus occupant injured in nontraffic accident,,,,[]
Railway,http://id.who.int/icd/entity/833740489,Person injured while boarding or alighting from railway train or railway vehicle,,,,[]
Railway,http://id.who.int/icd/entity/150225625,"Pedal cyclist injured in collision with railway train or railway vehicle, unspecified pedal cyclist injured in traffic accident",,,,[]
Railway,http://id.who.int/icd/entity/1927189746,"Pedal cyclist injured in collision with railway train or railway vehicle, unspecified pedal cyclist injured in nontraffic accident",,,,[]
Railway,http://id.who.int/icd/entity/936956022,Railway transport injury event of undetermined intent without collision or derailment,,,,[]
Railway,http://id.who.int/icd/entity/2024975184,Occupant of heavy transport vehicle injured in collision with railway train or railway vehicle : unspecified occupant of heavy transport vehicle injured in traffic accident,,,,[]
Railway,http://id.who.int/icd/entity/1741926643,Occupant of heavy transport vehicle injured in collision with railway train or railway vehicle : unspecified occupant of heavy transport vehicle injured in nontraffic accident,,,,[]
Railway,http://id.who.int/icd/entity/1908407660,Occupant of railway train or railway vehicle injured by explosion or fire,,,,[]
Railway,http://id.who.int/icd/entity/953821068,"Motorcycle rider injured in collision with railway train or railway vehicle, unspecified motorcycle rider injured in traffic accident",,,,[]
Railway,http://id.who.int/icd/entity/1123086755,"Motorcycle rider injured in collision with railway train or railway vehicle, unspecified motorcycle rider injured in nontraffic accident",,,,[]
Railway,http://id.who.int/icd/entity/1159499320,Occupant of railway train or railway vehicle injured in derailment without antecedent collision,,,,[]
Railway,http://id.who.int/icd/entity/636483696,Car occupant injured in collision with railway train or railway vehicle : passenger injured in traffic accident,,,,[]
Railway,http://id.who.int/icd/entity/365010237,Bus occupant injured in collision with railway train or railway vehicle : passenger injured in traffic accident,,,,[]
Railway,http://id.who.int/icd/entity/1442933756,Car occupant injured in collision with railway train or railway vehicle : passenger injured in nontraffic accident,,,,[]
Railway,http://id.who.int/icd/entity/1714359977,Bus occupant injured in collision with railway train or railway vehicle : passenger injured in nontraffic accident,,,,[]
Railway,http://id.who.int/icd/entity/1363323025,Car occupant injured in collision with railway train or railway vehicle : driver injured in traffic accident,,,,[]
Railway,http://id.who.int/icd/entity/1634520516,Bus occupant injured in collision with railway train or railway vehicle : driver injured in traffic accident,,,,[]
Railway,http://id.who.int/icd/entity/860530286,Car occupant injured in collision with railway train or railway vehicle : driver injured in nontraffic accident,,,,[]
Railway,http://id.who.int/icd/entity/56935229,Bus occupant injured in collision with railway train or railway vehicle : driver injured in nontraffic accident,,,,[]
Rocket,http://id.who.int/icd/entity/1190268572,Operations of war or armed conflict involving destruction of aircraft due to rocket propelled grenade [RPG],,,,[]
Spacecraft,http://id.who.int/icd/entity/1936176450,Spacecraft,,,,[]
Spacecraft,http://id.who.int/icd/entity/458566792,Spacecraft accident injuring occupant,,,,[]
Spacecraft,http://id.who.int/icd/entity/2003233412,Spacecraft as mode of transport of person injured in transport related event,"Device designed for transporting passengers or goods to, from and in places with very low atmospheric pressure.",,,[]
Spacecraft,http://id.who.int/icd/entity/398815501,"Unintentional air or space transport injury event with aircraft or spacecraft damaged, disabled or destroyed",,,,[]
Spacecraft,http://id.who.int/icd/entity/216927879,"Unintentional air or space transport injury event with aircraft or spacecraft not damaged, disabled or destroyed",,,,[]
Spacecraft,http://id.who.int/icd/entity/1669374043,"Air or space transport injury event of undetermined intent with aircraft or spacecraft damaged, disabled or destroyed",,,,[]
Spacecraft,http://id.who.int/icd/entity/1939351585,"Intentional self-harm by air or space transport injury event with aircraft or spacecraft damaged, disabled or destroyed",,,,[]
Spacecraft,http://id.who.int/icd/entity/475954132,"Air or space transport injury event of undetermined intent with aircraft or spacecraft not damaged, disabled or destroyed",,,,[]
Spacecraft,http://id.who.int/icd/entity/206145883,"Assault by air or space transport injury event with aircraft or spacecraft damaged, disabled or destroyed",,,,[]
Spacecraft,http://id.who.int/icd/entity/596179872,"Intentional self-harm by air or space transport injury event with aircraft or spacecraft not damaged, disabled or destroyed",,,,[]
Spacecraft,http://id.who.int/icd/entity/1126845376,"Assault by air or space transport injury event with aircraft or spacecraft not damaged, disabled or destroyed",,,,[]
Ferry,http://id.who.int/icd/entity/1323021887,Ferry line,,,,[]
Ferry,http://id.who.int/icd/entity/1146691090,Other and unspecified water transport accidents involving ferry-boat,,,,[]
Ferry,http://id.who.int/icd/entity/1368954017,Ferry used for short trips across closed waters,,Ferry used for short trips across small lakes; Ferry used for short trips across minor rivers,,[]
Ferry,http://id.who.int/icd/entity/1127364297,"Unintentional water transport injury event with water vessel damaged, disabled or destroyed, causing other injury, ferry-boat",,,,[]
Ferry,http://id.who.int/icd/entity/1329242303,"Unintentional water transport injury event with water vessel not damaged, disabled or destroyed, causing other injury, ferry-boat",,,,[]
Ferry,http://id.who.int/icd/entity/1768603638,"Unintentional water transport injury event with water vessel damaged, disabled or destroyed, causing submersion or drowning, ferry-boat",,,,[]
Ferry,http://id.who.int/icd/entity/580482593,"Unintentional water transport injury event with water vessel not damaged, disabled or destroyed, causing submersion or drowning, ferry-boat",,,,[]
Water area,http://id.who.int/icd/entity/512291937,Large area of water,,,,[]
Water area,http://id.who.int/icd/entity/819477985,Area of still water,,,,[]
Air space,http://id.who.int/icd/entity/69852207,Unintentional air or space transport injury event,,Air and space transport accidents; Air transport accident NOS; Aircraft accident NOS; accidents to nonoccupants of aircraft,,[]
Air space,http://id.who.int/icd/entity/1213123504,Accidentally shut in other airtight space,,,,[]
Air space,http://id.who.int/icd/entity/1658265422,Air or space transport injury event of undetermined intent,,,,[]
Air space,http://id.who.int/icd/entity/608409651,Exposure to air or space transport injury event,,,,[]
Air space,http://id.who.int/icd/entity/215074196,Intentional self-harm by air or space transport injury event,,,,[]
Air space,http://id.who.int/icd/entity/1766700216,Assault by air or space transport injury event,,,,[]
Air space,http://id.who.int/icd/entity/398815501,"Unintentional air or space transport injury event with aircraft or spacecraft damaged, disabled or destroyed",,,,[]
Air space,http://id.who.int/icd/entity/216927879,"Unintentional air or space transport injury event with aircraft or spacecraft not damaged, disabled or destroyed",,,,[]
Air space,http://id.who.int/icd/entity/1669374043,"Air or space transport injury event of undetermined intent with aircraft or spacecraft damaged, disabled or destroyed",,,,[]
Air space,http://id.who.int/icd/entity/1939351585,"Intentional self-harm by air or space transport injury event with aircraft or spacecraft damaged, disabled or destroyed",,,,[]
Air space,http://id.who.int/icd/entity/475954132,"Air or space transport injury event of undetermined intent with aircraft or spacecraft not damaged, disabled or destroyed",,,,[]
Air space,http://id.who.int/icd/entity/206145883,"Assault by air or space transport injury event with aircraft or spacecraft damaged, disabled or destroyed",,,,[]
Air space,http://id.who.int/icd/entity/596179872,"Intentional self-harm by air or space transport injury event with aircraft or spacecraft not damaged, disabled or destroyed",,,,[]
Air space,http://id.who.int/icd/entity/1126845376,"Assault by air or space transport injury event with aircraft or spacecraft not damaged, disabled or destroyed",,,,[]
Space,http://id.who.int/icd/entity/1341571943,Orientation to space,Mental functions that produce awareness of one's body in relationship to the immediate physical space.,Functions involved in orientation to space,,[]
Space,http://id.who.int/icd/entity/51427988,Epidural space,,,,[]
Space,http://id.who.int/icd/entity/1059756073,Popliteal fossa,,"Popliteal space, NOS",,[]
Space,http://id.who.int/icd/entity/1971155025,Lumbar discs or space,,,,[]
Space,http://id.who.int/icd/entity/1482290368,Maintaining social space,"Being aware of and maintaining a distance between oneself and others that is contextually, socially and culturally appropriate.",,,[]
Space,http://id.who.int/icd/entity/709780428,Inadequate housing,,lack of adequate housing; problem with inadequate housing; restriction of housing space; unsatisfactory surroundings; technical defects in home preventing adequate care,,[]
Space,http://id.who.int/icd/entity/808756694,Thoracic discs or space,,,,[]
Space,http://id.who.int/icd/entity/597130628,Skin of popliteal space,,,,[]
Space,http://id.who.int/icd/entity/759198484,Intramedullary space,,,,[]
Space,http://id.who.int/icd/entity/237343916,Perineural space,,,,[]
Space,http://id.who.int/icd/entity/69852207,Unintentional air or space transport injury event,,Air and space transport accidents; Air transport accident NOS; Aircraft accident NOS; accidents to nonoccupants of aircraft,,[]
Space,http://id.who.int/icd/entity/2005792829,Persistent Postural-Perceptual Dizziness,"Persistent non-vertiginous dizziness, unsteadiness, or both lasting three months or more. Symptoms are present most days, often increasing throughout the day, but may wax and wane. Momentary flares may occur spontaneously or with sudden movement. Affected individuals feel worst when upright, exposed to moving or complex visual stimuli, and during active or passive head motion. These situations may not be equally provocative. Typically, the disorder follows occurrences of acute or episodic vestibular or balance-related problems. Symptoms may begin intermittently, and then consolidate. Gradual onset is uncommon.",Chronic subjective dizziness; Phobic postural vertigo; Visual vertigo; Space and motion discomfort,,[]
Space,http://id.who.int/icd/entity/514878466,Antecubital fossa,,"Antecubital space, NOS",,[]
Space,http://id.who.int/icd/entity/277341308,Subdural space,,,,[]
Space,http://id.who.int/icd/entity/873672147,Diastema of teeth,A space between teeth due to their irregular shape or position within the maxillary or mandibular alveolar ridge,abnormal spacing of tooth or teeth,,[]
Space,http://id.who.int/icd/entity/1031608412,Skin of antecubital space,,,,[]
Space,http://id.who.int/icd/entity/1761166931,Intervertebral disc or space,,,,[]
Space,http://id.who.int/icd/entity/793228530,Cervical discs or space,,,,[]
Space,http://id.who.int/icd/entity/296826005,Superficial injury of popliteal space,,,,[]
Space,http://id.who.int/icd/entity/1707710323,Organ or organ space surgical site infection,"A surgical site infection that involves any part of the body deeper than the fascial or muscle layers, that is opened or manipulated during the operative procedure.",,,[]
Space,http://id.who.int/icd/entity/1255262643,Parapharyngeal recess,,Parapharyngeal space,,[]
Space,http://id.who.int/icd/entity/1773415949,Retropharyngeal recess,,Retropharyngeal space,,[]
Space,http://id.who.int/icd/entity/710988614,Tonsillar fossa,,Mouth - tonsillar fossa; peritonsillar space,,[]
Space,http://id.who.int/icd/entity/752556622,Open space planning systems,"Administrative control and monitoring mechanisms, such as for the implementation of local, regional or national planning acts, design codes, heritage or conservation policies and environmental planning policy, that govern the planning, design, development and maintenance of open space, including rural, suburban and urban land, parks, conservation areas and wildlife reserves.",,,[]
Space,http://id.who.int/icd/entity/250672167,Abscess of lateral pharyngeal space,,lateral pharyngeal abscess,,[]
Space,http://id.who.int/icd/entity/1904765755,Intracranial space-occupying lesion,,intracranial mass lesion; intracranial lesion,,[]
Space,http://id.who.int/icd/entity/1419955558,Claustrophobia,,fear of confined spaces; fear of enclosed spaces,,[]
Space,http://id.who.int/icd/entity/1731473665,Interdigital web space of foot,,,,[]
Space,http://id.who.int/icd/entity/1065556593,Interdigital web space of hand,,,,[]
Space,http://id.who.int/icd/entity/435131151,Synovial cyst of popliteal space,This is a benign swelling of the semimembranous or more rarely some other synovial bursa found behind the knee joint.,popliteal cyst; synovial cyst of knee; Baker cyst; Baker cyst of knee; synovial Baker cyst,,[]
Space,http://id.who.int/icd/entity/1005813390,Open space planning services,"Services and programmes aimed at planning, creating and maintaining urban, suburban, rural, recreational, conservation and environmental space, meeting and commercial open spaces (plazas, open- air markets) and pedestrian and vehicular transportation routes for intended uses, including those who provide these services.",,,[]
Space,http://id.who.int/icd/entity/363050766,Open space planning policies,"Legislation, regulations and standards that govern the planning, design, development and maintenance of open space, including rural land, suburban land, urban land, parks, conservation areas and wildlife reserves, such as local, regional or national planning acts, design codes, heritage or conservation policies, and environmental planning policies.",,,[]
Space,http://id.who.int/icd/entity/1213123504,Accidentally shut in other airtight space,,,,[]
Space,http://id.who.int/icd/entity/420343916,Subarachnoid space,,,,[]
Space,http://id.who.int/icd/entity/1658265422,Air or space transport injury event of undetermined intent,,,,[]
Space,http://id.who.int/icd/entity/1582079041,First interdigital web space of foot,,,,[]
Space,http://id.who.int/icd/entity/1142038927,Fourth interdigital web space of foot,,Lateral interdigital web space of foot,,[]
Space,http://id.who.int/icd/entity/1976891156,First interdigital web space of hand,,,,[]
Space,http://id.who.int/icd/entity/1396327759,Third interdigital web space of foot,,,,[]
Space,http://id.who.int/icd/entity/1231353985,Second interdigital web space of foot,,,,[]
Space,http://id.who.int/icd/entity/1624226252,Third interdigital web space of hand,,,,[]
Space,http://id.who.int/icd/entity/438652349,Second interdigital web space of hand,,,,[]
Space,http://id.who.int/icd/entity/608409651,Exposure to air or space transport injury event,,,,[]
Space,http://id.who.int/icd/entity/730550011,Fear of open places,,fear of open spaces,,[]
Space,http://id.who.int/icd/entity/1417741020,Widened periodontal ligament space,Enlarged periodontal ligament due to trauma or malocclusion,,,[]
Space,http://id.who.int/icd/entity/976865041,Fourth interdigital web space of hand,,,,[]
Space,http://id.who.int/icd/entity/215074196,Intentional self-harm by air or space transport injury event,,,,[]
Space,http://id.who.int/icd/entity/1160683650,Abscess of parapharyngeal space,,parapharyngeal abscess,,[]
Space,http://id.who.int/icd/entity/150784811,Malignant neoplasm metastasis in epidural space,,,,[]
Space,http://id.who.int/icd/entity/1766700216,Assault by air or space transport injury event,,,,[]
Public building,http://id.who.int/icd/entity/1847296334,Non-cultural public building,,,,[]
Public building,http://id.who.int/icd/entity/1231726668,"Recreational area, cultural area, or public building",,,,[]
Public building,http://id.who.int/icd/entity/1379782912,"Design, construction and building products and technology of buildings for public use","Products and technology that constitute an individual's indoor and outdoor human-made environment that is planned, designed and constructed for public use, including those adapted or specially designed.",,,[]
Public building,http://id.who.int/icd/entity/999985799,Moving around within buildings other than home,"Walking and moving around within buildings other than one's residence, such as moving around other people's homes, other private buildings, community and public buildings and enclosed areas.",,,[]
Public building,http://id.who.int/icd/entity/593535840,"Design, construction and building products and technology for physical safety of persons in buildings for public use","Indoor and outdoor products and technology for public use to assure safety, such as guardrails for beds and emergency signals.",,,[]
Public building,http://id.who.int/icd/entity/437784096,"Design, construction and building products and technology for entering and exiting buildings for public use","Products and technology of entry and exit from the human-made environment that is planned, designed and constructed for public use, such as design, building and construction of entries and exits to buildings for public use (e.g. child care settings, schools, workplaces, shops and theatres), public buildings, portable and stationary ramps, power-assisted doors, lever door handles and level door thresholds.",,,[]
Public building,http://id.who.int/icd/entity/877184928,"Design, construction and building products and technology for way finding, path routing and designation of locations in buildings for public use","Indoor and outdoor products and technology in design, building and construction for public use to assist people to find their way inside and immediately outside buildings and locate the places they want to go to, such as signage, in Braille or writing, size of corridors, floor surfaces, accessible kiosks and other forms of directories.",,,[]
Public building,http://id.who.int/icd/entity/221276896,"Design, construction and building products and technology for gaining access to facilities inside buildings for public use","Products and technology of indoor facilities in design, building and construction for public use, such as washroom facilities, telephones, audio loops, lifts or elevators, escalators, thermostats (for temperature regulation) and dispersed accessible seating in auditoriums or stadiums.",,,[]
Cultural building,http://id.who.int/icd/entity/1847296334,Non-cultural public building,,,,[]
Cultural building,http://id.who.int/icd/entity/1231726668,"Recreational area, cultural area, or public building",,,,[]
Sport building,http://id.who.int/icd/entity/922452628,"Part of building or grounds, other specified sporting facility",,,,[]
Sport building,http://id.who.int/icd/entity/1309725634,"Type of sport or exercise activity, strength training or body building",,,,[]
General living,http://id.who.int/icd/entity/659594362,General products and technology for personal use in daily living,"Equipment, products and technologies used by people in daily activities, such as clothes, textiles, furniture, appliances, cleaning products and tools, not adapted or specially designed.",,,[]
Sport,http://id.who.int/icd/entity/465823194,Sports,"Engaging in competitive and informal or formally organized games or athletic events, performed alone or in a group, such as bowling, gymnastics or soccer.",Engaging in sports,,[]
Sport,http://id.who.int/icd/entity/1781097100,Power sports,,,,[]
Sport,http://id.who.int/icd/entity/1787555365,Boating sports,,,,[]
Sport,http://id.who.int/icd/entity/2097219148,Combative sports,,,,[]
Sport,http://id.who.int/icd/entity/151326098,Examination for participation in sport,,medical examination for participation in sport; sport medical examination,,[]
Sport,http://id.who.int/icd/entity/2107869925,Individual water sports,,,,[]
Sport,http://id.who.int/icd/entity/691848837,Other specified sports projectile,,,,[]
Sport,http://id.who.int/icd/entity/1641526172,Ball used in sport,,,,[]
Sport,http://id.who.int/icd/entity/564172108,Wheeled motor sports,,,,[]
Sport,http://id.who.int/icd/entity/1397870540,Racquet sports,,,,[]
Sport,http://id.who.int/icd/entity/416823308,Adventure sports,,,,[]
Sport,http://id.who.int/icd/entity/1888920795,Acrobatic sports,,,,[]
Sport,http://id.who.int/icd/entity/1582350237,Type of sport or exercise activity,,,,[]
Sport,http://id.who.int/icd/entity/166276439,Striking against or struck by sports equipment,,striking against or struck by sports equipment causing accidental injury; struck by sports equipment,,[]
Sport,http://id.who.int/icd/entity/1098630529,Net for sports or exercise,,,,[]
Sport,http://id.who.int/icd/entity/1060731218,Sports and athletics area,,,,[]
Sport,http://id.who.int/icd/entity/914944396,Wheeled non-motored sports,,,,[]
Sport,http://id.who.int/icd/entity/257085541,Team water sports,,,,[]
Sport,http://id.who.int/icd/entity/2004860327,Toy sports equipment,,,,[]
Sport,http://id.who.int/icd/entity/1148824332,Target or precision sports,,,,[]
Sport,http://id.who.int/icd/entity/1155213221,Ice or snow sports,,,,[]
Sport,http://id.who.int/icd/entity/1730679517,Phase of sport or exercise activity,,,,[]
Sport,http://id.who.int/icd/entity/553785829,Team ball sports,,,,[]
Sport,http://id.who.int/icd/entity/1743105655,About sports and other leisure,,,,[]
Sport,http://id.who.int/icd/entity/367859252,Multidiscipline sports,,,,[]
Sport,http://id.who.int/icd/entity/314906654,Routine general health check-up of sports teams,,medical examination of sports teams; medical examination of athletes; screening for chromosomal abnormalities in athletes,,[]
Sport,http://id.who.int/icd/entity/735858112,"Type of sport or exercise activity, fishing",,,,[]
Sport,http://id.who.int/icd/entity/1098038036,Outdoor sporting grounds,,,,[]
Sport,http://id.who.int/icd/entity/821249273,"Sports, recreation or leisure activity",,"sports or leisure activities whether undertaken for pleasure, fitness or adventure",,[]
Sport,http://id.who.int/icd/entity/571191390,Aspects of sports injury events,,,,[]
Sport,http://id.who.int/icd/entity/1282434979,"Type of sport or exercise activity, walking",,,,[]
Sport,http://id.who.int/icd/entity/1308980224,"type of sport/exercise activity, diving - unspecified",,,,[]
Sport,http://id.who.int/icd/entity/1542656025,"Type of sport or exercise activity, curling",,,,[]
Sport,http://id.who.int/icd/entity/1485654559,"Type of sport or exercise activity, boxing",,,,[]
Sport,http://id.who.int/icd/entity/258281519,"Type of sport or exercise activity, scootering",,,,[]
Sport,http://id.who.int/icd/entity/2013926996,Indoor sporting hall,,,,[]
Sport,http://id.who.int/icd/entity/1269620108,"Type of sport or exercise activity, mountaineering",,,,[]
Sport,http://id.who.int/icd/entity/1642088291,"Type of sport or exercise activity, canoeing",,,,[]
Sport,http://id.who.int/icd/entity/1487871708,Hand-held sports equipment,,,,[]
Sport,http://id.who.int/icd/entity/1888981680,Sports mat for playing sports or exercise,,,,[]
Sport,http://id.who.int/icd/entity/1381305252,"Type of sport or exercise activity, marching",,,,[]
Sport,http://id.who.int/icd/entity/233733394,"Ball, general, other than sport specific",,,,[]
Sport,http://id.who.int/icd/entity/1798153956,"Type of sport or exercise activity, dancing",,,,[]
Sport,http://id.who.int/icd/entity/1044352613,"Type of sport or exercise activity, tennis",,,,[]
Sport,http://id.who.int/icd/entity/623479488,"Type of sport or exercise activity, snowmobiling",,,,[]
Sport,http://id.who.int/icd/entity/1879078429,Personal countermeasures in sport or exercise,,,,[]
Sport,http://id.who.int/icd/entity/512696487,"Type of sport or exercise activity, water tubing",,,,[]
Sport,http://id.who.int/icd/entity/1336225503,"Type of sport or exercise activity, fencing",,,,[]
Sport,http://id.who.int/icd/entity/116579896,"Type of sport or exercise activity, darts",,,,[]
Sport,http://id.who.int/icd/entity/1288623333,"Type of sport or exercise activity, squash",,,,[]
Wellness,http://id.who.int/icd/entity/1860796142,Eosinophilic cellulitis,"Eosinophilic cellulitis (Wells syndrome) is characterised by a distinctive clinical picture resembling cellulitis, and a typical histology with tissue eosinophilia, oedema and ‘flame’ figures (clusters of eosinophils and histiocytes around a core of collagen and eosinophilic debris). It can affect either sex, usually in adult life. Any site may be involved, with single or multiple lesions, and recurrences are common. Initially, the lesions are itchy erythematous plaques with features resembling both urticaria and cellulitis but bullous and nodular forms have also been described. It may arise spontaneously but a number of drugs and infections have been implicated.",Wells' syndrome,,[]
Wellness,http://id.who.int/icd/entity/2023608436,Grade I,Well differentiated,"Differentiated, NOS; Well differentiated; Low grade; Grade 1",,[]
Wellness,http://id.who.int/icd/entity/810788589,Health supervision or care of other healthy infant or child,,child in care; healthy infant receiving care; well-baby care,,[]
Wellness,http://id.who.int/icd/entity/1983358487,Muckle-Wells syndrome,"Muckle-Wells syndrome (MWS) is an autoinflammatory syndrome characterised by chronic recurrent urticaria, periodic arthritis, sensorineural deafness, general signs of inflammation and secondary amyloidosis (AA type).",Urticaria - deafness - amyloidosis,,[]
Wellness,http://id.who.int/icd/entity/604338977,"Follicular adenocarcinoma, well differentiated",,"Follicular carcinoma, well differentiated",,[]
Wellness,http://id.who.int/icd/entity/367567172,Follicular carcinoma of thyroid gland,"A differentiated adenocarcinoma arising from the follicular cells of the thyroid gland. The nuclear features which characterise the thyroid gland papillary carcinoma are absent. Radiation exposure is a risk factor and it comprises approximately 10% to 15% of thyroid cancers. Clinically, it usually presents as a solitary mass in the thyroid gland. It is generally unifocal and thickly encapsulated and shows invasion of the capsule or the vessels. Diagnostic procedures include: thyroid ultrasound and fine needle biopsy.",follicular carcinoma of unspecified site; follicular thyroid carcinoma; moderately differentiated follicular carcinoma of thyroid gland; pure follicle carcinoma of thyroid gland; pure follicle follicular carcinoma of unspecified site; pure follicular carcinoma of thyroid gland; trabecular follicular carcinoma of thyroid gland; trabecular follicular carcinoma of unspecified site; well differentiated follicular carcinoma of unspecified site; well differentiated follicular carcinoma of thyroid gland,,[]
Wellness,http://id.who.int/icd/entity/1619607309,"Thymoma, type B3",,"Thymoma, epithelial; Well differentiated thymic carcinoma; Thymoma, atypical",,[]
Wellness,http://id.who.int/icd/entity/654289190,"Well differentiated lipomatous tumour, primary site",,Atypical liposarcoma,,[]
Wellness,http://id.who.int/icd/entity/453104436,Problem with behaviours related to psychological health or wellbeing,,,,[]
Wellness,http://id.who.int/icd/entity/1592782472,Well differentiated endocrine neoplasm of corpus uteri,,,,[]
Wellness,http://id.who.int/icd/entity/330008133,"Sertoli-Leydig cell tumour, well differentiated",,,,[]
Wellness,http://id.who.int/icd/entity/1427663737,Healthy person accompanying sick person,,well person accompanying sick person,,[]
Wellness,http://id.who.int/icd/entity/1835724484,Well differentiated tumor of uncertain malignant potential,,,,[]
Wellness,http://id.who.int/icd/entity/1579637011,Muckle Wells Syndrome with amyloidosis,,,,[]
Wellness,http://id.who.int/icd/entity/1509102037,"Neuroendocrine carcinoma, well-differentiated",,,,[]
Wellness,http://id.who.int/icd/entity/801757968,Well differentiated papillary mesothelioma,,Mesothelial papilloma,,[]
Wellness,http://id.who.int/icd/entity/2121929861,"Liposarcoma, well differentiated",,"Liposarcoma, differentiated; Lipoma-like liposarcoma; Liposarcoma, well differentiated, NOS",,[]
Wellness,http://id.who.int/icd/entity/1242903814,Follicular adenocarcinoma of thyroid gland,,follicular adenocarcinoma of unspecified site; moderately differentiated follicular adenocarcinoma of thyroid gland; moderately differentiated follicular adenocarcinoma of unspecified site; trabecular follicular adenocarcinoma of thyroid gland; trabecular follicular adenocarcinoma of unspecified site; well differentiated follicular adenocarcinoma of thyroid gland; well differentiated follicular adenocarcinoma of unspecified site,,[]
Wellness,http://id.who.int/icd/entity/1986226456,Muckle Wells Syndrome with neurosensorial hearing loss,,,,[]
Wellness,http://id.who.int/icd/entity/400683132,B-cell chronic lymphocytic leukaemia/small lymphocytic lymphoma,,"Chronic lymphatic leukaemia; Chronic lymphocytic leukaemia; Chronic lymphocytic leukaemia, B-cell type; Chronic lymphoid leukaemia; Malignant lymphoma, lymphocytic, NOS; Malignant lymphoma, lymphocytic, diffuse, NOS; Malignant lymphoma, small cell, NOS; Malignant lymphoma, small lymphocytic, NOS; Malignant lymphoma, lymphocytic, well differentiated, diffuse; Malignant lymphoma, small cell diffuse; Malignant lymphoma, small lymphocytic, diffuse",,[]
Wellness,http://id.who.int/icd/entity/728126881,"Follicular lymphoma, grade 3",,"Malignant lymphoma, large cell, follicular, NOS; Malignant lymphoma, noncleaved cell, follicular, NOS; Follicular lymphoma, grade 3A; Follicular lymphoma, grade 3B; Malignant lymphoma, centroblastic, follicular; Malignant lymphoma, histiocytic, nodular; Malignant lymphoma, large cell, noncleaved, follicular; Malignant lymphoma, large cleaved cell, follicular; Malignant lymphoma, lymphocytic, well differentiated, nodular",,[]
Wellness,http://id.who.int/icd/entity/1847093418,Other well-defined immunodeficiency syndromes due to defects in adaptive immunity,"This refers to other defects in the highly specialized, systemic cells and processes that eliminate or prevent pathogen growth.",,,[]
Wellness,http://id.who.int/icd/entity/2004515128,Well-differentiated thymic neuroendocrine carcinoma,,,,[]
Wellness,http://id.who.int/icd/entity/771870004,Atypical lipomatous tumour,,"Atypical lipoma; Liposarcoma, well differentiated, superficial",,[]
Wellness,http://id.who.int/icd/entity/163238540,"Body of water, man-made well, dug well for underground water",,,,[]
Wellness,http://id.who.int/icd/entity/1283757172,Other well-defined immunodeficiency syndromes due to defects in innate immunity,,,,[]
Wellness,http://id.who.int/icd/entity/438247237,Well differentiated papillary mesothelioma of pleura,,,,[]
Wellness,http://id.who.int/icd/entity/482030856,Well differentiated papillary mesothelioma of the pleura,,,,[]
Wellness,http://id.who.int/icd/entity/316501599,Intraosseous well differentiated osteosarcoma,,Intraosseous low grade osteosarcoma,,[]
Wellness,http://id.who.int/icd/entity/516478127,Keratoacanthoma,"Keratoacanthoma is a relatively common keratinocytic epidermal tumour which shows resemblances to squamous cell carcinoma of the skin, from which it may be difficult to distinguish either clinically or histopathologically. It is characterised by rapid growth over a few weeks to months, followed by spontaneous resolution over 4-6 months. Because it is not possible to predict its benign behaviour with complete certainty during its initial growth phase, the designation ""Well-differentiated squamous cell carcinoma (keratoacanthoma type)"" is also used.",KA - [keratoacanthoma]; Well-differentiated squamous cell carcinoma (keratoacanthoma type),,[]
Cultural,http://id.who.int/icd/entity/1652814217,Acculturation difficulty,Problems resulting from the inability to adjust to a different culture or environment.,acculturation problem; cultural shock; social migrant difficulty; migration; cultural deprivation; social transplantation,,[]
Cultural,http://id.who.int/icd/entity/582699162,Arts and culture,"Engaging in, or appreciating, fine arts or cultural events, such as going to the theatre, cinema, museum or art gallery, or acting in a play, reading, being read to, dancing, singing or playing a musical instrument for enjoyment.",Engaging in arts and culture,,[]
Cultural,http://id.who.int/icd/entity/646401219,Diagnosis confirmed by culture,,,,[]
Cultural,http://id.who.int/icd/entity/1541925958,Positive sputum culture,,,,[]
Cultural,http://id.who.int/icd/entity/5542181,Positive throat culture,,,,[]
Cultural,http://id.who.int/icd/entity/1847296334,Non-cultural public building,,,,[]
Cultural,http://id.who.int/icd/entity/462621464,Problems associated with social or cultural environment,,social environment problem,,[]
Cultural,http://id.who.int/icd/entity/1788816520,"Abnormal microbiological findings in specimens from other organs, systems and tissues",,"positive wound culture; Positive culture findings on specimen from other organs, systems and tissue",,[]
Cultural,http://id.who.int/icd/entity/87178261,Aetiological considerations associated with cultural factors,"This category should be assigned when, in the clinician’s judgment, cultural factors are important contributing factors to the Sexual Dysfunction or Sexual Pain Disorder. Cultural factors may influence expectations or provoke inhibitions about the experience of sexual pleasure or other aspects of sexual activity. Other examples include strong culturally shared beliefs about sexual expression, for example a belief that loss of semen can lead to weakness, disease or death.",,,[]
Cultural,http://id.who.int/icd/entity/2116727174,Positive culture from nose,,,,[]
Cultural,http://id.who.int/icd/entity/753355737,"Products and technology for culture, recreation and sport","Equipment, products and technology used for the conduct and enhancement of cultural, recreational and sporting activities, including those adapted or specially designed.",,,[]
Cultural,http://id.who.int/icd/entity/1231726668,"Recreational area, cultural area, or public building",,,,[]
Cultural,http://id.who.int/icd/entity/1689921314,Positive culture findings in cerebrospinal fluid,,,,[]
Cultural,http://id.who.int/icd/entity/251900705,Abnormal findings on microbiological examination of urine,,Positive culture findings in urine sample NEC,,[]
Cultural,http://id.who.int/icd/entity/347504813,"Tuberculosis of lung, confirmed by culture only","This is a common, and in many cases lethal, infectious disease of the lung caused by various strains of mycobacteria, usually Mycobacterium tuberculosis. This diagnosis is confirmed by culture only.",pulmonary tuberculosis confirmed by culture only,,[]
Cultural,http://id.who.int/icd/entity/49960777,"General products and technology for culture, recreation and sport","Equipment, products and technology used for the conduct and enhancement of cultural, recreational and sporting activities, not adapted or specially designed.",,,[]
Cultural,http://id.who.int/icd/entity/366097289,"Assistive products and technology for culture, recreation and sport","Adapted or specially designed equipment, products and technology used for the conduct and enhancement of cultural, recreational and sporting activities, such as modified mobility devices for sports, adaptations for musical and other artistic performance.",,,[]
Cultural,http://id.who.int/icd/entity/954415029,Abnormal microbiological findings in specimens from female genital organs,,Positive culture findings in specimens from female genital organs,,[]
Cultural,http://id.who.int/icd/entity/1453585404,"Proximal risk factors for intentional self-harm, Cultural issue",,,,[]
Cultural,http://id.who.int/icd/entity/605814582,Abnormal microbiological findings in specimens from male genital organs,,Positive culture findings in specimens from male genital organs,,[]
Cultural,http://id.who.int/icd/entity/962893707,Abnormal microbiological findings in specimens from respiratory organs and thorax,,Positive culture findings in specimens from respiratory organs and thorax,,[]
Cultural,http://id.who.int/icd/entity/1912425785,"Tuberculosis of lung, confirmed by sputum microscopy with or without culture","This is a common, and in many cases lethal, infectious disease of the lung caused by various strains of mycobacteria, usually Mycobacterium tuberculosis. This diagnosis is confirmed by sputum microscopy with or without culture.",pulmonary tuberculosis confirmed by sputum microscopy with or without culture,,[]
Cultural,http://id.who.int/icd/entity/2108738441,Positive culture findings in specimens from digestive organs and abdominal cavity,,,,[]
Cultural,http://id.who.int/icd/entity/986641523,Tuberculous fibrosis of lung confirmed by sputum microscopy with or without culture,,,,[]
Cultural,http://id.who.int/icd/entity/426795985,Migration and difficulty adjusting to a new culture,,,,[]
Cultural,http://id.who.int/icd/entity/69785147,Tuberculous pneumonia confirmed by sputum microscopy with or without culture,,,,[]
Cultural,http://id.who.int/icd/entity/1686445200,Tuberculous bronchiectasis confirmed by sputum microscopy with or without culture,,,,[]
Cultural,http://id.who.int/icd/entity/605888121,Tuberculous pneumothorax confirmed by sputum microscopy with or without culture,,,,[]
Cultural,http://id.who.int/icd/entity/874180796,"Context of assault, altercation about personally-held views regarding cultural issues",,,,[]
Medical,http://id.who.int/icd/entity/665123902,Drugs,"Any natural or human-made object or substance gathered, processed or manufactured for medicinal purposes, such as allopathic and naturopathic medication.",Medication,,[]
Medical,http://id.who.int/icd/entity/3669619,Medical air,,,,[]
Medical,http://id.who.int/icd/entity/1823404060,Medical gases,,,,[]
Medical,http://id.who.int/icd/entity/1644130310,Explanation of medication,,,,[]
Medical,http://id.who.int/icd/entity/1987210192,General adult medical examination,Encounter for periodic examination (annual) (physical) and any associated laboratory and radiologic examinations on adult.,"adult health checkup; check-up adult; general adult health examination; health check-up, adult NOS; adult medical examination; annual health examination; periodic adult medical examination; periodic adult physical examination; adult general health checkup",,[]
Medical,http://id.who.int/icd/entity/88691851,Personal history of medical treatment,,history of medical treatment,,[]
Medical,http://id.who.int/icd/entity/1736175834,Autonomic dysfunction due to medications,,,,[]
Medical,http://id.who.int/icd/entity/1577416036,Drug-induced myoclonus,"Sudden, involuntary twitching or jerking of a muscle or group of muscles due to drug use.",medicament-induced myoclonus,,[]
Medical,http://id.who.int/icd/entity/1304962002,Medical service area,,,,[]
Medical,http://id.who.int/icd/entity/1718110433,Occupational health examination,,occupational health check-up; occupational medical examination,,[]
Medical,http://id.who.int/icd/entity/151326098,Examination for participation in sport,,medical examination for participation in sport; sport medical examination,,[]
Medical,http://id.who.int/icd/entity/102709764,Drug-induced cytopenia,"Drug-induced cytopenia is a relatively common immune-mediated cytopenia and the target cells include erythrocytes, leukocytes, platelets and hematopoietic precursor cells in the marrow. The most frequent condition is the drug-induced immune thrombocytopenia and the most frequent implicated drugs are penicillin and structurally related drugs, quinine, quinidine, sulfonamide antibiotics, non-steroidal anti-inflammatory drugs and anticonvulsants.",medicament-induced cytopenia,,[]
Medical,http://id.who.int/icd/entity/798498591,Failed medical induction of labour,A condition characterised by a failed attempt to stimulate contractions pharmacologically before the spontaneous onset of labour. This condition may occur with or without ruptured membranes.,failed medical induction,,[]
Medical,http://id.who.int/icd/entity/1913292067,Drug-induced hypomelanosis,"Focal or generalised loss of epidermal pigment attributable to pharmacologically active topical or systemical agent. This may be intentional with topical use of hydroquinone or monobenzylether of hydroquinone used with the intention of reducing skin pigmentation temporarily or permanently respectively. It is a rare side effect of chloroquine and hydroxychloroquine and has been described with the tyrosine kinase inhibitor, imatinib.",medicament-induced hypomelanosis,,[]
Medical,http://id.who.int/icd/entity/939513521,Drug-induced oral conditions,,medicament-induced oral conditions,,[]
Medical,http://id.who.int/icd/entity/2084384481,Drug-induced bone dysplasia,,medicament-induced bone dysplasia,,[]
Medical,http://id.who.int/icd/entity/646684691,Detergent external medication,,Detergent local; Detergent medicinal,,[]
Medical,http://id.who.int/icd/entity/1377705785,Drug-induced anal ulceration,"Anal ulceration attributable to drug treatment, typically with the anti-anginal agent, nicorandil. It presents with anal pain.",medicament-induced anal ulceration,,[]
Medical,http://id.who.int/icd/entity/972928014,Encounter for adoption services,Encounter to provide pre or post-adoption services to assist prospective adoptive parents in making an informed decision prior to adoption or to address the medical history and current health of the child and provide parental guidance,adoption medical examination; general medical examination for adoption; pre adoption examination; examination for adoption,,[]
Medical,http://id.who.int/icd/entity/876980611,Adverse effect medical agent,,side effect; side effect of medical agent,,[]
Medical,http://id.who.int/icd/entity/123068585,Drug-induced Cushing syndrome,,Iatrogenic Cushing syndrome; iatrogenic syndrome of excess cortisol; drug-induced Cushing disease; iatrogenic Cushing disease; medicament-induced Cushing syndrome,,[]
Medical,http://id.who.int/icd/entity/1092603368,Surveillance of contraceptive drugs,,checking of medical contraception; maintenance of contraception; repeat prescription for contraceptive pill or other contraceptive drugs; routine examination for contraceptive maintenance,,[]
Medical,http://id.who.int/icd/entity/314906654,Routine general health check-up of sports teams,,medical examination of sports teams; medical examination of athletes; screening for chromosomal abnormalities in athletes,,[]
Medical,http://id.who.int/icd/entity/216291184,Secondary mood syndrome,"A syndrome characterised by the presence of prominent mood symptoms (i.e., depression, elevated mood, irritability) judged to be a direct pathophysiological consequence of a health condition not classified under mental and behavioural disorders, based on evidence from the history, physical examination, or laboratory findings. The symptoms are not accounted for by delirium or by another mental and behavioural disorder, and are not a psychologically mediated response to a severe medical condition (e.g., depressive symptoms in response to a life-threatening diagnosis). This category should be used in addition to the diagnosis for the presumed underlying disorder or disease when the mood symptoms are sufficiently severe to warrant specific clinical attention.",medical condition causing mood disorder; organic affective disorder; organic bipolar disorder,,[]
Medical,http://id.who.int/icd/entity/471047382,Drug-induced fibrinolytic disorder,,medicament-induced fibrinolytic disorder,,[]
Medical,http://id.who.int/icd/entity/2041404971,Drug-induced oesophageal ulcer,,medicament-induced oesophageal ulcer; ulcer of oesophagus due to ingestion of drugs or medicaments,,[]
Medical,http://id.who.int/icd/entity/510526519,Meningitis due to medication,"Inflammation of the meninges due to medications. The syndrome is clinically characterised by headache, neck stiffness, fever and photophobia. A history of medication use along with the exclusion of other causes of meningitis may aid the diagnosis. Spinal fluid analysis may reveal a lymphocytic pleocytosis and raised protein.",Meningitis secondary to medication,,[]
Medical,http://id.who.int/icd/entity/1419758407,Unavailability or inaccessibility of health care facilities,,unavailability of medical facilities,,[]
Medical,http://id.who.int/icd/entity/1486914773,Drug-induced gastric ulcer,"Medications such as NSAIDs can cause gastric ulcer. Other drugs that may increase the risk of ulceration include potassium chloride, concomitant use of steroids with NSAIDs, bisphosphonates, and mycophenolate mofetil.",medicament-induced gastric ulcer; Toxic gastric ulcer,,[]
Medical,http://id.who.int/icd/entity/489508344,Adverse cutaneous reactions to medication,"This group incorporates not only drug rashes but also other acute and chronic cutaneous and mucocutaneous effects of topical or systemic medicaments, whether conventional or ""alternative"".",,,[]
Medical,http://id.who.int/icd/entity/383104340,"Injury or harm arising from surgical or medical care, not elsewhere classified",,complication of medical procedure not elsewhere classified; Complication of surgery not elsewhere classified,,[]
Medical,http://id.who.int/icd/entity/1651874787,Drug-induced parkinsonism,Parkinsonism due to prescription medications.,other drug-induced secondary parkinsonism; medicament-induced parkinsonism; treatment-induced akathisia,,[]
Medical,http://id.who.int/icd/entity/1141982501,Drug-induced nail abnormalities,Abnormalities of nails or nail growth attributable to drugs.,medicament-induced nail abnormalities,,[]
Medical,http://id.who.int/icd/entity/266489621,Seizures due to medications,Seizure(s) occurring in close temporal association with a drug with epileptogenic potential taken for therapeutic purposes.,"Toxic syndrome with generalised seizures, drug related",,[]
Medical,http://id.who.int/icd/entity/1612144007,Examination for immigration,,medical examination for immigration,,[]
Medical,http://id.who.int/icd/entity/1074517803,Examination for naturalization,,medical examination for naturalization,,[]
Medical,http://id.who.int/icd/entity/1835280399,Drug-induced anastomotic ulcer,Drug-induced anastomotic ulcer is an ulcer at the anastomosis that is caused by drug ingestion. NSAID is considered as one of the risk factors for anastomotic ulcer.,medicament-induced anastomotic ulcer,,[]
Medical,http://id.who.int/icd/entity/1571720446,Drug-induced duodenal ulcer,"Medications such as NSAIDs can cause duodenal ulcer. Other drugs that may increase the risk of ulceration include potassium chloride, concomitant use of steroids with NSAIDs, bisphosphonates, and mycophenolate mofetil.",medicament-induced duodenal ulcer; Toxic duodenal ulcer,,[]
Medical,http://id.who.int/icd/entity/1433065969,Medical device component,"Terms/codes for describing the parts and components which were involved in, or affected by, the medical device adverse event/incident.",,,[]
Medical,http://id.who.int/icd/entity/436964371,Medical gas supply problem,"Problem associated with the facility-supplied medical gases such as medical air, oxygen, nitrous oxide, and nitrogen.",,,[]
Medical,http://id.who.int/icd/entity/1925323459,"Inappropriate stoppage or discontinuation of drug, as mode of injury or harm",,inappropriate interruption of drug; medication incorrectly stopped; medication error due to stopping administration of drug or substance incorrectly,,[]
Medical,http://id.who.int/icd/entity/300740103,Hypersomnia due to a medication or substance,"Hypersomnia due to a medication or substance is characterised by excessive nocturnal sleep, daytime sleepiness, or excessive napping that is attributable to the sedating effects of medications, alcohol, or other psychoactive substances, including withdrawal syndromes (e.g., from stimulants) and is sufficiently severe to constitute an independent focus of clinical attention.

Note: A definitive diagnosis requires use of polysomnography and multiple sleep latency test (MSLT) to rule out other hypersomnolence disorders or other sleep disorders (e.g. obstructive sleep apnea) which might better explain the sleepiness.",Hypersomnia due to substances including medications; Hypersomnolence due to substances including medications,,[]
Medical,http://id.who.int/icd/entity/417566971,Issue of medical certificate,,examination for issue of medical certificate; issue of medical certificate of invalidity; issue of medical certificate of incapacity; issue of medical certificate of fitness; examination for disability determination,,[]
Medical,http://id.who.int/icd/entity/1517114528,Induced abortion,"Induced abortion (also referred to as Artificial termination of pregnancy) is a complete expulsion or extraction from a woman of an embryo or a fetus (irrespective of the duration of the pregnancy), following a deliberate interruption of an ongoing pregnancy by medical or surgical means, which is not intended to result in a live birth. Induced abortions are distinct from cases of spontaneous abortion and stillbirth.",medical abortion; abortion induced for legal indications; abortion induced for medical indications; legal termination of pregnancy; legally induced abortion; legal abortion; Illegal abortion; Nonmedical induced abortion; therapeutic abortion; therapeutic termination of pregnancy; abortion induced for psychiatric indications; artificial termination of pregnancy; APLA - [abortus provocatus lege artis]; legal Interruption of pregnancy,,[]
Medical,http://id.who.int/icd/entity/1162198017,Mode of injury or harm associated with a surgical or other medical procedure,,complication during medical or surgical care; misadventure during medical or surgical care,,[]
Medical,http://id.who.int/icd/entity/1596497122,Drug-induced fever,,drug fever; medicament-induced fever,,[]
Medical,http://id.who.int/icd/entity/1334795038,Drug-induced nail hypertrophy,,medicament-induced nail hypertrophy,,[]
Medical,http://id.who.int/icd/entity/1563414839,Drug-induced nail pigmentation,,medicament-induced nail pigmentation,,[]
Medical,http://id.who.int/icd/entity/1806759593,Medical devices - various,,,,[]
Medical,http://id.who.int/icd/entity/750489718,Drug-induced thyroiditis,"Thyroiditis caused by prescription drugs such as amiodarone, lithium, interferons and cytokines.",drug thyroiditis; medicament-induced thyroiditis; iatrogenic thyroiditis,,[]
Working,http://id.who.int/icd/entity/408498832,Working memory,Mental functions that compare and process information retrieved from both short-term and long-term memory.,Functions involved in working of memory,,[]
Working,http://id.who.int/icd/entity/73014515,Work and employment,,,,[]
Working,http://id.who.int/icd/entity/1107435129,Unpaid work,,"volunteer work; unpaid internship; voluntary work; working solely for non-monetary benefits (e.g. for food, or possible employment in future)",,[]
Working,http://id.who.int/icd/entity/402200913,Difficulty or need for assistance with work activities,,need for assistance with work activities; difficulty with work activities,,[]
Working,http://id.who.int/icd/entity/2071638841,Paid work,,"working for income; working as owner or proprietor of business; paid engagement in sports, recreation or leisure activity",,[]
Working,http://id.who.int/icd/entity/1669952283,Problem associated with uncongenial work,,difficult conditions at work,,[]
Working,http://id.who.int/icd/entity/1394299422,Doing housework,"Managing a household by cleaning the house, washing clothes, using household appliances, storing food and disposing of garbage, such as by sweeping, mopping, washing counters, walls and other surfaces; collecting and disposing of household garbage; tidying rooms, closets and drawers; collecting, washing, drying, folding and ironing clothes; cleaning footwear; using brooms, brushes and vacuum cleaners; using washing machines, dryers and irons.",,,[]
Working,http://id.who.int/icd/entity/1667452226,Repetitive forceful work,,,,[]
Working,http://id.who.int/icd/entity/1965829403,Problem associated with stressful work schedule,,difficult work schedule; problem with work schedule,,[]
Working,http://id.who.int/icd/entity/1620689425,Apprenticeship (work preparation),"Engaging in programmes related to preparation for employment, such as performing the tasks required of an apprenticeship, internship, articling and in-service training.",Engaging in apprenticeship (work preparation),,[]
Working,http://id.who.int/icd/entity/1647137957,Elevated work platform,,,,[]
Working,http://id.who.int/icd/entity/773840633,"Desk, workbench",,,,[]
Working,http://id.who.int/icd/entity/1135343506,Doing housework [WHODAS],,,,[]
Working,http://id.who.int/icd/entity/1468452550,Travelling to or from paid work,,,,[]
Working,http://id.who.int/icd/entity/1513020610,Travelling to or from unpaid work,,,,[]
Working,http://id.who.int/icd/entity/2143871907,"Economic activity, health or social work",,,,[]
Working,http://id.who.int/icd/entity/113426063,Problem associated with relationships with people at work,,discord with boss or workmates,,[]
Working,http://id.who.int/icd/entity/1862165382,Travelling in the course of paid work,,,,[]
Working,http://id.who.int/icd/entity/1666609538,Travelling in the course of unpaid work,,,,[]
Working,http://id.who.int/icd/entity/846512626,Maintaining a job,"Performing job-related tasks to keep an occupation, trade, profession or other form of employment, and obtaining promotion and other advancements in employment.",,,[]
Working,http://id.who.int/icd/entity/1964795960,Allergic occupational asthma,,Asthma exacerbated by work,,[]
Working,http://id.who.int/icd/entity/1632022175,Fishhook used for work-related activity,,,,[]
Working,http://id.who.int/icd/entity/2096473334,Extended periods of work in a kneeling position,,,,[]
Working,http://id.who.int/icd/entity/1987576730,Extended periods of work in a squatting position,,,,[]
Working,http://id.who.int/icd/entity/819952132,Difficulties in daily work or school [WHODAS],"Because of your health condition, in the past 30 days, how much difficulty did you have in your day to day work/school?",,,[]
Working,http://id.who.int/icd/entity/1087886525,Skin manifestations of work-related poisoning,Skin manifestations of systemic exposure to toxic substances and poisons at work. Examples include arsenic and heavy metals.,,,[]
Working,http://id.who.int/icd/entity/1932249380,Difficulty or needs for assistance with work and economic life,,,,[]
Working,http://id.who.int/icd/entity/531421303,"Proximal risk factors for intentional self-harm, Work-related",,,,[]
Working,http://id.who.int/icd/entity/1567238085,Examination or observation following work accident,,,,[]
Working,http://id.who.int/icd/entity/711771759,Non-melanin pigmentation due to substance encountered at work,"Pigmentation of the skin from exposure to chemicals such as picric acid, dinitrophenol and chemical dyes.",,,[]
Working,http://id.who.int/icd/entity/100430224,Dermatoses arising through work or occupation,,,,[]
Working,http://id.who.int/icd/entity/1703971915,Doing most important work or school task [WHODAS],"Because of your health condition, in the past 30 days, how much difficulty did you have in doing your most important work/school tasks well?",,,[]
Working,http://id.who.int/icd/entity/801119953,"Type of sport or exercise activity, mustering or stock work",,,,[]
Working,http://id.who.int/icd/entity/1514880985,"Tool, machine, apparatus mainly used for work-related activity",,,,[]
Working,http://id.who.int/icd/entity/330500290,Getting all needed housework done [WHODAS],"Because of your health condition, in the past 30 days, how much difficulty did you have in getting all the household work done that you need to do?",,,[]
Working,http://id.who.int/icd/entity/1906066673,Getting all needed work or school work done [WHODAS],"Because of your health condition, in the past 30 days, how much difficulty did you have in getting all the work done that you need to do?",,,[]
Working,http://id.who.int/icd/entity/941746769,Examination or observation following accident other than work or transport,,,,[]
Working,http://id.who.int/icd/entity/1190985359,Getting household work done quickly [WHODAS],"Because of your health condition, in the past 30 days, how much difficulty did you have in getting your household work done as quickly as needed?",,,[]
Working,http://id.who.int/icd/entity/467103274,Rat or mouse trap used for work-related activity,,,,[]
Working,http://id.who.int/icd/entity/1903803489,Getting remunerative work or school work done quickly [WHODAS],"Because of your health condition, in the past 30 days, how much difficulty did you have in getting your work done as quickly as needed?",,,[]
Working,http://id.who.int/icd/entity/756278911,"Circadian rhythm sleep-wake disorder, shift work type","Circadian rhythm sleep-wake disorder, shift work type is characterised by complaints of insomnia and/or excessive sleepiness that occur as a result of work shifts that overlap with all or a portion of conventional nighttime sleep periods. The disorder is also associated with a reduction in total sleep time. The symptoms should have persisted for at least several months and result in significant distress or mental, physical, social, occupational or academic impairment.",,,[]
Working,http://id.who.int/icd/entity/846169667,Undetermined cerebral ischaemic stroke due to incomplete aetiologic work-up,This is a sudden loss of brain function due to a lack of adequate blood flow. It is of an uncertain nature because of a lack of diagnostic testing.,,,[]
Working,http://id.who.int/icd/entity/440917684,Irritant contact dermatitis due to wet work,"Irritant contact dermatitis caused by prolonged or repetitive wet work. It usually affects predominantly the skin of the hands and wrists but may affect other sites if clothing is repeatedly drenched. Although water and sweat alone (especially from under occlusive protection gloves) may be responsible, the risk is increased by exposure to defatting agents and irritants including soaps, detergents and cooling fluids. It is seen commonly in those looking after dependent relatives, especially young mothers. Professions or occupational sectors where there are substantial risks include health care, hairdressing, cleaning, catering and food-processing.",Irritant contact eczema due to wet work; irritant contact dermatitis due to detergents,,[]
Working,http://id.who.int/icd/entity/1614716959,Cerebral ischaemic stroke of unknown cause,"This is a sudden loss of brain function due to a lack of adequate blood flow. It is of an uncertain nature, and approximately 30% of examined events fall into this category.","cryptogenic stroke; occlusion and stenosis of cerebral and precerebral arteries, resulting in cerebral infarction; cerebral infarct; cerebral infarction NOS; cerebrovascular ischaemic stroke; ischaemic apoplexia; ischaemic cerebrovascular accident; ischaemic stroke NOS; cerebral ischaemic stroke due to cryptogenic mechanism despite aetiologic work-up; ischaemic CVA - [cerebrovascular accident]",,[]
Working,http://id.who.int/icd/entity/1968218525,"Pick-up truck, goods or work van, ambulance, motor home as mode of transport of person injured in transport related event",,,,[]
Working,http://id.who.int/icd/entity/227633037,"Pick-up truck, goods or work van, ambulance or motor home as counterpart in land transport crash",,,,[]
Storage,http://id.who.int/icd/entity/396058882,Disorders of iron metabolism,This refers to any disorders of the set of chemical reactions maintaining human homeostasis of iron. The control of this necessary but potentially toxic substance is an important part of many aspects of human health and disease.,iron storage disease; iron storage disorder,,[]
Storage,http://id.who.int/icd/entity/1187107383,Glycogen storage disease,"The term Glycogen storage disease characterises a group of heterogeneous diseases resulting from defects in the process of glycogen synthesis or breakdown within muscles, liver, and other cell types.",Glycogenosis; GSD - [Glycogen storage disease]; glycogen thesaurismosis; diffuse glycogenosis; generalised glycogen storage disease; generalised glycogenosis; generalised glycogen storage disease of infants; glycogen synthase deficiency,,[]
Storage,http://id.who.int/icd/entity/603501588,"Lipid storage disease, not elsewhere classified",,lipid storage disorder,,[]
Storage,http://id.who.int/icd/entity/468161208,Wilson disease,"Wilson disease is an autosomal recessive disorder of copper metabolism characterised by the toxic accumulation of copper, mainly in the liver and central nervous system that may present as hepatic, neurologic or psychiatric forms.",Copper retention; Copper storage disease; Hepatocerebral degeneration; Kinnier-Wilson disease; Neurohepatic degeneration; Progressive hepatolenticular degeneration; lenticular degenerative disease; Wilson's syndrome; lenticular syndrome; Westphal-Strumpell Syndrome,,[]
Storage,http://id.who.int/icd/entity/656131403,Lysosomal diseases,,Lysosomal storage disorders,,[]
Storage,http://id.who.int/icd/entity/733715856,Cystinosis,"Cystinosis is a metabolic disease characterised by an accumulation of cystine inside the lysosomes of different tissues due to a defect in cystine transport out of lysosomes. There are three clinical forms : infantile, juvenile and ocular. The infantile form is severe, multisystem disease, with impaired proximal tubular reabsorptive capacity, with severe fluid-electrolyte balance alterations, cystine deposits in various organs and progression towards renal failure after 6 years of age. Juvenile cystinosis appear around 8 years of age and has an intermediate clinical picture with end-stage renal disease occurring after the age of 15.The ocular, adult form presents with photophobia.",Protein defect of cystine transport; Cystine storage disease; Cystine diathesis,,[]
Storage,http://id.who.int/icd/entity/1366602484,Sulfuric acid,,storage battery acid; battery fluid; battery acid; sulphuric acid,,[]
Storage,http://id.who.int/icd/entity/1376997268,Cutaneous reactions to food mites,"Reactions caused by mites which infest stored food products such as grains, flour, nuts and dried fruits. The eruptions provoked by such mites generally consist of multiple intensely pruritic papules or papulovesicles on exposed skin, particularly the head and neck.",Storage mite reaction,,[]
Storage,http://id.who.int/icd/entity/1556875179,Cerebrotendinous xanthomatosis,"Cerebrotendinous xanthomatosis is an anomaly of bile acid synthesis characterised by neonatal cholestasis, childhood-onset cataract, adolescent to young adult-onset tendon xanthomata, and brain xanthomata with adult-onset neurologic dysfunction.",Sterol 27-hydroxylase deficiency; Van Bogaert-Scherer-Epstein disease; Cholestanol storage disease; CTX - [Cerebrotendinous xanthomatosis],,[]
Storage,http://id.who.int/icd/entity/1303938042,Assimilation functions,Functions by which nutrients are converted into components of the living body.,,,[]
Storage,http://id.who.int/icd/entity/1586354843,Glycogen storage liver disease,,hepatomegalia glycogenica diffusa; liver glycogen disease; liver phosphorylase deficiency,,[]
Storage,http://id.who.int/icd/entity/1427054474,Glycogen storage disease due to acid maltase deficiency,"Glycogen storage disease type 2 (GSD II), or Pompe disease, is a lysosomal storage disease which particularly affects the skeletal and respiratory muscles with varying degrees of gravity and which, in the infantile form, is associated with hypertrophic cardiomyopathy. The infantile form of the disease starts before the age of 3 months with major hypotonia, sucking and swallowing difficulties, hypertrophic cardiomyopathy and progressive hepatomegaly. The adult form results in progressive limb-girdle myopathy beginning with the lower limbs, and affects the respiratory system. A large spectrum of intermediate forms exists between these two extremes.","Glycogen storage disease type 2; Glycogenosis type 2; GSD type 2; Acid maltase deficiency; Pompe disease; Acid alpha-1,4-glucosidase deficiency; alpha-glucosidase deficiency; deficiency of amyloglucosidase",,[]
Storage,http://id.who.int/icd/entity/523888904,Glycogen storage disease due to glucose-6-phosphate system deficiency,"Glycogenosis due to glucose-6-phosphatase (G6P) deficiency or glycogen storage disease, (GSD), type 1, is a group of inherited metabolic diseases, including types a and b (see these terms), and characterised by poor tolerance to fasting, growth retardation and hepatomegaly resulting from accumulation of glycogen and fat in the liver.",Glycogen storage disease type 1; Glycogenosis type 1; GSD type 1; Hepatorenal glycogenosis; Von Gierke disease; HERS - [hepatorenal glycogen storage disease]; glycogen storage disease of liver and kidney; hepatorenal glycogen storage disease,,[]
Storage,http://id.who.int/icd/entity/530430134,Glycogen storage disease due to glycogen debranching enzyme deficiency,"Glycogen debranching enzyme (GDE) deficiency, or glycogen storage disease type 3 (GSD 3), is a form of glycogen storage disease characterised by severe muscle weakness and hepatopathy. Children present with hepatomegaly, growth retardation and occasional seizures related to hypoglycaemia. Hepatomegaly may disappear with adulthood. Muscle weakness is slowly progressive. Other frequently associated signs include muscular hypotonia and hypertrophic cardiomyopathy. Symptoms often improve at puberty, except in the few cases where cirrhosis or myopathy appears.","Glycogen storage disease type 3; Glycogenosis type 3; GSD type 3; Amylo-1,6-glucosidase deficiency; Glycogen debranching deficiency; Cori-Forbes disease; Cori disease; Forbes disease; Forbes glycogen storage disease; debrancher deficiency glycogen storage disease; debrancher enzyme deficiency; deficiency of 6-alpha-d-glucosidase; amylo-1,6-glucosidase deficiency disorder",,[]
Storage,http://id.who.int/icd/entity/36127628,Glycogen storage disease due to branching-transferase deficiency,,"Andersen disease; brancher deficiency glycogen storage disease; branching enzyme deficiency; branching-transferase deficiency glycogenosis; deficiency of 1,4-alpha-glucan branching enzyme; deficiency of amylo-(1,4,6)-transglycosylase; Glycogen storage disease type 4; Glycogenosis type 4; GSD- [Glycogen storage disease] type 4",,[]
Storage,http://id.who.int/icd/entity/1934070304,Glycogen storage disease due to muscle glycogen phosphorylase deficiency,"Myophosphorylase deficiency (McArdle's disease), or glycogen storage disease type 5 (GSD5), is a severe form of glycogen storage disease characterised by exercise intolerance with myalgia, cramps, fatigue, and muscle weakness.",Glycogen storage disease type 5; Glycogenosis type 5; GSD type 5; Myophosphorylase deficiency; McArdle disease; myophosphorylase deficiency glycogenosis,,[]
Storage,http://id.who.int/icd/entity/1475438922,Cause traced to transport or storage,,,,[]
Storage,http://id.who.int/icd/entity/1055252392,Refsum disease,"Refsum disease, a very rare disease, biochemically characterised by phytanic acid accumulation, belongs to the group of leukodystrophic diseases. The first symptom is hemeralopia (loss of vision in the dark), followed by episodes of chronic distal motor polyneuropathy. Other associated signs include perceptive deafness, anosmia, cerebellous ataxia and sometimes, severe intellectual deficiency.",Hereditary motor and sensory neuropathy type 4; Phytanic acid oxidase deficiency; Phytanic acid storage disease; Heredoataxia hemeralopica polyneuritiformis; Refsum-Thiebaut disease; HMSN 4 - [Hereditary motor and sensory neuropathy type 4],,[]
Storage,http://id.who.int/icd/entity/1656693213,Glycogen storage disease due to liver glycogen phosphorylase deficiency,"Liver phosphorylase deficiency, or glycogen storage disease type 6b (Hers disease, GSD 6b) is a benign and rare form of glycogen storage disease characterised by hepatomegaly and growth delay, with hypoglycaemic episodes being mild or absent.",Glycogenosis due to liver phosphorylase deficiency; Glycogen storage disease type 6; Glycogenosis type 6; GSD type 6; Glycogen storage disease type 6B; Glycogenosis type 6B; GSD type 6B; Hers disease; deficiency of hepatophosphorylase,,[]
Storage,http://id.who.int/icd/entity/377675277,Glycogen storage disease due to glucose-6-phosphatase deficiency,"Glycogenosis due to glucose-6-phosphatase deficiency (G6P) type b, or glycogen storage disease (GSD) type 1b, is a type of glycogenosis due to G6P deficiency associating the clinical features of glycogenosis due to G6P deficiency type a to neutropaenia, and neutrophil dysfunction that are responsible for tendency towards infections, relapsing aphthous gingivostomatitis, and inflammatory bowel disease.",Glycogen storage disease type 1A; Glycogenosis type 1A; GSD type 1A; g6pd - [glucose-6-phosphate dehydrogenase deficiency]; glucose-6-phosphatase deficiency; deficiency of g-6pd,,[]
Storage,http://id.who.int/icd/entity/1020924235,Glycogen storage disease due to aldolase A deficiency,"Aldolase A deficiency is an enzyme deficiency that may lead to myopathy with exercise intolerance and rhabdomyolysis associated with haemolytic anaemia. Aldolase is a glycolytic enzyme involved in cleaving fructose 1,6 diphosphate into triose phosphates. Aldolase A isoform is predominant in muscle and red blood cells. The condition is transmitted as an autosomal recessive trait.",Glycogen storage disease type 12; Glycogenosis type 12; GSD type 12,,[]
Storage,http://id.who.int/icd/entity/1662745339,Glycogen storage disease due to glycogen synthase deficiency,,Glycogen storage disease type 0; Glycogenosis type 0; GSD type 0; deficiency of glycogen synthetase,,[]
Storage,http://id.who.int/icd/entity/20146192,Heart muscle disease in storage disease,"This refers to disease in the type of involuntary striated muscle found in the walls and histological foundation of the heart, in a large class of genetic diseases involving disorders of metabolism.",,,[]
Storage,http://id.who.int/icd/entity/357512951,Glycogen storage disease due to muscle phosphoglycerate mutase deficiency,"Muscle phosphoglycerate mutase deficiency (PGAMD) is a metabolic myopathy characterised by exercise-induced cramp, myoglobinuria, and presence of tubular aggregates in the muscle biopsy.",Glycogen storage disease type 10; Glycogenosis type 10; GSD type 10; Di Mauro disease,,[]
Storage,http://id.who.int/icd/entity/1985620430,Glycogen storage disease due to muscle phosphofructokinase deficiency,"Muscle phosphofructokinase (PFK) deficiency (Tarui's disease), or glycogen storage disease type 7 (GSD7), is a rare form of glycogen storage disease characterised by exertional fatigue and muscular exercise intolerance, with onset in childhood.",Glycogen storage disease type 7; Glycogenosis type 7; GSD type 7; Muscle phosphofructokinase deficiency; Tarui disease; anaemia due to phosphofructo-aldolase deficiency,,[]
Storage,http://id.who.int/icd/entity/564605304,Glycogen storage disease due to liver glycogen phosphorylase kinase deficiency,"Glycogen storage disease (GSD) due to liver phosphorylase kinase (PhK) deficiency is a benign inborn error of glycogen metabolism characterised by hepatomegaly, growth retardation, and mild delay in motor development during childhood. It is the most common presentation of glycogen storage disease due to PhK deficiency.",Hepatic phosphorylase kinase deficiency; Glycogen storage disease type 8; Glycogenosis type 8; GSD8 - [glycogen storage disease type 8]; Glycogen storage disease type 6A; Glycogen storage disease type 9A; Glycogen storage disease type 9C; Glycogenosis type 6A; Glycogenosis type 9A; Glycogenosis type 9C; GSD type 9C - [glycogen storage disease type 9C]; GSD6A - [glycogen storage disease type 6A]; GSD9A - [glycogen storage disease type 9A],,[]
Storage,http://id.who.int/icd/entity/426701963,Glycogen storage disease due to GLUT2 deficiency,"Fanconi-Bickel glycogenosis (FBG) is a rare glycogen storage disease characterised by hepatorenal glycogen accumulation, severe renal tubular dysfunction and impaired glucose and galactose metabolism. Onset occurs during the first few months of life with failure to thrive, polyuria and rickets related to proximal tubular losses. Growth retardation and hepatosplenomegaly resulting in a protruding abdomen are evident by early childhood. Puberty is delayed. generalised osteopenia leading to fractures during childhood, with osteoporosis later in life, has also been reported. Some patients also display an abnormal fat distribution. FBG is transmitted as an autosomal recessive trait and is caused by homozygous or compound heterozygous mutations in the SLC2A2 gene (3q26.2-q27)",Glycogen storage disease type 11; Glycogenosis type 11; GSD type 11; Fanconi-Bickel glycogenosis; Bickel-Fanconi disease; Facilitated glucose transporter protein type 2 deficiency; Fanconi-Bickel syndrome,,[]
Storage,http://id.who.int/icd/entity/621440298,Neutral lipid storage disease,Neutral lipid storage disease (NLSD) refers to a group of diseases characterised by a deficit in the degradation of cytoplasmic triglycerides and their accumulation in cytoplasmic lipid vacuoles in most tissues of the body. The group is heterogeneous: NLSD with ichthyosis (NLSDI/Dorfman-Chanarin disease) and NLSD with myopathy (NLSDM/neutral lipid storage myopathy) can be distinguished.,Lipidosis with triglyceride storage disease,,[]
Storage,http://id.who.int/icd/entity/2089330573,Glycogen storage disease due to liver or muscle glycogen phosphorylase kinase deficiency,Glycogen storage disease due to liver and muscle phosphorylase kinase (PhK) deficiency is a benign inborn error of glycogen metabolism. It is the mildest form of GSD due to PhK deficiency. Patients have marked hepatomegaly and mild muscular hypotonia. Hypoglycaemia may occur only after prolonged fasting. These symptoms improve with age and adults are generally asymptomatic.,Glycogen storage disease type 9B; Glycogenosis type 9B; GSD type 9B; Glycogen storage disease type 9; Glycogenosis type 9; GSD9 - [glycogen storage disease type 9],,[]
Storage,http://id.who.int/icd/entity/1600152465,Liver disease due to disorders of lysosomal storage,This is liver disease due to a group of approximately 50 rare inherited metabolic disorders that result from defects in lysosomal function.,,,[]
Storage,http://id.who.int/icd/entity/623301128,Glycogen storage disease due to glycogenin deficiency,"Glycogen storage disease type 15 is an extremely rare genetic glycogen storage disease reported in one patient to date. Clinical signs included muscle weakness, cardiac arrhythmia associated with accumulation of abnormal storage material in the heart and glycogen depletion in skeletal muscle.",Glycogen storage disease type 15; GSD type 15; Glocogenosis type 15,,[]
Storage,http://id.who.int/icd/entity/821809975,Glycogen storage disease due to muscle beta-enolase deficiency,Muscle beta-enolase deficiency is a glycolysis disorder reported in one patient to date and characterised clinically by exercise intolerance and myalgia due to severe enolase deficiency in muscle.,Glycogen storage disease type 13; Glycogenosis type 13; GSD type 13,,[]
Storage,http://id.who.int/icd/entity/614045107,Glycogen storage disease due to phosphoglucomutase deficiency,Glycogen storage disease type XIV (GSDXIV) is a rare metabolic disorder caused by a deficiency in phosphoglucomutase (PGM) enzymatic activity and characterised by recurrent cramps during exercise from the first years of life with .,Glycogen storage disease type 14; Glycogenosis type 14; GSD type 14,,[]
Storage,http://id.who.int/icd/entity/1338733466,Xanthoma in association with lipid storage diseases,Xanthomata presenting in association with rare genetic disorders including cerebrotendinous xanthomatosis and sitosterolaemia. Tendinous and tuberous xanthomata may be seen.,,,[]
Storage,http://id.who.int/icd/entity/1927530758,Glycogen storage disease due to liver glycogen synthase deficiency,"Hepatic glycogen synthase deficiency, or glycogen storage disease (GSD) type 0, is a genetically inherited anomaly of glycogen metabolism and a form of GSD characterised by fasting hypoglycaemia. This is not a glycogenosis, strictly speaking, as the enzyme deficiency decreases glycogen reserves. Patients present with morning fatigue and fasting hypoglycaemia (without hepatomegaly) associated with hyperketonemia but without hyperalaninemia or hyperlactacidemia. After meals, major hyperglycemia associated with lactate and alanine increase and hyperlipidemia is observed.",GSD type 0A; Glycogen storage disease type 0A; Glycogenosis type 0A,,[]
Storage,http://id.who.int/icd/entity/331119306,Glycogen storage disease due to LAMP-2 deficiency,"Glycogen storage disease due to LAMP-2 (Lysosomal-Associated Membrane Protein 2) deficiency is a lysosomal glycogen storage disease characterised by severe cardiomyopathy and variable degrees of muscle weakness, frequently associated with intellectual deficit.",Glycogen storage disease type 2B; Glycogenosis type 2B; GSD type 2B; Lysosomal glycogen storage disease with normal acid maltase activity,,[]
Storage,http://id.who.int/icd/entity/1944306590,Glycogen storage disease due to glucose-6-phosphate transport defect,"Glycogenosis due to glucose-6-phosphatase deficiency (G6P) type a, or glycogen storage disease (GSD) type 1a, is a type of glycogenosis due to G6P deficiency that may manifest at birth by enlarged liver or, more commonly, between the ages of three to four months by symptoms of fast-induced hypoglycaemia (tremors, seizures, cyanosis, and apnoea) as a result of disturbed glucose homeostasis .",Glycogen storage disease type 1B; Glycogenosis type 1B; GSD1B; Glycogen storage disease type non-1A; Glycogenosis type non-1A; Glycogen storage disease due to glucose-6-phosphate translocase deficiency,,[]
Storage,http://id.who.int/icd/entity/2114353788,Glycogen storage disease due to heart glycogen phosphorylase kinase deficiency,,Glycogen storage disease of heart; Cardiac glycogenosis; Glycogen storage disease type 9F; Glycogenosis type 9F; GSD9F; glycogen heart disease; glycogenic myocardial infiltration; glycogenic myocardium infiltration; cardiomegalia glycogenica diffusa,,[]
Storage,http://id.who.int/icd/entity/894336362,Cholesteryl ester storage disease,"Cholesteryl ester storage disease is the term used to group together deficiencies in lysosomal acid lipase associated with a less severe clinical phenotype than that seen in Wolman disease (see this term), with a continuous clinical spectrum between early-onset and severe forms and those that are quasi-asymptomatic, which may reflect variations in the levels of residual acid lipase activity in vivo.",CESD - [Cholesteryl ester storage disease],,[]
Storage,http://id.who.int/icd/entity/75432552,Storage of device problem identified,Problems that result from storing the device in an uncontrolled or improper environment (e.g. moisture sensitive devices stored in a humid environment).,,,[]
Storage,http://id.who.int/icd/entity/559452614,"Economic activity, transport, storage, or communications",,,,[]
Storage,http://id.who.int/icd/entity/1382669224,Retinal dystrophy in lipid storage disorders,,,,[]
Storage,http://id.who.int/icd/entity/1108770803,Glycogen storage disease due to muscle or heart glycogen synthase deficiency,"This syndrome is characterised by muscle and heart glycogen deficiency. It has been described in three siblings (two brothers and their younger sister). The older brother died at 10.5 years of age as a result of sudden cardiac arrest and the younger brother presented with hypertrophic cardiomyopathy, abnormal heart rate and blood pressure during exercise, and muscle fatigability. The sister showed no symptoms but a lack of glycogen was identified through muscle biopsy. The syndrome is caused by homozygous missense mutations in the gene encoding muscle glycogen synthase.",Glycogen storage disease type 0B; Glycogenosis type 0B; GSD type 0B; Cardiomyopathy-exercise intolerance due to muscle and heart glycogen deficiency,,[]
Storage,http://id.who.int/icd/entity/273845529,Glycogen storage disease due to muscle glycogen phosphorylase kinase deficiency,Glycogen storage disease due to muscle phosphorylase kinase (PhK) deficiency is a benign inborn error of glycogen metabolism characterised by exercise intolerance.,GSD9D - [glycogen storage disease type IXD]; Glycogen storage disease type 9D; Glycogen storage disease type 9E; Glycogenosis type 9D; Glycogenosis type 9E; GSD9E; muscle glycogen phosphorylase deficiency; glycogenosis type IXE,,[]
Storage,http://id.who.int/icd/entity/63352707,Sertoli cell tumour with lipid storage,,Folliculome lipidique; Tubular androblastoma with lipid storage; Lipid-rich Sertoli cell tumour,,[]
Storage,http://id.who.int/icd/entity/124402824,Food storage or related utensil or container,,,,[]
Storage,http://id.who.int/icd/entity/979972142,Glycoproteinosis,"These are lysosomal storage diseases affecting glycoproteins, resulting from defects in lysosomal function. The term is sometimes reserved for conditions involving degradation of glycoproteins.",Disorders of glycoprotein metabolism; Glycoprotein storage disorder,,[]
Storage,http://id.who.int/icd/entity/1817428569,Free sialic acid storage disease,"Free Sialic Acid Storage Disease (SSD) or Salla disease is a lysosomal storage disease with a variable clinical presentation, with severe forms (Infantile Sialic Acid Storage Disease) present in utero(with fetal hydrops and ascites) or at birth (with hypotonia, hepatosplenomegaly, ascites, coarse facies, bone malformations, severe motor disorders, intellectual deficit, and seizures). Individuals with the moderate form (initially described as Salla disease) present with hypotonia that may progress to include spasticity, ataxia, psychomotor retardation, and profound intellectual deficit.",Salla disease; Finnish type sialuria,,[]
Storage,http://id.who.int/icd/entity/1496243702,"Glycogen storage disease due to acid maltase deficiency, infantile onset",,"Glycogen storage disease type 2, infantile onset; Glycogenosis type 2, infantile onset; GSD2, infantile onset; Glycogen storage disease due to acid alpha-1,4-glucosidase deficiency, infantile onset; Infantile Pompe disease; lysosomal alpha-1,4-glucosidase deficiency (disorder)",,[]
Storage,http://id.who.int/icd/entity/690728790,Dorfman-Chanarin disease,"This refers to an autosomal recessive disorder characterised by accumulation of triglycerides in the cytoplasm of leukocytes, muscle, liver, fibroblasts, and other tissues.",Neutral lipid storage disease with ichthyosis; NLSDI - [Neutral lipid storage disease with ichthyosis],,[]
Collision,http://id.who.int/icd/entity/1113541981,Occupant of railway train or railway vehicle injured in collision with other object,,Railway collision NOS,,[]
Collision,http://id.who.int/icd/entity/79623775,Unintentional land transport injury event unknown whether road traffic or off-road nontraffic,,unintentional land transport injury event unknown whether on road or off-road; land transport accident NOS; motor vehicle accident NOS; MVA - [motor vehicle accident] NOS; MVC - [motor vehicle crash]; motor vehicle collision NOS; head on collision NOS; auti accident NOS,,[]
Collision,http://id.who.int/icd/entity/1710329660,Unintentional land transport road traffic injury event,,unintentional land transport injury event in road crash; unintentional land transport injury event on road; unintentional traffic accident; car accident NOS; road traffic accident NOS; automobile accident; two vehicle collision; motor vehicle mishap; RTA - [Road Traffic Accident],,[]
Collision,http://id.who.int/icd/entity/1341355053,Intentional self-harm by land transport injury event unknown whether traffic or nontraffic,,intentional collision with tram or streetcar; intentional collision with motor vehicle; intentional collision with train; intentional self-harm by crashing of motor vehicle,,[]
Collision,http://id.who.int/icd/entity/1463612101,Counterpart in land transport crash,"The vehicle[s] or other object[s], if any, with which the vehicle conveying the injured person collided in the event that resulted in the injury.",counterpart in collision,,[]
Collision,http://id.who.int/icd/entity/813225239,Car occupant injured in other and unspecified transport accidents,,"Car collision NOS, traffic",,[]
Collision,http://id.who.int/icd/entity/721114126,Unintentional land transport traffic event injuring an occupant of a bus or coach,,"Bus occupant injured in transport accident; Bus collision NOS, traffic; Bus accident NOS",,[]
Collision,http://id.who.int/icd/entity/2114216989,Unintentional land transport nontraffic event injuring a car occupant,,"Car collision NOS, nontraffic",,[]
Collision,http://id.who.int/icd/entity/1499360506,Unintentional land transport nontraffic event injuring an occupant of a bus or coach,,"Bus collision NOS, nontraffic; Bus accident NOS, nontraffic; Bus occupant injured in nontraffic accident NOS",,[]
Collision,http://id.who.int/icd/entity/472270037,Pedal cyclist injured in other and unspecified transport accidents,,"Pedal cycle collision NOS, traffic; Pedal cycle accident NOS; Bicycle accident NOS; Bicycle collision NOS, traffic; bicyclist injured in other and unspecified transport accident",,[]
Collision,http://id.who.int/icd/entity/285952672,Motorcycle rider injured in noncollision transport accident : unspecified motorcycle rider injured in nontraffic accident,,"Motorcycle collision NOS, nontraffic",,[]
Collision,http://id.who.int/icd/entity/1877903899,Unintentional land transport nontraffic event injuring a pedal cyclist,,"unintentional off-road crash injuring a pedal cyclist; Pedal cycle collision NOS, nontraffic; Pedal cycle accident NOS, nontraffic; Pedal cyclist injured in nontraffic accident NOS; Bicycle accident NOS, nontraffic; Bicyclist injured in nontraffic accident NOS",,[]
Collision,http://id.who.int/icd/entity/241500809,Unintended collision of device,Problem associated with the device impacting with another object.,,,[]
Collision,http://id.who.int/icd/entity/1164216858,Pedestrian injured in collision with pedal cycle,,,,[]
Collision,http://id.who.int/icd/entity/1573350953,Unintentional land transport traffic event injuring an occupant of a heavy goods vehicle,,"occupant of heavy transport vehicle injured in transport accident; Unintentional land transport traffic event injuring an occupant of a heavy transport vehicle; Collision NOS involving heavy transport vehicle, traffic; Accident NOS involving heavy transport vehicle",,[]
Collision,http://id.who.int/icd/entity/380853503,Unintentional land transport nontraffic event injuring an occupant of a heavy goods vehicle,,"Unintentional land transport nontraffic event injuring an occupant of a heavy transport vehicle; Collision NOS involving heavy transport vehicle, nontraffic; Accident NOS involving heavy transport vehicle, nontraffic; Occupant of heavy transport vehicle injured in nontraffic accident NOS",,[]
Collision,http://id.who.int/icd/entity/312590851,Pedal cyclist injured in collision with other pedal cycle,,,,[]
Collision,http://id.who.int/icd/entity/915020174,Pedestrian injured in collision with other nonmotor vehicle,,,,[]
Collision,http://id.who.int/icd/entity/1138290019,Occupant of streetcar injured in collision with other object,,,,[]
Collision,http://id.who.int/icd/entity/1056920513,Car occupant injured in collision with pedal cycle,,,,[]
Collision,http://id.who.int/icd/entity/961508372,Bus occupant injured in collision with pedal cycle,,,,[]
Collision,http://id.who.int/icd/entity/353494488,Motorcycle rider injured in collision with pedal cycle,,,,[]
Collision,http://id.who.int/icd/entity/1538563669,Car occupant injured in collision with pedestrian or animal,,,,[]
Collision,http://id.who.int/icd/entity/1543813506,Bus occupant injured in collision with pedestrian or animal,,,,[]
Collision,http://id.who.int/icd/entity/1632588183,Pedal cyclist injured in collision with other nonmotor vehicle,,bicyclist injured in collision with other nonmotor vehicle,,[]
Collision,http://id.who.int/icd/entity/1109870961,Pedestrian injured in collision with railway train or railway vehicle,,,,[]
Collision,http://id.who.int/icd/entity/2011828119,Pedal cyclist injured in collision with pedestrian or animal,,,,[]
Collision,http://id.who.int/icd/entity/1293008981,Car occupant injured in collision with other nonmotor vehicle,,,,[]
Collision,http://id.who.int/icd/entity/1252124544,Bus occupant injured in collision with other nonmotor vehicle,,,,[]
Collision,http://id.who.int/icd/entity/1280518937,Occupant of three-wheeled motor vehicle injured in other and unspecified transport accidents,,"Collision NOS involving three-wheeled motor vehicle, traffic; Accident NOS involving three-wheeled motor vehicle",,[]
Collision,http://id.who.int/icd/entity/1819339362,Unintentional land transport nontraffic event injuring an occupant of a low powered passenger vehicle,,"Occupant of three-wheeled motor vehicle injured in nontraffic accident NOS; Collision NOS involving three-wheeled motor vehicle, nontraffic; Accident NOS involving three-wheeled motor vehicle, nontraffic",,[]
Collision,http://id.who.int/icd/entity/1531411179,Bus occupant injured in collision with heavy transport vehicle or bus,,,,[]
Collision,http://id.who.int/icd/entity/209859316,Occupant of heavy transport vehicle injured in collision with heavy transport vehicle or bus,,,,[]
Collision,http://id.who.int/icd/entity/661423333,Pedestrian injured in collision with heavy transport vehicle or bus,,,,[]
Collision,http://id.who.int/icd/entity/748107330,"Pedestrian injured in collision with pedal cycle, traffic accident",,,,[]
Collision,http://id.who.int/icd/entity/1239219156,Pedestrian injured in collision with pedal cycle : nontraffic accident,,,,[]
Collision,http://id.who.int/icd/entity/310438553,"Sudden movement of vehicle, without collision, resulting in injury",,,,[]
Collision,http://id.who.int/icd/entity/535963141,Unintentional land transport traffic event injuring an occupant of a light goods vehicle,,"Unintentional land transport traffic event injuring an occupant of a pick-up truck or van; Collision NOS involving pick-up truck or van, traffic; Accident NOS involving pick-up truck or van",,[]
Collision,http://id.who.int/icd/entity/1234498892,Unintentional land transport nontraffic event injuring an occupant of a light goods vehicle,,"Unintentional land transport nontraffic event injuring an occupant of a pick-up truck or van; Collision NOS involving pick-up truck or van, nontraffic; Accident NOS involving pick-up truck or van, nontraffic; Occupant of pick-up truck or van injured in nontraffic accident NOS",,[]
Collision,http://id.who.int/icd/entity/67410947,Pedal cyclist injured in collision with fixed or stationary object,,bicyclist injured in collision with fixed or stationary object,,[]
Collision,http://id.who.int/icd/entity/1884956738,Motorcycle rider injured in collision with pedestrian or animal,,,,[]
Collision,http://id.who.int/icd/entity/968659116,Car occupant injured in collision with railway train or railway vehicle,,,,[]
Collision,http://id.who.int/icd/entity/1041020799,Bus occupant injured in collision with railway train or railway vehicle,,,,[]
Collision,http://id.who.int/icd/entity/493137817,Occupant of heavy transport vehicle injured in collision with other nonmotor vehicle,,,,[]
Collision,http://id.who.int/icd/entity/676990401,Car occupant injured in collision with fixed or stationary object,,,,[]
Collision,http://id.who.int/icd/entity/803875350,Bus occupant injured in collision with fixed or stationary object,,,,[]
Collision,http://id.who.int/icd/entity/839553959,"Pedal cyclist injured in collision with other pedal cycle, unspecified pedal cyclist injured in traffic accident",,,,[]
Collision,http://id.who.int/icd/entity/401491712,"Pedestrian injured in collision with other nonmotor vehicle, traffic accident",,,,[]
Collision,http://id.who.int/icd/entity/913964338,Occupant of three-wheeled motor vehicle injured in collision with two- or three-wheeled motor vehicle,,,,[]
Collision,http://id.who.int/icd/entity/1210074512,Pedal cyclist injured in collision with other pedal cycle : unspecified pedal cyclist injured in nontraffic accident,,,,[]
Fall,http://id.who.int/icd/entity/134290789,Unintentional fall,,fall NOS; accidental fall; fall causing injury that resulted in death; fell NOS; mechanical fall NOS; fall to floor; fell to floor; fall at home; fell at home; fall at residence; fall at nursing home; fall from unknown height,,[]
Fall,http://id.who.int/icd/entity/1093196899,Tendency to fall,,Tendency to fall because of old age or other unclear health problems; recurrent falls; repeated falls; falls NOS; multiple falls NOS,,[]
Fall,http://id.who.int/icd/entity/783139626,Complications of fall,,,,[]
Fall,http://id.who.int/icd/entity/1822613699,"Struck by thrown, projected or falling object",,falling object,,[]
Fall,http://id.who.int/icd/entity/1688850216,Sensation of falling,Sensation of losing one's grip and falling.,,,[]
Fall,http://id.who.int/icd/entity/1425675101,Occupant of railway train or railway vehicle injured by fall in railway train or railway vehicle,,fall in train; fall on train,,[]
Fall,http://id.who.int/icd/entity/1363622909,Fall in health care,,fall in hospital,,[]
Fall,http://id.who.int/icd/entity/996246205,Fall in bathtub,,,,[]
Fall,http://id.who.int/icd/entity/542589858,Occupant of railway train or railway vehicle injured by fall from railway train or railway vehicle,,fall from train,,[]
Fall,http://id.who.int/icd/entity/1045802307,Fall in shower,,,,[]
Fall,http://id.who.int/icd/entity/1817248893,Unintentional fall from tree,,fall from tree,,[]
Fall,http://id.who.int/icd/entity/173760338,Fall or jump with undetermined intent,,fall from height NOS,,[]
Fall,http://id.who.int/icd/entity/1511324284,Exposure to fall,,Exposure to unspecified fall,,[]
Fall,http://id.who.int/icd/entity/1847586521,Fall or jump of undetermined intent on the same level or from less than 1 metre,,same level fall; complications of ground level fall,,[]
Fall,http://id.who.int/icd/entity/415990995,Unintentional fall on the same level or from less than 1 metre,,ground level fall; fell while ambulating; fall from standing height; fall from standing position; fell from standing,,[]
Fall,http://id.who.int/icd/entity/2008585443,Fall through floor,,,,[]
Fall,http://id.who.int/icd/entity/240716420,Unintentional fall from ladder,,accidental fall from ladder; fall from ladder; fall on and from ladder causing accidental injury; fall on or from ladder,,[]
Fall,http://id.who.int/icd/entity/2062834301,Unintentional fall on or from scaffolding,,fall from scaffold; fall from scaffolding; fall on and from scaffolding causing accidental injury; fall on and from scaffolding; accidental fall from scaffolding,,[]
Fall,http://id.who.int/icd/entity/152750569,Unintentional fall from cliff,,Fall from cliff,,[]
Fall,http://id.who.int/icd/entity/2061105633,Fall or jump of undetermined intent from stairs or steps,,fall down stairs NOS; fell down stairs; fall down steps,,[]
Fall,http://id.who.int/icd/entity/1432899034,Fall on or from escalator,,,,[]
Fall,http://id.who.int/icd/entity/1313418676,Fall from operating room table,,fall from operating table; fall from surgical table; fall from operation table,,[]
Fall,http://id.who.int/icd/entity/189781093,Fall from examination table,,,,[]
Fall,http://id.who.int/icd/entity/546326103,Unintentional fall from roof,,,,[]
Fall,http://id.who.int/icd/entity/1534148200,fall on or from ramp,,,,[]
Fall,http://id.who.int/icd/entity/847229948,Fall from or through roof,,,,[]
Fall,http://id.who.int/icd/entity/1804496786,Fall on or from incline,,,,[]
Fall,http://id.who.int/icd/entity/2028266721,Fall from or through railing,,,,[]
Fall,http://id.who.int/icd/entity/1430972584,Unintentional fall involving furniture,,,,[]
Fall,http://id.who.int/icd/entity/379555302,Hair fall disorder (TM2),,(c) Intithār al-Sha‘r,,[]
Fall,http://id.who.int/icd/entity/1434301283,Occupant of streetcar injured by fall in streetcar,,,,[]
Fall,http://id.who.int/icd/entity/566120423,Unintentional fall through roof,,,,[]
Fall,http://id.who.int/icd/entity/1018869510,"Fall from, out of or through wall",,,,[]
Fall,http://id.who.int/icd/entity/849593528,Fall from or out of tower,,,,[]
Fall,http://id.who.int/icd/entity/1002397610,Falling over animal,,,,[]
Fall,http://id.who.int/icd/entity/1461437517,Unintentional fall involving playground equipment,,fall from playground equipment; fall involving playground equipment causing accidental injury; fall on and from playground equipment; Fall involving playground equipment,,[]
Fall,http://id.who.int/icd/entity/2101585348,Qi sinking pattern (TM1),,Qi fall pattern (TM1),,[]
Fall,http://id.who.int/icd/entity/1578494278,Intentional self-harm by fall or jump,,intentional fall from one level to another,,[]
Fall,http://id.who.int/icd/entity/1634711970,Fall from orthopaedic surgical table,,fall from trauma table,,[]
Fall,http://id.who.int/icd/entity/1224625541,"Fall from, out of or through building",,,,[]
Fall,http://id.who.int/icd/entity/1069623780,Unintentionally struck by falling stone,,,,[]
Fall,http://id.who.int/icd/entity/924882442,"Fall from, out of or through bridge",,,,[]
Fall,http://id.who.int/icd/entity/567337886,Occupant of streetcar injured by fall from streetcar,,,,[]
Fall,http://id.who.int/icd/entity/1260217489,Complications of injuries sustained in a fall,,,,[]
Fall,http://id.who.int/icd/entity/1182235024,Unintentionally struck by falling tree,,,,[]
Fall,http://id.who.int/icd/entity/1460888323,"Fall from, out of or through window",,,,[]
Fall,http://id.who.int/icd/entity/2044964799,Fall from flag-pole,,,,[]
Fall,http://id.who.int/icd/entity/1474877205,Fall from horse in traffic event,,,,[]
Fall,http://id.who.int/icd/entity/864242868,Fall from horse in nontraffic event,,,,[]
Fall,http://id.who.int/icd/entity/1796392726,Unintentional fall involving stairs and steps,,fall on or from stairs and steps,,[]
Entrapment,http://id.who.int/icd/entity/1914474454,"Nerve entrapment syndrome, not elsewhere classified",,entrapment syndrome NOS,,[]
Entrapment,http://id.who.int/icd/entity/912529161,Popliteal entrapment syndrome,,Popliteal artery entrapment syndrome,,[]
Entrapment,http://id.who.int/icd/entity/775321209,Ulnar nerve entrapment,,ulnar nerve compression,,[]
Entrapment,http://id.who.int/icd/entity/320130661,Entrapment of device,"Problem associated with the device caught within patient vasculature, tissue, or other device.",,,[]
Entrapment,http://id.who.int/icd/entity/215329747,Eyeball Entrapment,,,,[]
Fall on the same level or from less than 1 meter,http://id.who.int/icd/entity/415990995,Unintentional fall on the same level or from less than 1 metre,,ground level fall; fell while ambulating; fall from standing height; fall from standing position; fell from standing,,[]
Fall on the same level or from less than 1 meter,http://id.who.int/icd/entity/1855621064,Exposure to fall on the same level or from less than 1 metre,,,,[]
Fall on the same level or from less than 1 meter,http://id.who.int/icd/entity/1847586521,Fall or jump of undetermined intent on the same level or from less than 1 metre,,same level fall; complications of ground level fall,,[]
Fall on the same level or from less than 1 meter,http://id.who.int/icd/entity/244051855,Intentional self-harm by fall or jump on same level or from less than 1 metre,,,,[]
Fall on the same level or from less than 1 meter,http://id.who.int/icd/entity/553619529,Assault by causing a fall or jump on same level or from less than 1 metre,,,,[]
Fall from a height of 1 meter or more,http://id.who.int/icd/entity/1729453916,Unintentional fall from a height of 1 metre or more,,,,[]
Fall from a height of 1 meter or more,http://id.who.int/icd/entity/1321485700,Exposure to fall from a height of 1 metre or more,,,,[]
Fall from a height of 1 meter or more,http://id.who.int/icd/entity/1566871361,Fall or jump of undetermined intent from a height of 1 metre or more,,jumped from height NOS,,[]
Fall from a height of 1 meter or more,http://id.who.int/icd/entity/1039175191,Intentional self-harm by fall or jump from a height of 1 metre or more,,,,[]
Fall from a height of 1 meter or more,http://id.who.int/icd/entity/414260003,Assault by causing a fall or jump from a height of 1 metre or more,,,,[]
Fall from unspecified height,http://id.who.int/icd/entity/173760338,Fall or jump with undetermined intent,,fall from height NOS,,[]
Fall from unspecified height,http://id.who.int/icd/entity/134290789,Unintentional fall,,fall NOS; accidental fall; fall causing injury that resulted in death; fell NOS; mechanical fall NOS; fall to floor; fell to floor; fall at home; fell at home; fall at residence; fall at nursing home; fall from unknown height,,[]
Fall from unspecified height,http://id.who.int/icd/entity/415990995,Unintentional fall on the same level or from less than 1 metre,,ground level fall; fell while ambulating; fall from standing height; fall from standing position; fell from standing,,[]
Fall from unspecified height,http://id.who.int/icd/entity/1729453916,Unintentional fall from a height of 1 metre or more,,,,[]
Fall from unspecified height,http://id.who.int/icd/entity/1321485700,Exposure to fall from a height of 1 metre or more,,,,[]
Fall from unspecified height,http://id.who.int/icd/entity/1566871361,Fall or jump of undetermined intent from a height of 1 metre or more,,jumped from height NOS,,[]
Fall from unspecified height,http://id.who.int/icd/entity/1039175191,Intentional self-harm by fall or jump from a height of 1 metre or more,,,,[]
Fall from unspecified height,http://id.who.int/icd/entity/414260003,Assault by causing a fall or jump from a height of 1 metre or more,,,,[]
Storm,http://id.who.int/icd/entity/1215823328,Thyroid crisis,"Thyrotoxic crisis (or thyroid storm) is a rare but severe complication of hyperthyroidism, which may occur when a thyrotoxic patient becomes very sick or physically stressed.",thyrotoxic crisis; Thyroid storm; thyrotoxic storm,,[]
Storm,http://id.who.int/icd/entity/1444009771,Victim of cataclysmic storm,,,,[]
Storm,http://id.who.int/icd/entity/2115464528,Cytokine storm temporally associated with COVID-19,,hypercytokinemia temporally associated with COVID-19,,[]
Flood,http://id.who.int/icd/entity/802885284,Victim of flood,,,,[]
Flood,http://id.who.int/icd/entity/1162728986,Excessive menstruation with regular cycle,,excessive menses; epimenorrhoea; epimenorrhea; heavy menstruation; flooding during periods; Heavy periods NOS; hypermenorrhea; hypermenorrhoea; menorrhagia; profuse menstrual flow; Menorrhagia NOS,,[]
Flood,http://id.who.int/icd/entity/1648132759,"Body of water, flood water",,,,[]
Flood,http://id.who.int/icd/entity/272020366,Flooding urine disorder (TM1),,,,[]
Flood,http://id.who.int/icd/entity/1649371088,Spleen deficiency with water flooding pattern (TM1),,Spleen qi deficiency with water retention pattern (TM1); Spleen qi deficiency with dampness pattern (TM1),,[]
Flood,http://id.who.int/icd/entity/177387552,Kidney qi deficiency with water retention pattern (TM1),,Kidney qi deficiency with water flooding pattern (TM1),,[]
Flood,http://id.who.int/icd/entity/978333679,Kidney yang deficiency with water flooding pattern (TM1),,Kidney yang deficiency with water retention pattern (TM),,[]
Lightning,http://id.who.int/icd/entity/888140151,Effects of lightning,,,,[]
Lightning,http://id.who.int/icd/entity/1069962036,Struck by lightning,,lightning stroke,,[]
Lightning,http://id.who.int/icd/entity/1295772309,Victim of lightning,,,,[]
Lightning,http://id.who.int/icd/entity/1636678615,Shock from lightning,,lightning shock,,[]
Lightning,http://id.who.int/icd/entity/163532889,Burns,A burn is an injury to the tissues caused by a pathological flux of energy which causes cellular destruction and irreversible denaturation of proteins and is primarily caused by thermal or other acute trauma.,Scald; burns from friction; burns from hot air and hot gases; burns from hot objects; burns from lightning; external chemical burn or corrosion; internal chemical burn or corrosion; burned; body charred; burns damage; burns injury; thermal injuries; thermal burns,,[]
Lightning,http://id.who.int/icd/entity/323823594,Myelopathy due to electric shock or lightning,,Myelopathy secondary to electric shock or lightning,,[]
Lightning,http://id.who.int/icd/entity/1048832316,Radiculopathy due to electric shock or lightning,,,,[]
Earthquake,http://id.who.int/icd/entity/700289973,Victim of earthquake,,,,[]
Earthquake,http://id.who.int/icd/entity/287610231,Victim of cataclysmic earth movements caused by earthquake,,,,[]
Avalanche,http://id.who.int/icd/entity/395675088,"Victim of avalanche, landslide or other earth movements",,,,[]
Tsunami,http://id.who.int/icd/entity/1837231441,Victim of tsunami,,,,[]
Landslide,http://id.who.int/icd/entity/395675088,"Victim of avalanche, landslide or other earth movements",,,,[]
Building collapse,http://id.who.int/icd/entity/1370161749,"Unintentionally struck by object from collapse of building, except on fire",,Building collapse,,[]
Building collapse,http://id.who.int/icd/entity/839167490,Collapse of burning building or structure,,,,[]
Gas leak,http://id.who.int/icd/entity/917113479,Gas leak,Problem associated with the unintended escape of a gas from the container in which it is housed.,,,[]
Electrical shock,http://id.who.int/icd/entity/958409297,Shock from electric current,,electric shock,,[]
Electrical shock,http://id.who.int/icd/entity/2092287283,Unintended electrical shock,The device delivers unintended electrical shock.,,,[]
Electrical shock,http://id.who.int/icd/entity/323823594,Myelopathy due to electric shock or lightning,,Myelopathy secondary to electric shock or lightning,,[]
Electrical shock,http://id.who.int/icd/entity/1048832316,Radiculopathy due to electric shock or lightning,,,,[]
Explosion,http://id.who.int/icd/entity/1750768110,Explosive,,,,[]
Explosion,http://id.who.int/icd/entity/1703580369,Explosion,"Problem associated with the violent bursting due to the sudden expansion of air, gas or fluid.",,,[]
Explosion,http://id.who.int/icd/entity/976232433,Explosive chemical,,,,[]
Explosion,http://id.who.int/icd/entity/1262035991,Emotionally unstable personality disorder,,"emotionally unstable personality; changeable mood; emotional instability; emotional instability, excessive; emotional lability; emotionally labile; explosive personality disorder; labile in mood; labile mood; labile personality; labile personality trait; mood swings; pathological emotionality; variable mood; unstable mood; unstable personality; unstable personality disorder; unstable personality disturbance; quarrelsomeness; personality disorder; labile; aggressive personality disorder; instability personality",,[]
Explosion,http://id.who.int/icd/entity/295017661,Intermittent explosive disorder,"Intermittent explosive disorder is characterised by repeated brief episodes of verbal or physical aggression or destruction of property that represent a failure to control aggressive impulses, with the intensity of the outburst or degree of aggressiveness being grossly out of proportion to the provocation or precipitating psychosocial stressors. The symptoms are not better explained by another mental, behavioural, or neurodevelopmental disorder and are not part of a pattern of chronic anger and irritability (e.g., in oppositional defiant disorder). The behaviour pattern is of sufficient severity to result in significant impairment in personal, family, social, educational, occupational or other important areas of functioning.",,,[]
Explosion,http://id.who.int/icd/entity/1407198740,Exposure to explosion,,,,[]
Explosion,http://id.who.int/icd/entity/432499949,Unintentional exposure to explosion,,,,[]
Explosion,http://id.who.int/icd/entity/1737204528,Exposure to chemical explosion,,,,[]
Explosion,http://id.who.int/icd/entity/1453362810,Legal intervention involving explosive,,,,[]
Explosion,http://id.who.int/icd/entity/1819323458,Intentional self-harm by explosive material,,,,[]
Explosion,http://id.who.int/icd/entity/1768931314,Exposure to explosion with undetermined intent,,,,[]
Explosion,http://id.who.int/icd/entity/527826783,Assault by explosive material,,,,[]
Explosion,http://id.who.int/icd/entity/1944518956,Unintentional exposure to chemical explosion,,,,[]
Explosion,http://id.who.int/icd/entity/1114693432,Explosion or rupture of boiler with undetermined intent,,,,[]
Explosion,http://id.who.int/icd/entity/268807490,Explosion or rupture of fireworks with undetermined intent,,,,[]
Explosion,http://id.who.int/icd/entity/2003890056,Exposure to chemical explosion with undetermined intent,,,,[]
Explosion,http://id.who.int/icd/entity/1394867772,Assault by exposure to explosion,,,,[]
Explosion,http://id.who.int/icd/entity/1390928486,Intentional self-harm by explosion or rupture of boiler,,,,[]
Explosion,http://id.who.int/icd/entity/396947280,Intentional self-harm by explosion or rupture of fireworks,,,,[]
Explosion,http://id.who.int/icd/entity/619252263,Explosion of missile during armed conflict,,struck by fragments or blast from explosion of guided missile during armed conflict,,[]
Explosion,http://id.who.int/icd/entity/596278969,Other explosions or fragments during armed conflict,,war operations involving other explosions and fragments; struck by fragments or blast from conventional explosive weapon during armed conflict,,[]
Explosion,http://id.who.int/icd/entity/145741427,"Explosive material or flammable object, not elsewhere classified",,,,[]
Explosion,http://id.who.int/icd/entity/1002047159,Explosion or rupture of gas cylinder with undetermined intent,,,,[]
Explosion,http://id.who.int/icd/entity/1417041489,Explosion of torpedo during armed conflict,,,,[]
Explosion,http://id.who.int/icd/entity/863598985,Assault by explosion or rupture of boiler,,,,[]
Explosion,http://id.who.int/icd/entity/2085762279,Assault by explosion or rupture of fireworks,,,,[]
Explosion,http://id.who.int/icd/entity/2095925713,Unintentional exposure to explosion or rupture of boiler,,,,[]
Explosion,http://id.who.int/icd/entity/1509817773,Unintentional exposure to explosion or rupture of fireworks,,,,[]
Explosion,http://id.who.int/icd/entity/1718262908,Assault by explosion or rupture of materials or object,,,,[]
Explosion,http://id.who.int/icd/entity/712806749,Intentional self-harm by explosion or rupture of gas cylinder,,,,[]
Explosion,http://id.who.int/icd/entity/1139369866,Assault by exposure to chemical explosion,,,,[]
Explosion,http://id.who.int/icd/entity/1857281413,Explosion of marine weapons during armed conflict,,,,[]
Explosion,http://id.who.int/icd/entity/1099320052,Assault by explosion or rupture of gas cylinder,,,,[]
Explosion,http://id.who.int/icd/entity/214075783,Explosion of or on powered aircraft causing injury to occupant,,,,[]
Explosion,http://id.who.int/icd/entity/1445772715,Intentional self-harm by explosion or rupture of high pressure jet,,,,[]
Explosion,http://id.who.int/icd/entity/70859509,Explosion of munitions or weapons during armed conflict,,struck by fragments or blast from munitions during armed conflict,,[]
Explosion,http://id.who.int/icd/entity/2131829177,Unintentional exposure to explosion or rupture of gas cylinder,,,,[]
Explosion,http://id.who.int/icd/entity/1012126813,Exposure to explosion or rupture of pressurised materials or object,,,,[]
Explosion,http://id.who.int/icd/entity/1039766331,Vibration from explosion or rupture of materials or object with undetermined intent,,,,[]
Explosion,http://id.who.int/icd/entity/1440454584,Explosion of aerial bomb during armed conflict,,struck by fragments or blast from explosion of aerial bomb during armed conflict,,[]
Explosion,http://id.who.int/icd/entity/892342689,Noise from explosion or rupture of materials or object with undetermined intent,,,,[]
Explosion,http://id.who.int/icd/entity/1773033856,Explosion of or on nonpowered aircraft causing injury to occupant,,,,[]
Explosion,http://id.who.int/icd/entity/1196251373,Intentional self-harm by explosion or rupture of pressurised materials or object,,,,[]
Explosion,http://id.who.int/icd/entity/93458636,Explosion or rupture of other specified pressurised devices with undetermined intent,,,,[]
Explosion,http://id.who.int/icd/entity/1037460994,Assault by explosion or rupture of high pressure jet,,,,[]
Explosion,http://id.who.int/icd/entity/1581364920,Explosion of improvised explosive device during armed conflict,,Operations of war or armed conflict involving explosion of improvised explosive device [IED]; Struck by fragments or blast from explosion of improvised explosive device during armed conflict; Operations of war or armed conflict involving explosion of person-borne improvised explosive device [IED]; Operations of war or armed conflict involving explosion of vehicle-borne improvised explosive device [IED],,[]
Explosion,http://id.who.int/icd/entity/1864132942,Unintentional exposure to explosion or rupture of high pressure jet,,,,[]
Explosion,http://id.who.int/icd/entity/1697220900,Unintentional exposure to explosion or rupture of pressurised materials or object,,,,[]
Explosion,http://id.who.int/icd/entity/1820207416,Explosion of bomb after cessation of armed conflict,,,,[]
Explosion,http://id.who.int/icd/entity/39905031,Legal intervention involving explosive shell,,,,[]
Fire,http://id.who.int/icd/entity/429856753,"Exposure to unspecified smoke, fire and flames",,burning NOS; fire; ignition; incineration NOS; melting; spontaneous combustion,,[]
Fire,http://id.who.int/icd/entity/2100435581,Fire,Problem associated with the combustion of the device with a steady flame.,,,[]
Fire,http://id.who.int/icd/entity/839344066,Failure to fire,Problem associated with failure of the device to discharge its load (e.g. surgical stapler failed to partially or completely deploy its staples).,,,[]
Fire,http://id.who.int/icd/entity/1620378784,Firing problem,,,,[]
Fire,http://id.who.int/icd/entity/1918065843,Exposure to uncontrolled fire in building or structure,,exposure to uncontrolled fire in building or structure as an external cause of morbidity and mortality; conflagration; house fire; residential fire; structure fire,,[]
Fire,http://id.who.int/icd/entity/1629734252,Continuous firing,Problem associated with the excessive production of electrical impulses over a period.,,,[]
Fire,http://id.who.int/icd/entity/1681537638,Endemic pemphigus foliaceus,"Endemic pemphigus foliaceus is a chronic autoimmune skin diseases characterised by superficial blister formation on the skin mediated by auto-antibodies to the desmosome component desmoglein 1. Endemic pemphigus foliaceus has unique epidemiological features of geographical, temporal and familial clustering.",Brazilian pemphigus; Fogo selvagem; Wild fire,,[]
Fire,http://id.who.int/icd/entity/1618976346,Forest fire,,fire in forest; exposure to forest fire,,[]
Fire,http://id.who.int/icd/entity/1254617462,Fire in stove,,exposure to fire in stove,,[]
Fire,http://id.who.int/icd/entity/1734482593,Fire of furniture,,melting of furniture; smouldering of furniture,,[]
Fire,http://id.who.int/icd/entity/1684387860,Fire in fireplace,,exposure to fire in fireplace,,[]
Fire,http://id.who.int/icd/entity/1857682287,Repressed fire disorder (TM1),,Fire disorder (TM1); Repressed anger disorder (TM1),,[]
Fire,http://id.who.int/icd/entity/117312590,"Exposure to controlled fire, not in building or structure",,"exposure to controlled fire, not in building or structure as an external cause of morbidity and mortality",,[]
Fire,http://id.who.int/icd/entity/796088081,Fire extinguisher,,,,[]
Fire,http://id.who.int/icd/entity/516776398,Fire ant venom,,red fire ant venom; imported fire ant venom,,[]
Fire,http://id.who.int/icd/entity/1532500290,Pyromania,"Pyromania is characterised by a recurrent failure to control strong impulses to set fires, resulting in multiple acts of, or attempts at, setting fire to property or other objects, in the absence of an apparent motive (e.g., monetary gain, revenge, sabotage, political statement, attracting attention or recognition). There is an increasing sense of tension or affective arousal prior to instances of fire setting, persistent fascination or preoccupation with fire and related stimuli (e.g., watching fires, building fires, fascination with firefighting equipment), and a sense of pleasure, excitement, relief or gratification during, and immediately after the act of setting the fire, witnessing its effects, or participating in its aftermath. The behaviour is not better explained by intellectual impairment, another mental and behavioural disorder, or substance intoxication.",pathological fire-setting,,[]
Fire,http://id.who.int/icd/entity/821230013,Fire hydrant,,,,[]
Fire,http://id.who.int/icd/entity/1484144085,Fire coral venom,,,,[]
Fire,http://id.who.int/icd/entity/63748018,"Fire truck, fire engine",,,,[]
Fire,http://id.who.int/icd/entity/2050896587,"Assault by smoke, fire or flames",,assault by fire,,[]
Fire,http://id.who.int/icd/entity/84972603,Chlorobromomethane,,fire extinguisher agent - [chlorobromomethane]; fire extinguishing agent - [chlorobromomethane]; methylene bromochloride; bromochloromethane,,[]
Fire,http://id.who.int/icd/entity/1827767617,"Firedamp, not elsewhere classified",,,,[]
Fire,http://id.who.int/icd/entity/1319663378,Fire coral sting,"envenomation by the nematocysts of Millepora hydroids (fire corals), presenting as severe pain and swelling at the points of contact. Systemic reactions may occur in young children.",Millepora sting; Hydroid coral sting,,[]
Fire,http://id.who.int/icd/entity/447494423,Exposure to controlled fire,,,,[]
Fire,http://id.who.int/icd/entity/1539630306,Firearm or related item,,,,[]
Fire,http://id.who.int/icd/entity/1861750444,Exposure to uncontrolled fire,,,,[]
Fire,http://id.who.int/icd/entity/1914986834,Unintentionally struck by projectile from firearm,,gunshot wound NOS; shooting; shot NOS; discharge from other and unspecified firearms; GSW - [gunshot wound]; decedent was shot by another person; multiple gunshot wounds; subject was shot; shot by other; gunshots by other; reportedly shot by person unknown; shot by another individual,,[]
Fire,http://id.who.int/icd/entity/214683304,Fire of fittings,,melting of fittings; smouldering of fittings,,[]
Fire,http://id.who.int/icd/entity/1709064393,"Fire, flame causing injury",,,,[]
Fire,http://id.who.int/icd/entity/818622979,Unintentional exposure to controlled fire,,,,[]
Fire,http://id.who.int/icd/entity/980715066,Firearm wounds,,,,[]
Fire,http://id.who.int/icd/entity/636424181,Toxic digestive fire pattern (TM2),,(b) Viṣamākkiṉi,,[]
Fire,http://id.who.int/icd/entity/1314209579,Digestive fire based patterns (TM2),,,,[]
Fire,http://id.who.int/icd/entity/207904462,Heavy goods vehicle as counterpart in land transport crash,"A heavy goods vehicle is a motor vehicle designed primarily for carrying property on roads, meeting local criteria for classification as a heavy goods vehicle in terms of curbside weight (usually above 3500 kg), and usually requiring a special driver's licence.",lorry; truck with trailer; road tractor; prime mover; fire brigade pump vehicle,,[]
Fire,http://id.who.int/icd/entity/774351655,Natural digestive fire pattern (TM2),,(b) Camākkiṉi,,[]
Fire,http://id.who.int/icd/entity/2096449099,Unintentional exposure to uncontrolled fire,,,,[]
Fire,http://id.who.int/icd/entity/1992680275,Fire sponge dermatitis,,Fire sponge dermatitis (Tedania ignis),,[]
Fire,http://id.who.int/icd/entity/1274807956,Strong digestive fire pattern (TM2),,(b) Tīṣaṇākkiṉi,,[]
Fire,http://id.who.int/icd/entity/1612414496,"Controlled fire, flame in building or structure",,,,[]
Fire,http://id.who.int/icd/entity/915202025,Exposure to controlled fire with undetermined intent,,,,[]
Fire,http://id.who.int/icd/entity/1398529558,Other firearms discharge during armed conflict,,,,[]
Fire,http://id.who.int/icd/entity/154886616,Intentional self-harm by other and unspecified firearm discharge,,,,[]
Fire,http://id.who.int/icd/entity/939906872,"Uncontrolled fire, flame in building or structure",,,,[]
Fire,http://id.who.int/icd/entity/1984627760,Exposure to uncontrolled fire with undetermined intent,,,,[]
Fire,http://id.who.int/icd/entity/1672856024,Exposure to controlled fire in building or structure,,exposure to controlled fire in building or structure as an external cause of morbidity and mortality,,[]
Fire,http://id.who.int/icd/entity/1991890016,Intentional self-harm by exposure to controlled fire,,,,[]
Fire,http://id.who.int/icd/entity/1938563320,"Controlled fire, flame, not in building or structure",,,,[]
Fire,http://id.who.int/icd/entity/2028138300,Intentional self-harm by exposure to uncontrolled fire,,,,[]
Fire,http://id.who.int/icd/entity/1809362850,Assault by other or unspecified firearm discharge,,,,[]
Fire,http://id.who.int/icd/entity/223787567,"Uncontrolled fire, flame not in building or structure",,,,[]
Smoke,http://id.who.int/icd/entity/457960184,Tobacco use,,current tobacco use; tobacco use NOS; cigarette smoking; active smoking; problem with tobacco use; smoking NOS; tobacco smoking; heavy smoker; chain smoker; chronic smoker; chronic smoking; hazardous tobacco use,,[]
Smoke,http://id.who.int/icd/entity/873468403,Smoke,"Problem associated with a cloud of vapor or gas generated from the device, generally associated after a fire or a burn.",,,[]
Smoke,http://id.who.int/icd/entity/1516629645,Personal history of tobacco abuse,,previous smoker; ex smoker; history of tobacco abuse; history of smoking; exsmoker,,[]
Smoke,http://id.who.int/icd/entity/1177821921,"Smoke inhalation, not elsewhere classified",,smoke inhalation NOS; inhalation of products of combustion; smoke and soot inhalation,,[]
Smoke,http://id.who.int/icd/entity/299901355,Harmful pattern of use of nicotine,"A pattern of nicotine use that has caused damage to a person’s physical or mental health. The pattern of nicotine use is evident over a period of at least 12 months if substance use is episodic or at least one month if use is continuous (i.e., daily or almost daily). Harm to health of the individual occurs due to one or more of the following: (1) direct or secondary toxic effects on body organs and systems; or (2) a harmful route of administration.",Tobacco abuse; harmful use of tobacco; tobacco use disorder; cigarette abuse; smoking abuse,,[]
Smoke,http://id.who.int/icd/entity/36740588,Tobacco,,tobacco cigarette; tobacco smoke; snuff,,[]
Smoke,http://id.who.int/icd/entity/319167520,"Smoke, not elsewhere classified",,,,[]
Smoke,http://id.who.int/icd/entity/1699574100,Nicotine dependence,"Nicotine dependence is a disorder of regulation of nicotine use arising from repeated or continuous use of nicotine. The characteristic feature is a strong internal drive to use nicotine, which is manifested by impaired ability to control use, increasing priority given to use over other activities and persistence of use despite harm or negative consequences. These experiences are often accompanied by a subjective sensation of urge or craving to use nicotine. Physiological features of dependence may also be present, including tolerance to the effects of nicotine, withdrawal symptoms following cessation or reduction in use of nicotine, or repeated use of nicotine or pharmacologically similar substances to prevent or alleviate withdrawal symptoms. The features of dependence are usually evident over a period of at least 12 months but the diagnosis may be made if nicotine use is continuous (daily or almost daily) for at least 3 months.",compulsive tobacco user syndrome; tobacco dependence; tobacco dependence syndrome; Nicotine addiction; tobacco addiction; cigarette addiction; cigarette dependence; smoking addiction; smokers syndrome,,[]
Smoke,http://id.who.int/icd/entity/538178893,Problems associated with exposure to tobacco smoke,,passive smoking,,[]
Smoke,http://id.who.int/icd/entity/1554443657,Smoke causing injury,,,,[]
Smoke,http://id.who.int/icd/entity/1603511543,Aids to quit smoking,,,,[]
Smoke,http://id.who.int/icd/entity/1059957719,Azobenzene,,azobenzene smoke; azobenzene acaricide; diazobenzene; azobenzol; azobenzide,,[]
Smoke,http://id.who.int/icd/entity/225818522,Unintentional exposure to or harmful effects of smoke,,,,[]
Smoke,http://id.who.int/icd/entity/1283202147,Occupational exposure to tobacco smoke,,,,[]
Smoke,http://id.who.int/icd/entity/237064688,Intentional self-harm by exposure to or harmful effects of smoke,,,,[]
Smoke,http://id.who.int/icd/entity/1644332317,Exposure to or harmful effects of undetermined intent of smoke,,,,[]
Smoke,http://id.who.int/icd/entity/668659439,Assault by exposure to or harmful effects of smoke,,,,[]
Smoke,http://id.who.int/icd/entity/1999093424,Exposure to tobacco smoke in the perinatal period,"Exposure to tobacco smoke in the perinatal period, both directly or through second hand smoke, can lead to: low birth weight, preterm delivery, Sudden Infant Death Syndrome (SIDS or cot death), spontaneous abortion, or intrauterine growth retardation.",,,[]
Smoke,http://id.who.int/icd/entity/429856753,"Exposure to unspecified smoke, fire and flames",,burning NOS; fire; ignition; incineration NOS; melting; spontaneous combustion,,[]
Smoke,http://id.who.int/icd/entity/417201341,"Intentional self-harm by smoke, fire and flames",,,,[]
Smoke,http://id.who.int/icd/entity/683304281,"Fire, flame or smoke causing injury",,,,[]
Smoke,http://id.who.int/icd/entity/2050896587,"Assault by smoke, fire or flames",,assault by fire,,[]
Smoke,http://id.who.int/icd/entity/363089301,"Harmful effects of or exposure to noxious substances, Substances chiefly nonmedicinal as to source, Other gases, fumes or vapours, Smoke",,,,[]
Abuse,http://id.who.int/icd/entity/1992800115,Abuse,,,,[]
Abuse,http://id.who.int/icd/entity/341458101,Harmful pattern of use of unknown or unspecified psychoactive substance,"A pattern of use of an unknown or unspecified psychoactive substance that has caused damage to a person’s physical or mental health or has resulted in behaviour leading to harm to the health of others. The pattern of substance use is evident over a period of at least 12 months if use is episodic or at least one month if use is continuous (i.e., daily or almost daily). Harm to health of the individual occurs due to one or more of the following: (1) behaviour related to intoxication; (2) direct or secondary toxic effects on body organs and systems; or (3) a harmful route of administration. Harm to health of others includes any form of physical harm, including trauma, or mental disorder that is directly attributable to behaviour related to substance intoxication on the part of the person to whom the diagnosis of Harmful pattern of use of unknown or unspecified psychoactive substance applies.",drug abuse NOS; polysubstance abuse NOS,,[]
Abuse,http://id.who.int/icd/entity/1602669465,Disorders due to substance use or addictive behaviours,"Disorders due to substance use and addictive behaviours are mental and behavioural disorders that develop as a result of the use of predominantly psychoactive substances, including medications, or specific repetitive rewarding and reinforcing behaviours.",substance abuse NOS,,[]
Abuse,http://id.who.int/icd/entity/1703296220,Personal history of maltreatment,"Personal history of non-accidental acts of physical force, forced or coerced sexual acts, verbal or symbolic acts, or significant caregiving omissions that result in harm or have a reasonable potential for harm. These categories are applied to the victim of the maltreatment, not the perpetrator.",personal history of abuse; history of abuse; history of maltreatment,,[]
Abuse,http://id.who.int/icd/entity/282888955,Physical maltreatment,"Non-accidental acts of physical force that result, or have reasonable potential to result, in physical harm or that evoke significant fear. The category is applied to the victim of the maltreatment, not the perpetrator.",physical abuse,,[]
Abuse,http://id.who.int/icd/entity/50340762,Abuse of hormones,,,,[]
Abuse,http://id.who.int/icd/entity/938842396,Abuse of vitamins,,,,[]
Abuse,http://id.who.int/icd/entity/275218837,Harmful pattern of use of cocaine,"A pattern of use of cocaine that has caused damage to a person’s physical or mental health or has resulted in behaviour leading to harm to the health of others. The pattern of cocaine use is evident over a period of at least 12 months if substance use is episodic or at least one month if use is continuous (i.e., daily or almost daily). Harm to health of the individual occurs due to one or more of the following: (1) behaviour related to intoxication; (2) direct or secondary toxic effects on body organs and systems; or (3) a harmful route of administration. Harm to health of others includes any form of physical harm, including trauma, or mental disorder that is directly attributable to behaviour related to cocaine intoxication on the part of the person to whom the diagnosis of Harmful pattern of use of cocaine applies.",cocaine abuse,,[]
Abuse,http://id.who.int/icd/entity/1118234111,Abuse of steroids,,,,[]
Abuse,http://id.who.int/icd/entity/1045880363,Abuse of anxiolytics,,abuse of sedatives; abuse of tranquilizers; harmful use of anxiolytic,,[]
Abuse,http://id.who.int/icd/entity/4067069,Abuse of hypnotics,,,,[]
Abuse,http://id.who.int/icd/entity/590211325,Disorders due to substance use,"Disorders due to substance use include disorders that result from a single occasion or repeated use of substances that have psychoactive properties, including certain medications. Disorders related to fourteen classes or groups of psychoactive substances are included. Typically, initial use of these substances produces pleasant or appealing psychoactive effects that are rewarding and reinforcing with repeated use. With continued use, many of the included substances have the capacity to produce dependence. They also have the potential to cause numerous forms of harm, both to mental and physical health. Disorders due to harmful non-medical use of non-psychoactive substances are also included in this grouping.",Disorders due to substance abuse; drug use disorder; Bad trips due to drugs,,[]
Abuse,http://id.who.int/icd/entity/912365674,Harmful pattern of use of opioids,"A pattern of use of opioids that has caused damage to a person’s physical or mental health or has resulted in behaviour leading to harm to the health of others. The pattern of opioid use is evident over a period of at least 12 months if substance use is episodic or at least one month if use is continuous (i.e., daily or almost daily). Harm to health of the individual occurs due to one or more of the following: (1) behaviour related to intoxication; (2) direct or secondary toxic effects on body organs and systems; or (3) a harmful route of administration. Harm to health of others includes any form of physical harm, including trauma, or mental disorder that is directly attributable to behaviour related to opioid intoxication on the part of the person to whom the diagnosis of Harmful pattern of use of opioids applies.",opioid abuse,,[]
Abuse,http://id.who.int/icd/entity/219736364,Harmful pattern of use of hallucinogens,"A pattern of use of hallucinogens that has caused damage to a person’s physical or mental health or has resulted in behaviour leading to harm to the health of others. The pattern of hallucinogen use is evident over a period of at least 12 months if substance use is episodic or at least one month if use is continuous (i.e., daily or almost daily). Harm to health of the individual occurs due to one or more of the following: (1) behaviour related to intoxication; (2) direct or secondary toxic effects on body organs and systems; or (3) a harmful route of administration. Harm to health of others includes any form of physical harm, including trauma, or mental disorder that is directly attributable to behaviour related to hallucinogen intoxication on the part of the person to whom the diagnosis of Harmful pattern of use of hallucinogens applies.",hallucinogen abuse,,[]
Abuse,http://id.who.int/icd/entity/879494155,Amphetamine abuse,,,,[]
Abuse,http://id.who.int/icd/entity/937834582,Harmful pattern of use of cannabis,"A pattern of cannabis use that has caused damage to a person’s physical or mental health or has resulted in behaviour leading to harm to the health of others. The pattern of cannabis use is evident over a period of at least 12 months if substance use is episodic or at least one month if use is continuous (i.e., daily or almost daily). Harm to health of the individual occurs due to one or more of the following: (1) behaviour related to intoxication; (2) direct or secondary toxic effects on body organs and systems; or (3) a harmful route of administration. Harm to health of others includes any form of physical harm, including trauma, or mental disorder that is directly attributable to behaviour related to cannabis intoxication on the part of the person to whom the diagnosis of Harmful pattern of use of cannabis applies.",cannabis abuse; marijuana abuse,,[]
Abuse,http://id.who.int/icd/entity/470484338,Disorders due to use of dissociative drugs including ketamine and phencyclidine [PCP],"Disorders due to use of dissociative drugs including ketamine and phencyclidine [PCP] are characterised by the pattern and consequences of dissociative drug use. Dissociative drugs include ketamine and phencyclidine (PCP) and their (comparatively rare) chemical analogues. Ketamine is an intravenous anaesthetic widely used in low- and middle-income countries, particularly in Africa, and in emergency situations. Ketamine is also undergoing evaluation for treatment of some mental disorders (e.g., treatment resistant Depressive Disorders). It is also a widespread drug of nonmedical use in many countries and may be taken by the oral or nasal routes or injected. It produces a sense of euphoria but depending on the dose, emergent hallucinations and dissociation are recognised as unpleasant side effects. Phencyclidine has a more restricted worldwide distribution and also has euphoric and dissociative effects. Its use may result in bizarre behaviour uncharacteristic for the individual, including self-harm. Dissociative Drug Dependence is described but a withdrawal syndrome is not recognized by most authorities. Several Dissociative Drug-Induced Mental Disorders are recognised.",Disorders due to abuse of dissociative drugs including ketamine and phencyclidine [PCP]; PCP abuse,,[]
Abuse,http://id.who.int/icd/entity/299901355,Harmful pattern of use of nicotine,"A pattern of nicotine use that has caused damage to a person’s physical or mental health. The pattern of nicotine use is evident over a period of at least 12 months if substance use is episodic or at least one month if use is continuous (i.e., daily or almost daily). Harm to health of the individual occurs due to one or more of the following: (1) direct or secondary toxic effects on body organs and systems; or (2) a harmful route of administration.",Tobacco abuse; harmful use of tobacco; tobacco use disorder; cigarette abuse; smoking abuse,,[]
Abuse,http://id.who.int/icd/entity/1252561403,Harmful pattern of use of caffeine,"A pattern of caffeine use that has caused clinically significant harm to a person’s physical or mental health or in which caffeine-induced behaviour has caused clinically significant harm to the health of other people. The pattern of caffeine use is evident over a period of at least 12 months if use is episodic and at least one month if use is continuous (i.e., daily or almost daily). Harm may be caused by the intoxicating effects of caffeine, the direct or secondary toxic effects on body organs and systems, or a harmful route of administration.",caffeine abuse,,[]
Abuse,http://id.who.int/icd/entity/640190154,Abuse of laxatives,,laxative habit,,[]
Abuse,http://id.who.int/icd/entity/1600451095,Harmful pattern of use of volatile inhalants,"A pattern of volatile inhalant use that has caused damage to a person’s physical or mental health. The pattern of volatile inhalant use is evident over a period of at least 12 months if substance use is episodic or at least one month if use is continuous (i.e., daily or almost daily). Harm to health of the individual occurs due to one or more of the following: (1) behaviour related to intoxication; (1) direct or secondary toxic effects on body organs and systems; or (2) a harmful route of administration. Harm to health of others includes any form of physical harm, including trauma, or mental disorder that is directly attributable to behaviour related to volatile inhalant intoxication on the part of the person to whom the diagnosis of Harmful pattern of use of volatile inhalants applies.",harmful use of volatile solvents; solvent abuse,,[]
Abuse,http://id.who.int/icd/entity/604162775,Methadone abuse,,,,[]
Abuse,http://id.who.int/icd/entity/714690795,Harmful pattern of use of alcohol,"A pattern of alcohol use that has caused damage to a person’s physical or mental health or has resulted in behaviour leading to harm to the health of others. The pattern of alcohol use is evident over a period of at least 12 months if substance use is episodic or at least one month if use is continuous. Harm to health of the individual occurs due to one or more of the following: (1) behaviour related to intoxication; (2) direct or secondary toxic effects on body organs and systems; or (3) a harmful route of administration. Harm to health of others includes any form of physical harm, including trauma, or mental disorder that is directly attributable to behaviour related to alcohol intoxication on the part of the person to whom the diagnosis of Harmful pattern of use of alcohol applies.",alcohol abuse; ETOH abuse; alcohol abuser; ethanol abuse,,[]
Abuse,http://id.who.int/icd/entity/1715369663,Abuse of salicylate,,aspirin abuse; salicylism,,[]
Abuse,http://id.who.int/icd/entity/1689089786,Disorders due to use of cocaine,"Disorders due to use of cocaine are characterised by the pattern and consequences of cocaine use. Cocaine is a compound found in the leaves of the coca plant, Erythroxylum coca, which is indigenous to countries in northern regions of South America. Cocaine has a limited place in medical treatment as an anaesthetic and vasoconstrictive agent. It is commonly used illicitly and widely available across the world, where it is found in two main forms: cocaine hydrochloride and cocaine freebase (also known as ‘crack’). Cocaine is a central nervous system stimulant, and Cocaine Intoxication typically includes a state of euphoria and hyperactivity. Cocaine has potent dependence-producing properties and Cocaine Dependence is a common cause of morbidity and of clinical presentations. Cocaine Withdrawal has a characteristic course that includes lethargy and depressed mood. A range of Cocaine-Induced Mental Disorders is described.",Mental or behavioural disorders due to use of cocaine; Disorders due to abuse of cocaine; cocaine use disorder,,[]
Abuse,http://id.who.int/icd/entity/352726040,Personal history of drug abuse,,history of drug abuse,,[]
Abuse,http://id.who.int/icd/entity/111507461,Disorders due to use of opioids,"Disorders due to use of opioids are characterised by the pattern and consequences of opioid use. Opioids is a generic term that encompasses the constituents or derivatives of the opium poppy Papaver somniferum as well as a range of synthetic and semisynthetic compounds, some related to morphine and others chemically distinct but all having their primary actions on the µ opioid receptor. Examples of opioids include morphine, diacetylmorphine (heroin), fentanyl, pethidine, oxycodone, hydromorphone, methadone, buprenorphine, codeine and d-propoxyphene. The opioids all have analgesic properties of different potencies and are primarily central nervous system depressants. They suppress respiration as well as other vital functions and are a common cause of overdose and related deaths. Certain opioids are used or administered parenterally, including heroin, a common and potent opioid that is primarily used non-medically. Therapeutic opioids are prescribed for a range of indications worldwide, and are essential for pain management in cancer pain and palliative care, although they are also used for non-therapeutic reasons. In some countries morbidity and mortality related to therapeutic opioids is greater than that related to heroin. All opioids may result in Opioid Intoxication, Opioid Dependence and Opioid Withdrawal. A range of Opioid-Induced Disorders occur, some of which occur following Opioid Withdrawal.",Disorders due to abuse of opioids; opioid use disorder,,[]
Abuse,http://id.who.int/icd/entity/1967909777,Disorders due to use of hallucinogens,"Disorders due to use of hallucinogens are characterised by the pattern and consequences of hallucinogen use. Several thousand compounds have hallucinogenic properties, many of which are found in plants (e.g., mescaline) and fungi (e.g., psilocybin) or are chemically synthesized (e.g., lysergic acid diethylamide [LSD]). These compounds have primarily hallucinogenic properties, but some may also be stimulants. Much of the morbidity associated with these compounds arises from the acute effects related to Hallucinogen Intoxication. Hallucinogen Dependence is rare and Hallucinogen Withdrawal is not described. Among the mental disorders related to hallucinogen use, Hallucinogen-Induced Psychotic Disorder is the most frequently seen, although worldwide it is still fairly uncommon.",Mental or behavioural disorders due to use of hallucinogens; Disorders due to abuse of hallucinogens; hallucinogen use disorder,,[]
Abuse,http://id.who.int/icd/entity/268445189,Disorders due to use of nicotine,"Disorders due to use of nicotine are characterised by the pattern and consequences of nicotine use. Nicotine is the active dependence-producing constituent of the tobacco plant, Nicotiana tabacum. Nicotine is used overwhelmingly through smoking cigarettes. Increasingly, it is also used in electronic cigarettes that vaporize nicotine dissolved in a carrier solvent for inhalation (i.e., “vaping”). Pipe smoking, chewing tobacco and inhaling snuff are minor forms of use. Nicotine is a highly potent addictive compound and is the third most common psychoactive substance used worldwide after caffeine and alcohol. Nicotine Dependence and Nicotine Withdrawal are well described and Nicotine-Induced Mental Disorders are recognized.",Disorders due to abuse of nicotine; Mental and behavioural disorders due to use of tobacco; nicotine use disorder; nicotine-induced organic mental disorder; nicotine-related disorder,,[]
Abuse,http://id.who.int/icd/entity/1913137404,Disorders due to use of cannabis,"Disorders due to use of cannabis are characterised by the pattern and consequences of cannabis use. Cannabis is the collective term for a range of psychoactive preparations of the cannabis plant, Cannabis sativa, and related species and hybrids. Cannabis contains cannabinoids, a class of diverse chemical compounds that act on endogenous cannabinoid receptors that modulate neurotransmitter release in the brain. The principal psychoactive cannabinoid is δ-9-tetrahydrocannabinol (THC). Cannabis is typically smoked in the form of the flowering heads or leaves of the Cannabis plant; tobacco is often mixed with cannabis when smoked. There are also cannabis oils that are prepared from these same sources. These preparations vary considerably in their THC potency. Cannabis has predominantly central nervous system depressant effects and produces a characteristic euphoria that may be part of the presenting features of Cannabis Intoxication, which may also include impairment in cognitive and psychomotor functioning. Cannabis has dependence-producing properties resulting in Cannabis Dependence in some people and Cannabis Withdrawal when use is reduced or discontinued. Cannabis is associated with a range of Cannabis-Induced Mental Disorders.",Disorders due to abuse of cannabis; cannabis use disorder,,[]
Abuse,http://id.who.int/icd/entity/1934504553,Abuse of antacids,,,,[]
Abuse,http://id.who.int/icd/entity/31898480,Disorders due to use of caffeine,"Disorders due to use of caffeine are characterised by the pattern and consequences of caffeine use. Caffeine is a mild psychostimulant and diuretic that is found in the beans of the coffee plant (Coffea species) and is a constituent of coffee, cola drinks, chocolate, a range of proprietary 'energy drinks' and weight-loss aids. It is the most commonly used psychoactive substance worldwide and several clinical conditions related to its use are described, although severe disorders are comparatively rare considering its ubiquity. Caffeine Intoxication related to consumption of relatively higher doses (i.e., > 1 g per day) is described. Caffeine Withdrawal is common upon cessation of use among individuals who have used caffeine for a prolonged period or in large amounts. Caffeine-Induced Anxiety Disorder has been described, often following intoxication or heavy use.",Disorders due to abuse of caffeine,,[]
Abuse,http://id.who.int/icd/entity/878601241,Physical abuse of child,,,,[]
Abuse,http://id.who.int/icd/entity/1004971014,Disorders due to use of heroin,,Disorders due to abuse of heroin,,[]
Abuse,http://id.who.int/icd/entity/506198470,Disorders due to use of morphine,,Disorders due to abuse of morphine,,[]
Abuse,http://id.who.int/icd/entity/158395766,Disorders due to use of codeine,,Disorders due to abuse of codeine,,[]
Abuse,http://id.who.int/icd/entity/1425204797,Disorders due to use of oxycodone,,Disorders due to abuse of oxycodone,,[]
Abuse,http://id.who.int/icd/entity/351527989,Examination or observation for suspected physical maltreatment,"Observation and evaluation for suspected or alleged physical abuse which, after study, is ruled out.",examination or observation for suspected physical abuse; observation for alleged physical abuse; observation for suspected physical abuse; observation of child of suspected battering; observation of spouse of suspected battering; observation of victim of suspected battering; Suspected physical abuse,,[]
Abuse,http://id.who.int/icd/entity/1334495652,Personal history of psychological abuse,"Personal history of non-accidental verbal or symbolic act that results in significant psychological harm. This category is applied to the victim of the maltreatment, not the perpetrator.",bullying; child verbal abuse; child emotional abuse; Personal history of psychological maltreatment,,[]
Abuse,http://id.who.int/icd/entity/1670900253,Chronic alcohol abuse,,chronic ethanol abuse,,[]
Abuse,http://id.who.int/icd/entity/1271888325,Examination or observation for suspected sexual maltreatment,"Observation and evaluation for suspected or alleged sexual abuse or rape which, after study is ruled out.",examination or observation for suspected sexual abuse; examination of victim or culprit following alleged rape or seduction; examination or observation following alleged rape; observation for alleged rape; observation for alleged sexual abuse; observation for suspected rape; suspected sexual abuse,,[]
Abuse,http://id.who.int/icd/entity/1516629645,Personal history of tobacco abuse,,previous smoker; ex smoker; history of tobacco abuse; history of smoking; exsmoker,,[]
Abuse,http://id.who.int/icd/entity/2057206901,Harmful pattern of use of synthetic cathinones,"A pattern of use of synthetic cathinones that has caused damage to a person’s physical or mental health or has resulted in behaviour leading to harm to the health of others. The pattern of synthetic cathinone use is evident over a period of at least 12 months if substance use is episodic or at least one month if use is continuous (i.e., daily or almost daily). Harm to health of the individual occurs due to one or more of the following: (1) behaviour related to intoxication; (2) direct or secondary toxic effects on body organs and systems; or (3) a harmful route of administration. Harm to health of others includes any form of physical harm, including trauma, or mental disorder that is directly attributable to behaviour related to synthetic cathinone intoxication on the part of the person to whom the diagnosis of Harmful pattern of use of synthetic cathinones applies.",synthetic cathinones abuse,,[]
Abuse,http://id.who.int/icd/entity/1055626783,Harmful pattern of use of synthetic cannabinoids,"A pattern of use of synthetic cannabinoids that has caused damage to a person’s physical or mental health or has resulted in behaviour leading to harm to the health of others. The pattern of synthetic cannabinoid use is evident over a period of at least 12 months if substance use is episodic or at least one month if use is continuous (i.e., daily or almost daily). Harm to health of the individual occurs due to one or more of the following: (1) behaviour related to intoxication; (2) direct or secondary toxic effects on body organs and systems; or (3) a harmful route of administration. Harm to health of others includes any form of physical harm, including trauma, or mental disorder that is directly attributable to behaviour related to synthetic cannabinoid intoxication on the part of the person to whom the diagnosis of Harmful pattern of use of synthetic cannabinoids applies.",synthetic cannabinoids abuse,,[]
Abuse,http://id.who.int/icd/entity/360494969,Personal history of physical abuse,"Personal history of non-accidental acts of physical force that result, or have reasonable potential to result, in physical harm or that evoke significant fear. This category is applied to the victim of the maltreatment, not the perpetrator.",Personal history of physical maltreatment,,[]
Abuse,http://id.who.int/icd/entity/1206394097,Personal history of sexual abuse,"Personal history of forced or coerced sexual acts, sexual acts with someone who is unable to consent, or sexual acts involving a child that are intended to provide sexual gratification to an adult. This category is applied to the victim of the maltreatment, not the perpetrator.",Personal history of sexual maltreatment,,[]
Abuse,http://id.who.int/icd/entity/1662953838,"Harmful pattern of use of MDMA or related drugs, including MDA","A pattern of use of MDMA or related drugs, including MDA, that has caused damage to a person’s physical or mental health or has resulted in behaviour leading to harm to the health of others. The pattern of use of MDMA or related drugs is evident over a period of at least 12 months if use is episodic or at least one month if use is continuous (i.e., daily or almost daily). Harm to health of the individual occurs due to one or more of the following: (1) behaviour related to intoxication; (2) direct or secondary toxic effects on body organs and systems; or (3) a harmful route of administration. Harm to health of others includes any form of physical harm, including trauma, or mental disorder that is directly attributable to behaviour related to MDMA or related drug intoxication on the part of the person to whom the diagnosis of Harmful pattern of use of MDMA or related drugs, including MDA applies.",Harmful use of ecstasy or related drugs; MDMA or related drugs abuse,,[]
Abuse,http://id.who.int/icd/entity/1835610951,Disorders due to use of volatile inhalants,"Disorders due to use of volatile inhalants are characterised by the pattern and consequences of volatile inhalant use. Volatile inhalants include a range of compounds that are in the gaseous or vapour phase at ambient temperatures and include various organic solvents, glues, gasoline (petrol), nitrites and gases such as nitrous oxide, trichloroethane, butane, toluene, fluorocarbons, ether and halothane. They have a range of pharmacological properties but are predominantly central nervous system depressants, with many also having vasoactive effects. They tend to be used by younger persons and may be used when access to alternative psychoactive substances is difficult or impossible. Volatile Inhalant Intoxication is well recognized. Volatile inhalants have dependence-producing properties and Volatile Inhalant Dependence and Volatile Inhalant Withdrawal is recognized although comparatively uncommon worldwide. Volatile Inhalant-Induced Mental Disorders are described. They may also cause neurocognitive impairment, including Dementia.",Disorders due to petrol sniffing; Disorders due to abuse of volatile inhalants; inhalant use disorder,,[]
Abuse,http://id.who.int/icd/entity/1605818663,Disorders due to use of synthetic cathinones,"Disorders due to use of synthetic cathinones are characterised by the pattern and consequences of synthetic cathinone use. Synthetic cathinones (also known as ‘bath salts’) are synthetic compounds with stimulant properties related to cathinone found in the khat plant, Catha edulis. The use of synthetic cathinones is common in young populations in many countries. They may produce a range of disorders including Synthetic Cathinone Intoxication, Synthetic Cathinone Dependence and Synthetic Cathinone Withdrawal. Several synthetic cathinone-induced mental disorders are recognised.",Disorders due to abuse of synthetic cathinones,,[]
Abuse,http://id.who.int/icd/entity/804833492,Disorders due to use of synthetic cannabinoids,"Disorders due to use of synthetic cannabinoids are characterised by the pattern and consequences of synthetic cannabinoid use. Synthetic cannabinoids are synthesized diverse chemical compounds that are potent agonists for endogenous cannabinoid receptors. There are several hundred such compounds. The synthetic compound is typically sprayed onto a vehicle such as cannabis or tea leaves and then smoked. The effect of these compounds is distinctly different from smoking naturally cultivated cannabis in that the euphoric effects are typically accompanied or dominated by psychotic-like symptoms (e.g., paranoia, hallucinations, and disorganized behavior). Synthetic Cannabinoid Intoxication may therefore present more frequently with psychotic symptoms in addition to the more typical effects of cannabis. Synthetic cannabinoids are also dependence-producing and Synthetic Cannabinoid Dependence and Synthetic Cannabinoid Withdrawal are recognized. Synthetic Cannabinoid-Induced Mental Disorders also occur; in particular Synthetic Cannabinoid-Induced Psychotic Disorder is recognized.",Disorders due to abuse of synthetic cannabinoids,,[]
Contamination,http://id.who.int/icd/entity/1834648119,Bacterial foodborne intoxications,Any condition caused by an intoxication due to a bacterial toxin. Intoxication is by ingestion of contaminated food.,food contamination; bacterial ichthyotoxism; bacterial fish poisoning; epidemic bacterial fish poisoning; bacterial mussels poisoning; bacterial seafood poisoning; bacterial shellfish poisoning; food infection,,[]
Contamination,http://id.who.int/icd/entity/1805108872,"Gas, fumes or vapour",,gas; fumes; vapour; vapor; air contaminant; lung irritant gas; industrial fumes,,[]
Contamination,http://id.who.int/icd/entity/1484869966,Contamination during use,,,,[]
Contamination,http://id.who.int/icd/entity/59435667,Contamination or decontamination problem,"Problem associated with the presence of any unexpected foreign substance found in the device, on its surface or in the package materials, which may affect performance or intended use of the device, or problem that compromises effective decontamination of the device.",,,[]
Contamination,http://id.who.int/icd/entity/1281022650,"Failure of sterile precautions, as mode of injury or harm",An infection occurred because standard procedures designed to minimize the risk of hospital acquired infection were not followed or were insufficient.,failure of sterile precautions during intervention; contamination as mode of injury or harm; failure to take proper precautions,,[]
Contamination,http://id.who.int/icd/entity/965319250,Mycotoxin,,mycotoxin food contaminant; mold toxin; mould toxin; fungal toxin,,[]
Contamination,http://id.who.int/icd/entity/1330157144,Biological contamination of device,"The undesirable presence of living organisms such as bacteria, fungi, or viruses or their products (enzymes or toxins).",,,[]
Contamination,http://id.who.int/icd/entity/906927338,Microbial contamination of device,Problem associated with undesired microbial contamination of the device.,,,[]
Contamination,http://id.who.int/icd/entity/1486055185,Device contamination with body fluid,"Problem associated with the undesired presence of body fluid in/on the device, which is not part of the documented device specifications and requirements.",,,[]
Contamination,http://id.who.int/icd/entity/859173518,Contaminated small bowel syndrome,,,,[]
Contamination,http://id.who.int/icd/entity/346910682,Contaminated medical or biological substance administered by unspecified means,,,,[]
Contamination,http://id.who.int/icd/entity/211757070,Occupational exposure to dust,"Occupational exposure to dust is exposure to dust during work, at the work location, or from the work location. The primary route of exposure is inhalation.
Dusts are technically defined as dry particle aerosols produced by mechanical processes such as breaking, grinding, and pulverizing. Dusts may be of biological or nonbiological origin.",exposure to occupational dust contaminants,,[]
Contamination,http://id.who.int/icd/entity/189621993,Contamination of environment by device identified,"Operation of the device results in contamination of the nearby environment e.g. dust, dirt, smoke, heat or biological material.",,,[]
Contamination,http://id.who.int/icd/entity/1290037401,Device contamination with chemical or other material,Problem associated with contamination of the device with chemical substance or other non biologic material.,,,[]
Contamination,http://id.who.int/icd/entity/74344857,Mysophobia,,fear of dirt or contamination,,[]
Contamination,http://id.who.int/icd/entity/185263237,Contamination of device ingredient or reagent,"Problem associated with the undesired introduction of impurities either chemical or microbiological in nature, or of foreign matter into or onto the device ingredient or reagent.",,,[]
Contamination,http://id.who.int/icd/entity/1910940240,Contaminated medical or biological substance administered by other means,,,,[]
Contamination,http://id.who.int/icd/entity/1376581154,Device contaminated during manufacture or shipping,,,,[]
Contamination,http://id.who.int/icd/entity/2137072794,"Contaminated medical or biological substance, transfused or infused",,,,[]
Contamination,http://id.who.int/icd/entity/1775560092,Occupational exposure to air contaminants other than dust,"Occupational exposure to other air contaminants refer to biological and chemical agents. Biological agents include grains, flours, plants, gums and woods; fur, feathers and other parts from animals, insects and fungi; and drugs and enzymes. 
 And chemical agents include chlorofluorocarbons, alcohols, metals and their salts, and welding fumes. These agents are found in various workplaces, including facilities for processing food and natural products, animal handling facilities, and manufacturing and construction sites.",,,[]
Contamination,http://id.who.int/icd/entity/377457098,Exposure to or harmful effects of undetermined intent of scombroid fish poisoning,,histamine fish poisoning; scombroid fish poisoning; Scombroid [poisoning by fish contaminated with scombroid toxin]; Exposure to or harmful effects of undetermined intent of scombroid [poisoning by fish contaminated with scombroid toxin],,[]
Contamination,http://id.who.int/icd/entity/1231860254,Unintentional exposure to or harmful effects of other mycotoxin food contaminants,,,,[]
Contamination,http://id.who.int/icd/entity/439019788,"Contaminated medical or biological substance, injected or used for immunization",,,,[]
Contamination,http://id.who.int/icd/entity/889419639,Intentional self-harm by exposure to or harmful effects of other mycotoxin food contaminants,,,,[]
Contamination,http://id.who.int/icd/entity/750896430,Exposure to or harmful effects of undetermined intent of ciguatera fish poisoning,,Ciguatera [poisoning by fish contaminated with ciguatoxin]; Ciguatera fish poisoning; Exposure to or harmful effects of undetermined intent of ciguatera [poisoning by fish contaminated with ciguatoxin],,[]
Contamination,http://id.who.int/icd/entity/1515823366,Exposure to or harmful effects of undetermined intent of other mycotoxin food contaminants,,,,[]
Contamination,http://id.who.int/icd/entity/1668508996,Unintentional exposure to or harmful effects of aflatoxin or other mycotoxin food contaminants,,,,[]
Contamination,http://id.who.int/icd/entity/1041530910,Assault by exposure to or harmful effects of other mycotoxin food contaminants,,,,[]
Contamination,http://id.who.int/icd/entity/1717787808,Intentional self-harm by exposure to or harmful effects of aflatoxin or other mycotoxin food contaminants,,,,[]
Contamination,http://id.who.int/icd/entity/1690272590,Exposure to or harmful effects of undetermined intent of aflatoxin or other mycotoxin food contaminants,,,,[]
Contamination,http://id.who.int/icd/entity/2102543853,Problem with isolation protocol without injury or harm,"Patient not monitored as frequently as required or ordered; or patient mistakenly or inappropriately put on isolation; or isolation technique broken and contamination possible by patient, health provider, or visitor. No injury or harm resulted.",isolation technique broken and contamination possible without documented injury or harm; patient mistakenly or inappropriately put on isolation without documented injury or harm; Patient not monitored as frequently as required or ordered without documented injury or harm,,[]
Contamination,http://id.who.int/icd/entity/301189824,Assault by exposure to or harmful effects of aflatoxin or other mycotoxin food contaminants,,,,[]
Contamination,http://id.who.int/icd/entity/301816397,"Harmful effects of or exposure to noxious substances, Substances chiefly nonmedicinal as to source, Aflatoxin or other mycotoxin food contaminants",,,,[]
Contamination,http://id.who.int/icd/entity/1430751310,"Harmful effects of or exposure to noxious substances, Substances chiefly nonmedicinal as to source, Aflatoxin or other mycotoxin food contaminants, Aflatoxin",,,,[]
Contamination,http://id.who.int/icd/entity/608999939,"Harmful effects of or exposure to noxious substances, Substances chiefly nonmedicinal as to source, Aflatoxin or other mycotoxin food contaminants, Other mycotoxin food contaminants",,,,[]
Arson,http://id.who.int/icd/entity/1141617323,Assault by arson,,,,[]
Cycle,http://id.who.int/icd/entity/231699514,Failure to cycle,Problem associated with the device failing to complete a series of processes or events.,,,[]
Cycle,http://id.who.int/icd/entity/965526830,Motorcycle,,,,[]
Cycle,http://id.who.int/icd/entity/567063364,Rapid cycling,"In the context of bipolar type I or bipolar type II disorder, there has been a high frequency of mood episodes (at least four) over the past 12 months. There may be a switch from one polarity of mood to the other, or the mood episodes may be demarcated by a period of remission. In individuals with a high frequency of mood episodes, some may have a shorter duration than those usually observed in bipolar type I or bipolar type II disorder. In particular, depressive periods may only last several days. If depressive and manic symptoms alternate very rapidly (i.e., from day to day or within the same day), a mixed episode should be diagnosed rather than rapid cycling.",,,[]
Cycle,http://id.who.int/icd/entity/1715907604,Pedal cycle,,,,[]
Cycle,http://id.who.int/icd/entity/13643816,Lunar cycles,"Natural, regular and predictable changes of the moon's position in relation to the earth.",,,[]
Cycle,http://id.who.int/icd/entity/324760454,Unintentional land transport traffic event injuring a motor cyclist,,motorcycle rider injured in transport accident; unintentional land transport accident motorbike; motorbike accident; motorbike traffic accident; Motorcycle accident NOS,,[]
Cycle,http://id.who.int/icd/entity/1889990301,Disorders of urea cycle metabolism,,"disorder of urea cycle; disorders of metabolism of ornithine, citrulline, argininosuccinic acid, arginine and ammonia; ammonia metabolic disorder",,[]
Cycle,http://id.who.int/icd/entity/472270037,Pedal cyclist injured in other and unspecified transport accidents,,"Pedal cycle collision NOS, traffic; Pedal cycle accident NOS; Bicycle accident NOS; Bicycle collision NOS, traffic; bicyclist injured in other and unspecified transport accident",,[]
Cycle,http://id.who.int/icd/entity/29970526,Unintentional land transport event unknown whether traffic or nontraffic injuring a motor cyclist,,"unintentional off-road crash injuring a motor cyclist, unknown whether on road; motor bike crash NOS; motor cycle crash NOS",,[]
Cycle,http://id.who.int/icd/entity/1665912805,Female infertility associated with ovarian dysfunction,"Female infertility caused by ovarian dysfunction, whose subtypes are classified elsewhere in the sections Amenorrhea and Endocrine Dysfunction",anovulatory infertility; female infertility associated with anovulation; female infertility associated with anovulatory cycle; female infertility of anovulatory origin; anovular cycle; anovulatory; anovulatory cycle; anovulatory period; failure or lack of ovulation; lack of ovulation; nonovulation,,[]
Cycle,http://id.who.int/icd/entity/537271184,Excessive menstruation with irregular cycle,,excess menstruation with irregular cycle; excessive cycle with irregular cycle; Menometrorrhagia,,[]
Cycle,http://id.who.int/icd/entity/1407748124,Irregular menstrual bleeding,Menstruation with a regularity (cycle to cycle variation) of 21 days or more (previously defined as oligomenorrhea),irregular cycle menstruation; irregular menses; irregular menstrual cycle; irregular menstruation; irregular uterine bleeding; menstrual irregularity; menstrual periods irregular; variable menstrual cycle; irregular periods NOS; abnormal periods; irregular bleeding NOS; paramenia,,[]
Cycle,http://id.who.int/icd/entity/402150632,Day/night cycles,"Natural, regular and predictable changes from day through to night and back to day, such as day, night, dawn and dusk.",,,[]
Cycle,http://id.who.int/icd/entity/1904374437,Other disorders of the urea cycle,,,,[]
Cycle,http://id.who.int/icd/entity/658415697,Disorders of the citric acid cycle,,Tricarboxylic acid cycle disorders; Krebs cycle disorders; TCA - [Tricarboxylic acid] cycle disorders,,[]
Cycle,http://id.who.int/icd/entity/1422699445,Regularity of menstrual cycle,Functions involved in the regularity of the menstrual cycle.,Functions involved in regularity of menstrual cycle,,[]
Cycle,http://id.who.int/icd/entity/271602070,Unintentional land transport nontraffic event injuring a motor cyclist,,"unintentional off-road crash injuring a motor cyclist; motorbike non-traffic crash; motorbike off-road crash; Motorcycle accident NOS, nontraffic; Motorcycle rider injured in nontraffic accident NOS",,[]
Cycle,http://id.who.int/icd/entity/285952672,Motorcycle rider injured in noncollision transport accident : unspecified motorcycle rider injured in nontraffic accident,,"Motorcycle collision NOS, nontraffic",,[]
Cycle,http://id.who.int/icd/entity/890605309,Disorders of carnitine transport or the carnitine cycle,,,,[]
Cycle,http://id.who.int/icd/entity/1454277660,Sensations associated with the menstrual cycle,"Sensations involved with menstruation, including pre- and post-menstrual phases.",,,[]
Cycle,http://id.who.int/icd/entity/1156594276,Menstruation cycle disorders (TM1),,Menstrual cycle disorders (TM1),,[]
Cycle,http://id.who.int/icd/entity/1877903899,Unintentional land transport nontraffic event injuring a pedal cyclist,,"unintentional off-road crash injuring a pedal cyclist; Pedal cycle collision NOS, nontraffic; Pedal cycle accident NOS, nontraffic; Pedal cyclist injured in nontraffic accident NOS; Bicycle accident NOS, nontraffic; Bicyclist injured in nontraffic accident NOS",,[]
Cycle,http://id.who.int/icd/entity/34853044,Disorders of the gamma-glutamyl cycle,,,,[]
Cycle,http://id.who.int/icd/entity/1162728986,Excessive menstruation with regular cycle,,excessive menses; epimenorrhoea; epimenorrhea; heavy menstruation; flooding during periods; Heavy periods NOS; hypermenorrhea; hypermenorrhoea; menorrhagia; profuse menstrual flow; Menorrhagia NOS,,[]
Cycle,http://id.who.int/icd/entity/581720013,Contact with health services for controlled ovarian stimulation for non-assisted reproductive technology cycles,Pharmacological treatment for women with normal ovulatory cycles in which the ovaries are stimulated to ovulate more than one oocyte.,COS - [controlled ovarian stimulation] for non-ART - [non-assisted reproductive technology] cycles,,[]
Cycle,http://id.who.int/icd/entity/1652407814,Pedal cycle baby carrier,,,,[]
Cycle,http://id.who.int/icd/entity/1657565147,Mittelschmerz,"A symptom of the genital and endocrine systems, caused by hormonal changes associated with the menstrual cycle. This symptom is characterised by acute lower abdominal and pelvic pain that occur in the middle of the menstrual cycle, typically at the time of ovulation, which can last for hours or days, associated with ovulation.",intermenstrual pain; mid-cycle pain; ovulation pain; ovulatory pain,,[]
Cycle,http://id.who.int/icd/entity/831518052,Liver diseases due to urea cycle defects,"This is a group of liver diseases due to defects in the urea cycle, which is a metabolic cycle of nitrogen-containing compounds that produces the waste product urea.",,,[]
Cycle,http://id.who.int/icd/entity/1164216858,Pedestrian injured in collision with pedal cycle,,,,[]
Cycle,http://id.who.int/icd/entity/372154742,Problems of adjustment to life-cycle transitions,,"maladjustment; adjustment, life-cycle transition",,[]
Cycle,http://id.who.int/icd/entity/1522305034,Functions involving the sleep cycle,Mental functions that produce rapid eye movement (REM) sleep (associated with dreaming) and non-rapid eye movement sleep (NREM) (characterized by the traditional concept of sleep as a time of decreased physiological and psychological activity).,,,[]
Cycle,http://id.who.int/icd/entity/213603738,Menstrual cycle bleeding disorders,,disorder of menstruation; menstrual disorder; menstruation disturbance,,[]
Cycle,http://id.who.int/icd/entity/312590851,Pedal cyclist injured in collision with other pedal cycle,,,,[]
Cycle,http://id.who.int/icd/entity/1359329403,Circadian rhythm sleep-wake disorders,"Circadian rhythm sleep-wake disorders are disturbances of the sleep-wake cycle (typically manifest as insomnia, excessive sleepiness, or both) due to alterations of the circadian time-keeping system, its entrainment mechanisms, or a misalignment of the endogenous circadian rhythm and the external environment. Sleep logs and, if possible, actigraphy for a minimum of one week should be utilized to define the specific sleep-wake schedule disturbance.",disorder of sleep-wake cycle; disturbed nyctohemeral rhythm; sleep rhythm problem; sleep wake schedule disorder nos; Disorders of the sleep-wake schedule,,[]
Cycle,http://id.who.int/icd/entity/1221011382,"Type of sport or exercise activity, road cycling",,,,[]
Cycle,http://id.who.int/icd/entity/1056920513,Car occupant injured in collision with pedal cycle,,,,[]
Cycle,http://id.who.int/icd/entity/961508372,Bus occupant injured in collision with pedal cycle,,,,[]
Cycle,http://id.who.int/icd/entity/353494488,Motorcycle rider injured in collision with pedal cycle,,,,[]
Cycle,http://id.who.int/icd/entity/462840578,Motorcycle rider injured in other and unspecified transport accidents,,,,[]
Cycle,http://id.who.int/icd/entity/2099410852,Difficulty with dealing with life-cycle transition,,,,[]
Cycle,http://id.who.int/icd/entity/1609515894,"Type of sport or exercise activity, mountain cycling",,"Type of sport or exercise activity, mountain bike",,[]
Cycle,http://id.who.int/icd/entity/55496822,"Type of sport or exercise activity, cycling not otherwise specified",,,,[]
Cycle,http://id.who.int/icd/entity/1877768049,Pedal cyclist injured from overturning of pedal cycle,,,,[]
Cycle,http://id.who.int/icd/entity/1829607549,Reversed sleep-wake cycle,,,,[]
Cycle,http://id.who.int/icd/entity/1721232950,"Type of sport or exercise activity, BMX cycling",,,,[]
Cycle,http://id.who.int/icd/entity/542554339,Motorcycle as mode of transport of person injured in transport related event,"A motorcycle is a land transport motor vehicle with one or two riding saddles, usually with two-wheels in-line. A sidecar or trailer is considered part of the motorcycle.",Includes vehicles with one wheel at the rear and two closely-spaced steerable wheels at the front and motorised tricycles (one wheel at the front) if registered as motor-cycles,,[]
Cycle,http://id.who.int/icd/entity/748107330,"Pedestrian injured in collision with pedal cycle, traffic accident",,,,[]
Cycle,http://id.who.int/icd/entity/2115976104,Pedal cyclist injured due to entanglement in wheel of pedal cycle,,,,[]
Cycle,http://id.who.int/icd/entity/551166421,Motorcycle rider injured by being trapped by part of motorcycle,,,,[]
Cycle,http://id.who.int/icd/entity/2128457364,Motorcycle rider injured in noncollision transport accident,,,,[]
Carriage,http://id.who.int/icd/entity/973493353,Asymptomatic carriage of Entamoeba in the large intestine,"Entamoeba histolytica can live in the large intestine (colon) without causing damage to the intestines. Other protozoan such as Entamoeba coli, E. hartmanni, E. polecki, Endolimax nana, and Iodamoeba buetschlii are generally considered nonpathogenic and reside in the large intestine of the human host.",,,[]
Carriage,http://id.who.int/icd/entity/2018359750,Asymptomatic enteric carriage of Entamoeba,,amoebiasis carrier; asymptomatic enteric carriage of Entamoeba histolytica,,[]
Carriage,http://id.who.int/icd/entity/1235464316,Asymptomatic carriage of Entamoeba in the small intestine,"Trophozoites can sometimes remain in the intestinal lumen for years without causing any damage: the patient is then an asymptomatic carrier. The majority (90%) of patients fall into this group. Asymptomatic carriers have by definition no symptoms of amoebiasis. These persons can be detected by faeces analyses. This may show cysts of non-pathogenic E. dispar or of potentially pathogenic E. histolytica, which for unknown reasons is not invasive.",,,[]
Carriage,http://id.who.int/icd/entity/1005023802,Baby carriage as mode of transport of person injured in transport related event,,,,[]
Carriage,http://id.who.int/icd/entity/600791455,Baby carriage as counterpart in land transport crash,,,,[]
Carriage,http://id.who.int/icd/entity/983005034,"Baby pram, buggy, pusher, stroller, carriage",,,,[]
Motorcycle,http://id.who.int/icd/entity/965526830,Motorcycle,,,,[]
Motorcycle,http://id.who.int/icd/entity/324760454,Unintentional land transport traffic event injuring a motor cyclist,,motorcycle rider injured in transport accident; unintentional land transport accident motorbike; motorbike accident; motorbike traffic accident; Motorcycle accident NOS,,[]
Motorcycle,http://id.who.int/icd/entity/29970526,Unintentional land transport event unknown whether traffic or nontraffic injuring a motor cyclist,,"unintentional off-road crash injuring a motor cyclist, unknown whether on road; motor bike crash NOS; motor cycle crash NOS",,[]
Motorcycle,http://id.who.int/icd/entity/271602070,Unintentional land transport nontraffic event injuring a motor cyclist,,"unintentional off-road crash injuring a motor cyclist; motorbike non-traffic crash; motorbike off-road crash; Motorcycle accident NOS, nontraffic; Motorcycle rider injured in nontraffic accident NOS",,[]
Motorcycle,http://id.who.int/icd/entity/285952672,Motorcycle rider injured in noncollision transport accident : unspecified motorcycle rider injured in nontraffic accident,,"Motorcycle collision NOS, nontraffic",,[]
Motorcycle,http://id.who.int/icd/entity/353494488,Motorcycle rider injured in collision with pedal cycle,,,,[]
Motorcycle,http://id.who.int/icd/entity/462840578,Motorcycle rider injured in other and unspecified transport accidents,,,,[]
Motorcycle,http://id.who.int/icd/entity/542554339,Motorcycle as mode of transport of person injured in transport related event,"A motorcycle is a land transport motor vehicle with one or two riding saddles, usually with two-wheels in-line. A sidecar or trailer is considered part of the motorcycle.",Includes vehicles with one wheel at the rear and two closely-spaced steerable wheels at the front and motorised tricycles (one wheel at the front) if registered as motor-cycles,,[]
Motorcycle,http://id.who.int/icd/entity/551166421,Motorcycle rider injured by being trapped by part of motorcycle,,,,[]
Motorcycle,http://id.who.int/icd/entity/2128457364,Motorcycle rider injured in noncollision transport accident,,,,[]
Motorcycle,http://id.who.int/icd/entity/891089806,Motorcycle as counterpart in land transport crash,"A motorcycle is a land transport motor vehicle with one or two riding saddles, usually with two-wheels in-line. A sidecar or trailer is considered part of the motorcycle.",,,[]
Motorcycle,http://id.who.int/icd/entity/1884956738,Motorcycle rider injured in collision with pedestrian or animal,,,,[]
Motorcycle,http://id.who.int/icd/entity/1728017988,Motorcycle rider injured in collision with other nonmotor vehicle,,,,[]
Motorcycle,http://id.who.int/icd/entity/35976950,Motorcycle rider injured in collision with pedal cycle : unspecified motorcycle rider injured in traffic accident,,,,[]
Motorcycle,http://id.who.int/icd/entity/2014191837,Motorcycle rider injured in collision with pedal cycle : unspecified motorcycle rider injured in nontraffic accident,,,,[]
Motorcycle,http://id.who.int/icd/entity/1797364873,Motorcycle rider injured in noncollision transport accident : unspecified motorcycle rider injured in traffic accident,,,,[]
Motorcycle,http://id.who.int/icd/entity/307373757,Motorcycle rider injured in collision with railway train or railway vehicle,,,,[]
Motorcycle,http://id.who.int/icd/entity/1531662474,Fall from motorcycle without counterpart,,,,[]
Motorcycle,http://id.who.int/icd/entity/62176214,Motorcycle rider injured in collision with fixed or stationary object,,,,[]
Motorcycle,http://id.who.int/icd/entity/1121234383,Occupant of three-wheeled motor vehicle injured in collision with pedal cycle,,,,[]
Motorcycle,http://id.who.int/icd/entity/1998187305,Motorcycle rider injured in collision with heavy transport vehicle or bus,,,,[]
Motorcycle,http://id.who.int/icd/entity/1639757097,Motorcycle rider injured in collision with two- or three-wheeled motor vehicle,,,,[]
Motorcycle,http://id.who.int/icd/entity/517750389,"Motorcycle rider injured in collision with pedestrian or animal, unspecified motorcycle rider injured in traffic accident",,,,[]
Motorcycle,http://id.who.int/icd/entity/799666784,Underbone motorcycle as mode of transport of person injured in transport related event,,,,[]
Motorcycle,http://id.who.int/icd/entity/1693902940,Motorcycle rider injured in collision with pedestrian or animal : unspecified motorcycle rider injured in nontraffic accident,,,,[]
Motorcycle,http://id.who.int/icd/entity/199275337,Motorcycle rider injured in collision with pedal cycle : passenger injured in traffic accident,,,,[]
Motorcycle,http://id.who.int/icd/entity/212037668,Motorcycle rider injured in collision with pedal cycle : passenger injured in nontraffic accident,,,,[]
Motorcycle,http://id.who.int/icd/entity/1856732893,Motorcycle rider injured in collision with pedal cycle : driver injured in traffic accident,,,,[]
Motorcycle,http://id.who.int/icd/entity/1776860598,Motorcycle rider injured in collision with pedal cycle : driver injured in nontraffic accident,,,,[]
Motorcycle,http://id.who.int/icd/entity/1659230516,Motorcycle rider injured in noncollision transport accident : passenger injured in traffic accident,,,,[]
Motorcycle,http://id.who.int/icd/entity/1794382913,Underbone motorcycle as counterpart in land transport crash,,,,[]
Motorcycle,http://id.who.int/icd/entity/1705384543,Motorcycle rider injured in noncollision transport accident : passenger injured in nontraffic accident,,,,[]
Motorcycle,http://id.who.int/icd/entity/128849058,Motorcycle rider injured in noncollision transport accident : driver injured in traffic accident,,,,[]
Motorcycle,http://id.who.int/icd/entity/15587275,Motorcycle rider injured in noncollision transport accident : driver injured in nontraffic accident,,,,[]
Motorcycle,http://id.who.int/icd/entity/962430900,Motorcycle rider injured in collision with other nonmotor vehicle : unspecified motorcycle rider injured in traffic accident,,,,[]
Motorcycle,http://id.who.int/icd/entity/1131893149,Motorcycle rider injured in collision with other nonmotor vehicle : unspecified motorcycle rider injured in nontraffic accident,,,,[]
Motorcycle,http://id.who.int/icd/entity/953821068,"Motorcycle rider injured in collision with railway train or railway vehicle, unspecified motorcycle rider injured in traffic accident",,,,[]
Motorcycle,http://id.who.int/icd/entity/1123086755,"Motorcycle rider injured in collision with railway train or railway vehicle, unspecified motorcycle rider injured in nontraffic accident",,,,[]
Motorcycle,http://id.who.int/icd/entity/387480520,"Motorcycle rider injured in collision with pedestrian or animal, passenger injured in traffic accident",,,,[]
Motorcycle,http://id.who.int/icd/entity/274446499,Motorcycle rider injured in collision with pedestrian or animal : passenger injured in nontraffic accident,,,,[]
Motorcycle,http://id.who.int/icd/entity/1918088798,"Motorcycle rider injured in collision with pedestrian or animal, driver injured in traffic accident",,,,[]
Motorcycle,http://id.who.int/icd/entity/1964012855,Motorcycle rider injured in collision with pedestrian or animal : driver injured in nontraffic accident,,,,[]
Motorcycle,http://id.who.int/icd/entity/631590709,Motorcycle rider injured in collision with fixed or stationary object : unspecified motorcycle rider injured in traffic accident,,,,[]
Motorcycle,http://id.who.int/icd/entity/1603246366,Motorcycle rider injured in collision with fixed or stationary object : unspecified motorcycle rider injured in nontraffic accident,,,,[]
Motorcycle,http://id.who.int/icd/entity/83327165,"Motorcycle rider injured in collision with car, pick-up truck or van",,,,[]
Motorcycle,http://id.who.int/icd/entity/491121993,Motorcycle rider injured in collision with pedal cycle : person injured while boarding or alighting,,,,[]
Motorcycle,http://id.who.int/icd/entity/815383049,Motorcycle rider injured in collision with other nonmotor vehicle : passenger injured in traffic accident,,,,[]
Motorcycle,http://id.who.int/icd/entity/306107845,Occupant of three-wheeled motor vehicle injured in collision with pedal cycle : unspecified occupant of three-wheeled motor vehicle injured in traffic accident,,,,[]
Motorcycle,http://id.who.int/icd/entity/937034082,Motorcycle rider injured in collision with other nonmotor vehicle : passenger injured in nontraffic accident,,,,[]
Motorcycle,http://id.who.int/icd/entity/224382584,Occupant of three-wheeled motor vehicle injured in collision with pedal cycle : unspecified occupant of three-wheeled motor vehicle injured in nontraffic accident,,,,[]
Car,http://id.who.int/icd/entity/1710329660,Unintentional land transport road traffic injury event,,unintentional land transport injury event in road crash; unintentional land transport injury event on road; unintentional traffic accident; car accident NOS; road traffic accident NOS; automobile accident; two vehicle collision; motor vehicle mishap; RTA - [Road Traffic Accident],,[]
Car,http://id.who.int/icd/entity/1032140413,Passenger car,,,,[]
Car,http://id.who.int/icd/entity/1602402495,Unintentional land transport event unknown whether traffic or nontraffic injuring a car occupant,,"unintentional off-road crash injuring a motor vehicle occupant, unknown whether on road; car crash NOS; truck crash NOS",,[]
Car,http://id.who.int/icd/entity/1714848321,Car polish,,automobile wax; car wax,,[]
Car,http://id.who.int/icd/entity/916445867,Race car,,,,[]
Car,http://id.who.int/icd/entity/1429411971,Car occupant injured in noncollision transport accident,,overturning car; overturned car,,[]
Car,http://id.who.int/icd/entity/813225239,Car occupant injured in other and unspecified transport accidents,,"Car collision NOS, traffic",,[]
Car,http://id.who.int/icd/entity/2114216989,Unintentional land transport nontraffic event injuring a car occupant,,"Car collision NOS, nontraffic",,[]
Car,http://id.who.int/icd/entity/837312255,"Pedestrian injured in collision with car, pick-up truck or van, traffic accident",,"pedestrian struck by car, pick-up truck or van; person struck by car; pedestrian struck by automobile",,[]
Car,http://id.who.int/icd/entity/2009383602,Logging car,,,,[]
Car,http://id.who.int/icd/entity/1683201114,Coal-car in mine,,,,[]
Car,http://id.who.int/icd/entity/1758338082,Unintentional land transport traffic event injuring a car occupant,,car occupant injured in transport accident,,[]
Car,http://id.who.int/icd/entity/149194003,Any car occupant injured in unspecified nontraffic accident,,Car occupant injured in nontraffic accident NOS,,[]
Car,http://id.who.int/icd/entity/703247335,Car sickness,,,,[]
Car,http://id.who.int/icd/entity/1056920513,Car occupant injured in collision with pedal cycle,,,,[]
Car,http://id.who.int/icd/entity/1538563669,Car occupant injured in collision with pedestrian or animal,,,,[]
Car,http://id.who.int/icd/entity/1485925736,Car as mode of transport of person injured in transport related event,"A land transport motor vehicle designed primarily to seat no more than 9 persons, including the driver, designed primarily for on-road use or so as to be registrable for on-road use. A trailer or caravan being towed by a car is considered a part of the car. Usually has four wheels.",Passenger car as mode of transport of person injured in transport related event,,[]
Car,http://id.who.int/icd/entity/899576709,Car as counterpart in land transport crash,"A land transport motor vehicle designed primarily to seat no more than 9 persons, including the driver, designed primarily for on-road use or so as to be registrable for on-road use. A trailer or caravan being towed by a car is considered a part of the car. Usually four wheels.",,,[]
Car,http://id.who.int/icd/entity/1337304288,Car occupant trapped by door or other part of car,,,,[]
Car,http://id.who.int/icd/entity/1293008981,Car occupant injured in collision with other nonmotor vehicle,,,,[]
Car,http://id.who.int/icd/entity/192763439,Car occupant injured in noncollision transport accident : unspecified car occupant injured in traffic accident,,,,[]
Car,http://id.who.int/icd/entity/337399188,Car occupant injured in noncollision transport accident : unspecified car occupant injured in nontraffic accident,,,,[]
Car,http://id.who.int/icd/entity/1030557905,Motor car as mode of transport of person injured in transport related event,,,,[]
Car,http://id.who.int/icd/entity/968659116,Car occupant injured in collision with railway train or railway vehicle,,,,[]
Car,http://id.who.int/icd/entity/1060804103,Motorcar as counterpart in land transport crash,,,,[]
Car,http://id.who.int/icd/entity/1232263851,"Type of sport or exercise activity, motor car racing",,,,[]
Car,http://id.who.int/icd/entity/676990401,Car occupant injured in collision with fixed or stationary object,,,,[]
Car,http://id.who.int/icd/entity/1055837255,"Streetcar, tram, electric car, car trolley",,,,[]
Car,http://id.who.int/icd/entity/1559715134,Car occupant injured in collision with heavy transport vehicle or bus,,,,[]
Car,http://id.who.int/icd/entity/1652046932,Car occupant injured in collision with pedal cycle : unspecified car occupant injured in traffic accident,,,,[]
Car,http://id.who.int/icd/entity/2098800623,Car occupant injured in collision with pedal cycle : unspecified car occupant injured in nontraffic accident,,,,[]
Car,http://id.who.int/icd/entity/2122380499,Car occupant injured in collision with pedestrian or animal : unspecified car occupant injured in traffic accident,,,,[]
Car,http://id.who.int/icd/entity/1642196848,Car occupant injured in collision with pedestrian or animal : unspecified car occupant injured in nontraffic accident,,,,[]
Car,http://id.who.int/icd/entity/192618585,Baby or child car seat,,,,[]
Car,http://id.who.int/icd/entity/1981039469,Car occupant injured in noncollision transport accident : passenger injured in traffic accident,,,,[]
Car,http://id.who.int/icd/entity/100323577,Car occupant injured in noncollision transport accident : passenger injured in nontraffic accident,,,,[]
Car,http://id.who.int/icd/entity/45683602,Car occupant injured in noncollision transport accident : driver injured in traffic accident,,,,[]
Car,http://id.who.int/icd/entity/1622220141,Car occupant injured in noncollision transport accident : driver injured in nontraffic accident,,,,[]
Car,http://id.who.int/icd/entity/790220458,"Car occupant injured in collision with car, pick-up truck or van",,"car occupant injured in motor vehicle collision with other car, pick-up truck or van",,[]
Car,http://id.who.int/icd/entity/2027718323,"Occupant of pick-up truck or van injured in collision with car, pick-up truck or van",,,,[]
Car,http://id.who.int/icd/entity/1493257490,Car occupant injured in collision with other nonmotor vehicle : unspecified car occupant injured in traffic accident,,,,[]
Car,http://id.who.int/icd/entity/1180718767,Car occupant injured in collision with other nonmotor vehicle : unspecified car occupant injured in nontraffic accident,,,,[]
Car,http://id.who.int/icd/entity/1417811825,"Pedestrian injured in collision with car, pick-up truck or van",,,,[]
Car,http://id.who.int/icd/entity/1246888768,Car occupant injured in collision with two- or three-wheeled motor vehicle,,,,[]
Car,http://id.who.int/icd/entity/1992495442,"Car occupant injured in collision with car, pick-up truck or van : driver injured in traffic accident",,"car operator injured in collision with other car, pick-up truck or van; driver of a car involved in collision with other car, pick-up truck or van",,[]
Car,http://id.who.int/icd/entity/521218322,Car occupant injured in collision with pedal cycle : passenger injured in traffic accident,,,,[]
Car,http://id.who.int/icd/entity/1828698758,Car occupant injured in collision with pedal cycle : passenger injured in nontraffic accident,,,,[]
Car,http://id.who.int/icd/entity/1807514095,Car occupant injured in collision with pedal cycle : driver injured in traffic accident,,,,[]
Car,http://id.who.int/icd/entity/162821904,Car occupant injured in collision with pedal cycle : driver injured in nontraffic accident,,,,[]
Car,http://id.who.int/icd/entity/1485237550,Car occupant injured in collision with railway train or railway vehicle : unspecified car occupant injured in traffic accident,,,,[]
Minibus,http://id.who.int/icd/entity/1417136230,Minibus,,,,[]
Minibus,http://id.who.int/icd/entity/1326484305,Unintentional land transport traffic event injuring an occupant of a minibus,,,,[]
Minibus,http://id.who.int/icd/entity/1652082013,Minibus or passenger van as mode of transport of person injured in transport related event,,,,[]
Minibus,http://id.who.int/icd/entity/448332621,Minibus or passenger van as counterpart in land transport crash,,,,[]
Coach,http://id.who.int/icd/entity/139444027,Joubert syndrome with hepatic defect,Joubert syndrome with hepatic defect is a very rare subtype of Joubert syndrome related disorders (JSRD) characterised by the neurological features of Joubert syndrome associated with congenital hepatic fibrosis (CHF).,Cerebellar vermis hypoplasia - oligophrenia - congenital ataxia - coloboma - hepatic fibrosis; Joubert syndrome with congenital hepatic fibrosis; COACH - [Cerebellar vermis hypoplasia - oligophrenia - congenital ataxia - coloboma - hepatic fibrosis] syndrome,,[]
Coach,http://id.who.int/icd/entity/1009830752,"Bus, coach",,,,[]
Coach,http://id.who.int/icd/entity/1813975252,Bus or coach as mode of transport of person injured in transport related event,A passenger motor vehicle designed to carry 10 or more persons (including the driver). Buses may be designed to accommodate standing passengers and/or seated passengers.,,,[]
Coach,http://id.who.int/icd/entity/992212838,Bus or coach as counterpart in land transport crash,A passenger motor vehicle designed to carry 10 or more persons (including the driver). Buses may be designed to accommodate standing passengers and/or seated passengers.,,,[]
Coach,http://id.who.int/icd/entity/721114126,Unintentional land transport traffic event injuring an occupant of a bus or coach,,"Bus occupant injured in transport accident; Bus collision NOS, traffic; Bus accident NOS",,[]
Coach,http://id.who.int/icd/entity/1499360506,Unintentional land transport nontraffic event injuring an occupant of a bus or coach,,"Bus collision NOS, nontraffic; Bus accident NOS, nontraffic; Bus occupant injured in nontraffic accident NOS",,[]
Coach,http://id.who.int/icd/entity/651041482,Assault by land transport traffic event injuring occupant of bus or coach,,,,[]
Coach,http://id.who.int/icd/entity/565253971,Land transport traffic injury event of undetermined intent injuring a bus or coach occupant,,,,[]
Coach,http://id.who.int/icd/entity/155195946,Land transport nontraffic injury event of undetermined intent injuring a bus or coach occupant,,,,[]
Coach,http://id.who.int/icd/entity/1278376191,Unintentional land transport event unknown whether traffic or nontraffic injuring an occupant of a bus or coach,,,,[]
Coach,http://id.who.int/icd/entity/464169975,"Land transport injury event of undetermined intent, unknown whether road traffic or off-road nontraffic injuring a bus or coach occupant",,,,[]
Agricultural vehicle,http://id.who.int/icd/entity/187314448,Unintentional land transport traffic event injuring a user of a special vehicle mainly used in agriculture,,occupant of special vehicle mainly used in agriculture injured in transport accident; Special-agricultural-vehicle accident NOS,,[]
Agricultural vehicle,http://id.who.int/icd/entity/1683575970,Unspecified occupant of special agricultural vehicle injured in traffic accident,,,,[]
Agricultural vehicle,http://id.who.int/icd/entity/1975503305,Passenger of special agricultural vehicle injured in traffic accident,,,,[]
Agricultural vehicle,http://id.who.int/icd/entity/105994845,Passenger of special agricultural vehicle injured in nontraffic accident,,,,[]
Agricultural vehicle,http://id.who.int/icd/entity/284427357,Driver of special agricultural vehicle injured in traffic accident,,,,[]
Agricultural vehicle,http://id.who.int/icd/entity/1929120420,Driver of special agricultural vehicle injured in nontraffic accident,,,,[]
Agricultural vehicle,http://id.who.int/icd/entity/17996088,Person on outside of special agricultural vehicle injured in traffic accident,,,,[]
Agricultural vehicle,http://id.who.int/icd/entity/1662687177,Person on outside of special agricultural vehicle injured in nontraffic accident,,,,[]
Agricultural vehicle,http://id.who.int/icd/entity/1109907866,Mobile machinery or special purpose vehicle mainly used in agriculture,,,,[]
Agricultural vehicle,http://id.who.int/icd/entity/397920054,Person injured while boarding or alighting from special agricultural vehicle,,,,[]
Agricultural vehicle,http://id.who.int/icd/entity/1649731250,Special vehicle mainly used in agriculture as mode of transport of person injured in transport related event,"A motor vehicle designed specifically for use in farming and agriculture (horticulture), for example to work the land, tend and harvest crops and transport materials on the farm.",,,[]
Agricultural vehicle,http://id.who.int/icd/entity/419014753,Special vehicle mainly used in agriculture as counterpart in land transport crash,"A motor vehicle designed specifically for use in farming and agriculture (horticulture), for example to work the land, tend and harvest crops and transport materials on the farm.",,,[]
Agricultural vehicle,http://id.who.int/icd/entity/648672667,Unintentional land transport nontraffic event injuring a user of a special vehicle mainly used in agriculture,,,,[]
Agricultural vehicle,http://id.who.int/icd/entity/24783331,Land transport traffic injury event of undetermined intent injuring a user of a special vehicle mainly used in agriculture,,,,[]
Agricultural vehicle,http://id.who.int/icd/entity/650926840,Land transport nontraffic injury event of undetermined intent injuring a user of a special vehicle mainly used in agriculture,,,,[]
Agricultural vehicle,http://id.who.int/icd/entity/548807869,Unintentional land transport event unknown whether traffic or nontraffic injuring an occupant of a special vehicle mainly used in agriculture,,,,[]
Agricultural vehicle,http://id.who.int/icd/entity/759116234,"Assault by land transport traffic event injuring occupant of special vehicle mainly used in agriculture, except tractor",,,,[]
Agricultural vehicle,http://id.who.int/icd/entity/952555827,"Land transport injury event of undetermined intent, unknown whether road traffic or off-road nontraffic injuring a user of a special vehicle mainly used in agriculture",,,,[]
Construction vehicle,http://id.who.int/icd/entity/1851915398,Unintentional land transport traffic event injuring a user of a special construction vehicle,,occupant of special construction vehicle injured in transport accident; Special-construction-vehicle accident NOS,,[]
Construction vehicle,http://id.who.int/icd/entity/2023857187,Unspecified occupant of special construction vehicle injured in traffic accident,,,,[]
Construction vehicle,http://id.who.int/icd/entity/1766261064,Passenger of special construction vehicle injured in traffic accident,,,,[]
Construction vehicle,http://id.who.int/icd/entity/447320796,Passenger of special construction vehicle injured in nontraffic accident,,,,[]
Construction vehicle,http://id.who.int/icd/entity/202165470,Driver of special construction vehicle injured in traffic accident,,,,[]
Construction vehicle,http://id.who.int/icd/entity/1845805603,Driver of special construction vehicle injured in nontraffic accident,,,,[]
Construction vehicle,http://id.who.int/icd/entity/1393249384,Special construction vehicle as mode of transport of person injured in transport related event,"A motor vehicle designed specifically for use in the construction (or demolition) of roads, buildings and other structures or associated earth-moving.",,,[]
Construction vehicle,http://id.who.int/icd/entity/501895607,Person on outside of special construction vehicle injured in traffic accident,,,,[]
Construction vehicle,http://id.who.int/icd/entity/1570324234,Special construction vehicle as counterpart in land transport crash,"A motor vehicle designed specifically for use in the construction (or demolition) of roads, buildings and other structures or associated earth-moving.",,,[]
Construction vehicle,http://id.who.int/icd/entity/2145541962,Person on outside of special construction vehicle injured in nontraffic accident,,,,[]
Construction vehicle,http://id.who.int/icd/entity/1819742234,Mobile machinery or special purpose vehicle mainly used in construction,,,,[]
Construction vehicle,http://id.who.int/icd/entity/189730743,Person injured while boarding or alighting from special construction vehicle,,,,[]
Construction vehicle,http://id.who.int/icd/entity/723879647,Unintentional land transport nontraffic event injuring a user of a special construction vehicle,,,,[]
Construction vehicle,http://id.who.int/icd/entity/1838051789,Assault by land transport traffic event injuring occupant of special construction vehicle,,,,[]
Construction vehicle,http://id.who.int/icd/entity/1682209990,Land transport traffic injury event of undetermined intent injuring a user of a special construction vehicle,,,,[]
Construction vehicle,http://id.who.int/icd/entity/1843870705,Land transport nontraffic injury event of undetermined intent injuring a user of a special construction vehicle,,,,[]
Construction vehicle,http://id.who.int/icd/entity/94693671,Unintentional land transport event unknown whether traffic or nontraffic injuring an occupant of a special construction vehicle,,,,[]
Construction vehicle,http://id.who.int/icd/entity/1473420042,"Land transport injury event of undetermined intent, unknown whether road traffic or off-road nontraffic injuring a user of a special construction vehicle",,,,[]
Special terrain vehicle,http://id.who.int/icd/entity/1853977475,Special all-terrain vehicle or off-road vehicle,,,,[]
Special terrain vehicle,http://id.who.int/icd/entity/339419809,Special all-terrain vehicle as mode of transport of person injured in transport related event,"A vehicle designed primarily for off-road use with capability to traverse a wide range of types of terrain by means of wheels, tracks, support on a cushion of air or other form of support/traction.","Mode of transport, Special all-terrain or off-road vehicle",,[]
Special terrain vehicle,http://id.who.int/icd/entity/311555997,Special all-terrain vehicle as counterpart in land transport crash,"A vehicle designed primarily for off-road use with capability to traverse a wide range of types of terrain by means of wheels, tracks, support on a cushion of air or other form of support/traction.",,,[]
Special terrain vehicle,http://id.who.int/icd/entity/449621115,Unintentional land transport traffic event injuring a user of an all-terrain vehicle,,"occupant of special all-terrain or other motor vehicle designed primarily for off-road use, injured in transport accident",,[]
Train,http://id.who.int/icd/entity/1649368903,Train,,,,[]
Train,http://id.who.int/icd/entity/627674579,Unintentional railway transport injury event,,train accident; train crash; Railway accident NOS,,[]
Train,http://id.who.int/icd/entity/1341355053,Intentional self-harm by land transport injury event unknown whether traffic or nontraffic,,intentional collision with tram or streetcar; intentional collision with motor vehicle; intentional collision with train; intentional self-harm by crashing of motor vehicle,,[]
Train,http://id.who.int/icd/entity/1691523199,Vocational training,"Engaging in all activities of a vocational programme and learning the curriculum material for preparation for employment in a trade, job or profession.",Engaging in vocational training,,[]
Train,http://id.who.int/icd/entity/2070181913,Education and training systems,"Administrative control and monitoring mechanisms that govern the delivery of general education programmes, such as systems for the implementation of policies and standards that determine eligibility for public or private education and special needs-based programmes; local, regional or national boards of education or other authoritative bodies that govern features of the education systems, including curricula, size of classes, numbers of schools in a region, fees and subsidies, special meal programmes and after-school care services.",,,[]
Train,http://id.who.int/icd/entity/816159269,Orthoptic training,,admission for orthoptic training,,[]
Train,http://id.who.int/icd/entity/218162716,Inadequate or insufficient training,Problem associated with facility not providing satisfactory initial and/or periodic user training covering operation of the device.,,,[]
Train,http://id.who.int/icd/entity/1816927449,Education and training services,"Services and programmes concerned with education and the acquisition, maintenance and improvement of knowledge, expertise and vocational or artistic skills, such as those provided for different levels of education (e.g. preschool, primary school, secondary school, post-secondary institutions, professional programmes, training and skills programmes, apprenticeships and continuing education), including those who provide these services.",,,[]
Train,http://id.who.int/icd/entity/150136483,Cause traced to training,,,,[]
Train,http://id.who.int/icd/entity/1109185881,Education and training policies,"Legislation, regulations and standards that govern the delivery of general education programme, such as policies and standards that determine eligibility for public or private education and special needs-based programmes, and dictate the structure of local, regional or national boards of education or other authoritative bodies that govern features of the education system, including curricula, size of classes, numbers of schools in a region, fees and subsidies, special meal programmes and after-school care services.",,,[]
Train,http://id.who.int/icd/entity/376039232,"Pedestrian injured in collision with railway train or railway vehicle, traffic accident",,pedestrian struck by train,,[]
Train,http://id.who.int/icd/entity/1425675101,Occupant of railway train or railway vehicle injured by fall in railway train or railway vehicle,,fall in train; fall on train,,[]
Train,http://id.who.int/icd/entity/637584421,Cardiac rehabilitation,"Cardiac rehabilitation is a medically supervised program that helps improve the health and well-being of people who have heart problems. 
Cardiac rehabilitation aims to reverse limitations experienced by patients who have suffered the adverse pathophysiologic and psychological consequences of cardiac events.",heart rehabilitation; cardiac retraining; admission for cardiac rehabilitation,,[]
Train,http://id.who.int/icd/entity/542589858,Occupant of railway train or railway vehicle injured by fall from railway train or railway vehicle,,fall from train,,[]
Train,http://id.who.int/icd/entity/151943128,"Education and training services, systems and policies","Services, systems and policies for the acquisition, maintenance and improvement of knowledge, expertise and vocational or artistic skills. See UNESCO's International Standard Classification of Education [ISCED-2013].",,,[]
Train,http://id.who.int/icd/entity/926505453,Train sickness,,,,[]
Train,http://id.who.int/icd/entity/48671683,"Labelling, instructions for use or training problem","Problem associated with device markings / labelling, instructions for use, training and maintenance documentation or guidelines.",,,[]
Train,http://id.who.int/icd/entity/797640405,Services for support and adaptation in education and training,"Services and programmes concerned with reasonable accommodation, individual support and adaptation addressing individual requirements to facilitate effective education, such as the provision of adapted learning material and methods, support personnel, adapted curricula for different levels of education (e.g. preschool, primary school, secondary school, post-secondary institutions, professional programmes, training and skills programmes, apprenticeships and continuing education), including those who provide these services.",,,[]
Train,http://id.who.int/icd/entity/1109870961,Pedestrian injured in collision with railway train or railway vehicle,,,,[]
Train,http://id.who.int/icd/entity/1769553055,"Phase of activity, not otherwise specified training or practice",,,,[]
Train,http://id.who.int/icd/entity/381503521,"Phase of activity, strength and conditioning or weight training",,,,[]
Train,http://id.who.int/icd/entity/1935963745,"Phase of activity, cardiovascular training",,,,[]
Train,http://id.who.int/icd/entity/1763852271,Occupant of railway train or railway vehicle injured in transport accident,,,,[]
Train,http://id.who.int/icd/entity/749341667,Phase of sport or exercise activity - Training or practice,,,,[]
Train,http://id.who.int/icd/entity/968659116,Car occupant injured in collision with railway train or railway vehicle,,,,[]
Train,http://id.who.int/icd/entity/1041020799,Bus occupant injured in collision with railway train or railway vehicle,,,,[]
Train,http://id.who.int/icd/entity/1420200520,"Type of sport or exercise activity, self defence training",,,,[]
Train,http://id.who.int/icd/entity/301073110,"Operator error, as mode of injury or harm",Harm arising due to process or procedural issues associated with the use and/or maintenance of a device not related to device failure.,operator error due to poor training as mode of injury; operator error due to poor maintenance as mode of injury; operator error due to incorrect device installation as mode of injury; mistake by operator; operator error using an installed device,,[]
Train,http://id.who.int/icd/entity/367133032,Pedal cyclist injured in collision with railway train or railway vehicle,,,,[]
Train,http://id.who.int/icd/entity/1113541981,Occupant of railway train or railway vehicle injured in collision with other object,,Railway collision NOS,,[]
Train,http://id.who.int/icd/entity/838309904,Railway train as mode of transport of person injured in transport related event,,,,[]
Train,http://id.who.int/icd/entity/1228299776,Railway train as counterpart in land transport crash,,,,[]
Train,http://id.who.int/icd/entity/1774845798,Occupant of heavy transport vehicle injured in collision with railway train or railway vehicle,,,,[]
Train,http://id.who.int/icd/entity/307373757,Motorcycle rider injured in collision with railway train or railway vehicle,,,,[]
Train,http://id.who.int/icd/entity/1931618986,"Pedestrian injured in collision with railway train or railway vehicle, nontraffic accident",,,,[]
Train,http://id.who.int/icd/entity/1309725634,"Type of sport or exercise activity, strength training or body building",,,,[]
Train,http://id.who.int/icd/entity/1404686390,Occupant of railway train or railway vehicle injured in collision with motor vehicle in traffic accident,,,,[]
Train,http://id.who.int/icd/entity/921836964,Occupant of railway train or railway vehicle injured in collision with motor vehicle in nontraffic accident,,,,[]
Train,http://id.who.int/icd/entity/1167552166,Occupant of three-wheeled motor vehicle injured in collision with railway train or railway vehicle,,,,[]
Train,http://id.who.int/icd/entity/1485237550,Car occupant injured in collision with railway train or railway vehicle : unspecified car occupant injured in traffic accident,,,,[]
Train,http://id.who.int/icd/entity/1755875455,Bus occupant injured in collision with railway train or railway vehicle : unspecified bus occupant injured in traffic accident,,,,[]
Train,http://id.who.int/icd/entity/1206384273,Car occupant injured in collision with railway train or railway vehicle : unspecified car occupant injured in nontraffic accident,,,,[]
Train,http://id.who.int/icd/entity/2009699266,Bus occupant injured in collision with railway train or railway vehicle : unspecified bus occupant injured in nontraffic accident,,,,[]
Train,http://id.who.int/icd/entity/833740489,Person injured while boarding or alighting from railway train or railway vehicle,,,,[]
Train,http://id.who.int/icd/entity/150225625,"Pedal cyclist injured in collision with railway train or railway vehicle, unspecified pedal cyclist injured in traffic accident",,,,[]
Train,http://id.who.int/icd/entity/1927189746,"Pedal cyclist injured in collision with railway train or railway vehicle, unspecified pedal cyclist injured in nontraffic accident",,,,[]
Train,http://id.who.int/icd/entity/2024975184,Occupant of heavy transport vehicle injured in collision with railway train or railway vehicle : unspecified occupant of heavy transport vehicle injured in traffic accident,,,,[]
Train,http://id.who.int/icd/entity/1741926643,Occupant of heavy transport vehicle injured in collision with railway train or railway vehicle : unspecified occupant of heavy transport vehicle injured in nontraffic accident,,,,[]
Train,http://id.who.int/icd/entity/1908407660,Occupant of railway train or railway vehicle injured by explosion or fire,,,,[]
Train,http://id.who.int/icd/entity/953821068,"Motorcycle rider injured in collision with railway train or railway vehicle, unspecified motorcycle rider injured in traffic accident",,,,[]
Cable car,http://id.who.int/icd/entity/854317032,"Cable car, ski chair lift, ski lift with gondola",,,,[]
Chair lift,http://id.who.int/icd/entity/854317032,"Cable car, ski chair lift, ski lift with gondola",,,,[]
Parachute,http://id.who.int/icd/entity/770457891,Parachute,,,,[]
Parachute,http://id.who.int/icd/entity/375324402,Parachute malformation of mitral valve,A congenital cardiac malformation in which the chords of the mitral valve attach to a single or to closely adjacent papillary muscles.,Parachute mitral valve,,[]
Parachute,http://id.who.int/icd/entity/621674320,"type of sport/exercise activity, parachuting/sky diving",,,,[]
Parachute,http://id.who.int/icd/entity/1373171796,Parachute used in descent from damaged aircraft as mode of transport of person injured in transport related event,,,,[]
Parachute,http://id.who.int/icd/entity/1755340052,Parachute used in descent from undamaged aircraft as mode of transport of person injured in transport related event,,,,[]
Glider,http://id.who.int/icd/entity/1396104186,Glider,,,,[]
Glider,http://id.who.int/icd/entity/209179322,"Glider, nonpowered, accident injuring occupant",,,,[]
Glider,http://id.who.int/icd/entity/415181882,Hang-glider,,,,[]
Glider,http://id.who.int/icd/entity/1241975307,Glider as mode of transport of person injured in transport related event,,,,[]
Glider,http://id.who.int/icd/entity/2027586119,Hang-glider accident injuring occupant,,,,[]
Glider,http://id.who.int/icd/entity/2036146809,"Ultralight, microlight or powered-glider accident injuring occupant",,,,[]
Transport accident,http://id.who.int/icd/entity/1596356387,Unintentional water transport injury event,,Water transport accidents; Boat transport accident NOS; ship transport accident NOS; Watercraft transport accident NOS,,[]
Transport accident,http://id.who.int/icd/entity/69852207,Unintentional air or space transport injury event,,Air and space transport accidents; Air transport accident NOS; Aircraft accident NOS; accidents to nonoccupants of aircraft,,[]
Transport accident,http://id.who.int/icd/entity/79623775,Unintentional land transport injury event unknown whether road traffic or off-road nontraffic,,unintentional land transport injury event unknown whether on road or off-road; land transport accident NOS; motor vehicle accident NOS; MVA - [motor vehicle accident] NOS; MVC - [motor vehicle crash]; motor vehicle collision NOS; head on collision NOS; auti accident NOS,,[]
Transport accident,http://id.who.int/icd/entity/1114138453,Unintentional land transport traffic event injuring a pedestrian,,pedestrian injured in transport accident,,[]
Transport accident,http://id.who.int/icd/entity/714231201,Unintentional land transport off-road nontraffic injury event,,unintentional land transport injury event occurring off-road; unintentional off-road crash; nontraffic land transport accident,,[]
Transport accident,http://id.who.int/icd/entity/1273171148,Pedestrian injured in other and unspecified transport accidents,,,,[]
Transport accident,http://id.who.int/icd/entity/1573350953,Unintentional land transport traffic event injuring an occupant of a heavy goods vehicle,,"occupant of heavy transport vehicle injured in transport accident; Unintentional land transport traffic event injuring an occupant of a heavy transport vehicle; Collision NOS involving heavy transport vehicle, traffic; Accident NOS involving heavy transport vehicle",,[]
Transport accident,http://id.who.int/icd/entity/1758338082,Unintentional land transport traffic event injuring a car occupant,,car occupant injured in transport accident,,[]
Transport accident,http://id.who.int/icd/entity/721114126,Unintentional land transport traffic event injuring an occupant of a bus or coach,,"Bus occupant injured in transport accident; Bus collision NOS, traffic; Bus accident NOS",,[]
Transport accident,http://id.who.int/icd/entity/472270037,Pedal cyclist injured in other and unspecified transport accidents,,"Pedal cycle collision NOS, traffic; Pedal cycle accident NOS; Bicycle accident NOS; Bicycle collision NOS, traffic; bicyclist injured in other and unspecified transport accident",,[]
Transport accident,http://id.who.int/icd/entity/551890744,Sequelae of transport accidents,,late effect of transport accidents,,[]
Transport accident,http://id.who.int/icd/entity/495939346,Unintentional land transport traffic event injuring an occupant of a streetcar or tram,,Occupant of streetcar injured in transport accident; person on outside of streetcar injured in transport accident; Streetcar accident NOS,,[]
Transport accident,http://id.who.int/icd/entity/813225239,Car occupant injured in other and unspecified transport accidents,,"Car collision NOS, traffic",,[]
Transport accident,http://id.who.int/icd/entity/935916226,Bus occupant injured in other and unspecified transport accidents,,,,[]
Transport accident,http://id.who.int/icd/entity/1929426168,Other and unspecified water transport accidents involving water-skis,,,,[]
Transport accident,http://id.who.int/icd/entity/380853503,Unintentional land transport nontraffic event injuring an occupant of a heavy goods vehicle,,"Unintentional land transport nontraffic event injuring an occupant of a heavy transport vehicle; Collision NOS involving heavy transport vehicle, nontraffic; Accident NOS involving heavy transport vehicle, nontraffic; Occupant of heavy transport vehicle injured in nontraffic accident NOS",,[]
Transport accident,http://id.who.int/icd/entity/388467595,Sequelae of other and unspecified transport accidents,,late effect of other and unspecified transport accidents,,[]
Transport accident,http://id.who.int/icd/entity/128836615,Other and unspecified water transport accidents involving sailboat,,,,[]
Transport accident,http://id.who.int/icd/entity/324760454,Unintentional land transport traffic event injuring a motor cyclist,,motorcycle rider injured in transport accident; unintentional land transport accident motorbike; motorbike accident; motorbike traffic accident; Motorcycle accident NOS,,[]
Transport accident,http://id.who.int/icd/entity/899593763,Other and unspecified water transport accidents involving yacht,,,,[]
Transport accident,http://id.who.int/icd/entity/1153230466,Other and unspecified water transport accidents involving liner,,,,[]
Transport accident,http://id.who.int/icd/entity/1915625996,Other and unspecified water transport accidents involving windsurfer,,,,[]
Transport accident,http://id.who.int/icd/entity/2037221697,Pedal cyclist injured in noncollision transport accident,,bicyclist injured in noncollision transport accident,,[]
Transport accident,http://id.who.int/icd/entity/277813817,Parachutist injured in air transport accident,,,,[]
Transport accident,http://id.who.int/icd/entity/1611512539,Occupant of heavy transport vehicle injured in other and unspecified transport accidents,,,,[]
Transport accident,http://id.who.int/icd/entity/1429411971,Car occupant injured in noncollision transport accident,,overturning car; overturned car,,[]
Transport accident,http://id.who.int/icd/entity/1384333144,Bus occupant injured in noncollision transport accident,,,,[]
Transport accident,http://id.who.int/icd/entity/462840578,Motorcycle rider injured in other and unspecified transport accidents,,,,[]
Transport accident,http://id.who.int/icd/entity/1975834541,Person on ground injured in air transport accident,,,,[]
Transport accident,http://id.who.int/icd/entity/1950578579,Other and unspecified water transport accidents involving other powered watercraft,,,,[]
Transport accident,http://id.who.int/icd/entity/1705372410,Other and unspecified water transport accidents involving passenger ship,,,,[]
Transport accident,http://id.who.int/icd/entity/285784583,Other and unspecified water transport accidents involving fishing boat,,,,[]
Transport accident,http://id.who.int/icd/entity/1851915398,Unintentional land transport traffic event injuring a user of a special construction vehicle,,occupant of special construction vehicle injured in transport accident; Special-construction-vehicle accident NOS,,[]
Transport accident,http://id.who.int/icd/entity/88504143,Occupant of heavy transport vehicle injured in noncollision transport accident,,,,[]
Transport accident,http://id.who.int/icd/entity/1763852271,Occupant of railway train or railway vehicle injured in transport accident,,,,[]
Transport accident,http://id.who.int/icd/entity/15607660,Other and unspecified water transport accidents involving merchant ship,,,,[]
Transport accident,http://id.who.int/icd/entity/700938044,Examination or observation following transport accident,,examination following motor vehicle accident,,[]
Transport accident,http://id.who.int/icd/entity/192763439,Car occupant injured in noncollision transport accident : unspecified car occupant injured in traffic accident,,,,[]
Transport accident,http://id.who.int/icd/entity/995308412,Bus occupant injured in noncollision transport accident : unspecified bus occupant injured in traffic accident,,,,[]
Transport accident,http://id.who.int/icd/entity/337399188,Car occupant injured in noncollision transport accident : unspecified car occupant injured in nontraffic accident,,,,[]
Transport accident,http://id.who.int/icd/entity/2128457364,Motorcycle rider injured in noncollision transport accident,,,,[]
Transport accident,http://id.who.int/icd/entity/607267009,Bus occupant injured in noncollision transport accident : unspecified bus occupant injured in nontraffic accident,,,,[]
Transport accident,http://id.who.int/icd/entity/289385137,Other and unspecified water transport accidents involving jet skis,,,,[]
Transport accident,http://id.who.int/icd/entity/1372365398,Other and unspecified water transport accidents involving surf-board,,,,[]
Transport accident,http://id.who.int/icd/entity/1146691090,Other and unspecified water transport accidents involving ferry-boat,,,,[]
Transport accident,http://id.who.int/icd/entity/1659251091,Other and unspecified water transport accidents involving canoe or kayak,,,,[]
Transport accident,http://id.who.int/icd/entity/1527773658,"Pedal cyclist injured in noncollision transport accident, unspecified pedal cyclist injured in traffic accident",,,,[]
Transport accident,http://id.who.int/icd/entity/556085235,Pedal cyclist injured in noncollision transport accident : unspecified pedal cyclist injured in nontraffic accident,,,,[]
Transport accident,http://id.who.int/icd/entity/1684490659,Unintentional land transport traffic event injuring an occupant of a low powered passenger vehicle,,Occupant of three-wheeled motor vehicle injured in transport accident,,[]
Transport accident,http://id.who.int/icd/entity/726208589,Occupant of heavy transport vehicle injured in noncollision transport accident : unspecified occupant of heavy transport vehicle injured in traffic accident,,,,[]
Helicopter,http://id.who.int/icd/entity/1939068166,Helicopter,,,,[]
Helicopter,http://id.who.int/icd/entity/471265261,Helicopter accident injuring occupant,,,,[]
Helicopter,http://id.who.int/icd/entity/1081038327,Helicopter as mode of transport of person injured in transport related event,,,,[]
Military aircraft,http://id.who.int/icd/entity/230502299,Military fixed-wing powered aircraft,,,,[]
Military aircraft,http://id.who.int/icd/entity/610968651,"Attack on or destruction of aircraft during armed conflict due to collision with other aircraft, military personnel",,,,[]
Military aircraft,http://id.who.int/icd/entity/1589778652,"Attack on or destruction of aircraft during armed conflict due to enemy fire or explosives, military personnel",,,,[]
Fishing watercraft,http://id.who.int/icd/entity/923706360,"Unintentional water transport injury event with water vessel damaged, disabled or destroyed, causing other injury, fishing boat",,"accident to watercraft causing other injury, fishing boat",,[]
Fishing watercraft,http://id.who.int/icd/entity/737569657,"Unintentional water transport injury event with water vessel damaged, disabled or destroyed, causing submersion or drowning, fishing boat",,"accident to watercraft causing drowning and submersion, fishing boat",,[]
Fishing watercraft,http://id.who.int/icd/entity/914949064,"Unintentional water transport injury event with water vessel not damaged, disabled or destroyed, causing submersion or drowning, fishing boat",,"Water-transport-related drowning and submersion without accident to watercraft, fishing boat",,[]
Fishing watercraft,http://id.who.int/icd/entity/712100679,"Unintentional water transport injury event with water vessel not damaged, disabled or destroyed, causing other injury, fishing boat",,"accident on board watercraft without accident to watercraft, not causing drowning and submersion, fishing boat",,[]
Submersible,http://id.who.int/icd/entity/1369717987,Drowning or nonfatal submersion,,submersion; Immersion,,[]
Submersible,http://id.who.int/icd/entity/989856314,Drowning,,fatal submersion; drowned,,[]
Submersible,http://id.who.int/icd/entity/734698384,Nonfatal submersion,,near drowning,,[]
Submersible,http://id.who.int/icd/entity/406207542,"Assault by immersion, submersion or falling into water",,assault by submersion; assault by drowning; assault by drowning or submersion,,[]
Submersible,http://id.who.int/icd/entity/352713514,Asphyxiation by drowning,,drowning asphyxia; submersion asphyxia; suffocation due to drowning; asphyxia due to drowning,,[]
Submersible,http://id.who.int/icd/entity/497764339,"Unintentional immersion, submersion or falling into water",,Unintentional drowning or submersion NOS; drowning NOS; accidental drowning,,[]
Submersible,http://id.who.int/icd/entity/1536505450,"Drowning and submersion, undetermined intent",,,,[]
Submersible,http://id.who.int/icd/entity/1728015115,Accidental drowning or submersion in stream,,,,[]
Submersible,http://id.who.int/icd/entity/1478052163,Accidental drowning or submersion in river,,,,[]
Submersible,http://id.who.int/icd/entity/1538046562,"Unintentional water transport injury event with water vessel damaged, disabled or destroyed, causing submersion or drowning",,Accident to watercraft causing drowning and submersion; drowning and submersion due to boat sinking,,[]
Submersible,http://id.who.int/icd/entity/1373420882,"Unintentional water transport injury event with water vessel damaged, disabled or destroyed, causing submersion or drowning, unspecified watercraft",,"accident to watercraft causing drowning and submersion, unspecified watercraft; accident to watercraft causing drowning and submersion, boat NOS; accident to watercraft causing drowning and submersion, ship NOS; accident to watercraft causing drowning and submersion, watercraft NOS",,[]
Submersible,http://id.who.int/icd/entity/644311522,Accidental drowning or submersion in lake,,,,[]
Submersible,http://id.who.int/icd/entity/2096460380,Drowning and submersion while in natural water,,,,[]
Submersible,http://id.who.int/icd/entity/1117679527,"Unintentional drowning or submersion, while in body of water",,,,[]
Submersible,http://id.who.int/icd/entity/452003984,Intentional self-harm by drowning or submersion in bathtub,,,,[]
Submersible,http://id.who.int/icd/entity/1691855500,Drowning and submersion while in swimming-pool,,drowning in swimming pool,,[]
Submersible,http://id.who.int/icd/entity/618209013,Intentional self-harm by drowning or submersion in natural water,,,,[]
Submersible,http://id.who.int/icd/entity/615930198,Drowning or submersion while in body of water with undetermined intent,,,,[]
Submersible,http://id.who.int/icd/entity/110221965,"Drowning or submersion while in unspecified body of water, undetermined intent",,,,[]
Submersible,http://id.who.int/icd/entity/27716904,"Drowning or submersion while in bathtub, undetermined intent",,,,[]
Submersible,http://id.who.int/icd/entity/1321051885,"Unintentional water transport injury event with water vessel damaged, disabled or destroyed, causing submersion or drowning, other powered watercraft",,"accident to watercraft causing drowning and submersion, other powered watercraft",,[]
Submersible,http://id.who.int/icd/entity/1028863353,"Unintentional water transport injury event with water vessel damaged, disabled or destroyed, causing submersion or drowning, sailboat",,"accident to watercraft causing drowning and submersion, sailboat",,[]
Submersible,http://id.who.int/icd/entity/1966159847,Drowning and submersion while in bath-tub,,,,[]
Submersible,http://id.who.int/icd/entity/1625836624,"Unintentional drowning or submersion, while in body of water, natural water",,,,[]
Submersible,http://id.who.int/icd/entity/322925214,"Exposure to drowning or submersion, while in body of water",,,,[]
Submersible,http://id.who.int/icd/entity/904575765,"Drowning or submersion while in natural water, undetermined intent",,,,[]
Submersible,http://id.who.int/icd/entity/882340036,"Unintentional water transport injury event with water vessel damaged, disabled or destroyed, causing submersion or drowning, other unpowered watercraft",,"accident to watercraft causing drowning and submersion, other unpowered watercraft",,[]
Submersible,http://id.who.int/icd/entity/1953425906,"Drowning or submersion while in other specified body of water, undetermined intent",,,,[]
Submersible,http://id.who.int/icd/entity/2107933048,Intentional self-harm by drowning or submersion while in body of water,,,,[]
Submersible,http://id.who.int/icd/entity/739286127,Intentional self-harm by drowning or submersion in swimming pool,,,,[]
Submersible,http://id.who.int/icd/entity/61486114,Accidental drowning or submersion in open sea,,,,[]
Submersible,http://id.who.int/icd/entity/1241408902,"Unintentional water transport injury event with water vessel damaged, disabled or destroyed, causing submersion or drowning, water-skis",,"accident to watercraft causing drowning and submersion, water-skis",,[]
Submersible,http://id.who.int/icd/entity/1053705041,"Unintentional drowning or submersion, while in body of water, bathtub",,,,[]
Submersible,http://id.who.int/icd/entity/1246373641,"Unintentional water transport injury event with water vessel not damaged, disabled or destroyed, causing submersion or drowning",,water-transport-related drowning and submersion without accident to watercraft,,[]
Submersible,http://id.who.int/icd/entity/1285805551,"Unintentional water transport injury event with water vessel not damaged, disabled or destroyed, causing submersion or drowning, unspecified watercraft",,"water-transport-related drowning and submersion without accident to watercraft, unspecified watercraft; water-transport-related drowning and submersion without accident to watercraft, boat NOS; water-transport-related drowning and submersion without accident to watercraft NOS; water-transport-related drowning and submersion without accident to watercraft, ship NOS",,[]
Submersible,http://id.who.int/icd/entity/1599814536,"Unintentional water transport injury event with water vessel damaged, disabled or destroyed, causing submersion or drowning, passenger ship",,"Accident to watercraft causing drowning and submersion, passenger ship",,[]
Submersible,http://id.who.int/icd/entity/737569657,"Unintentional water transport injury event with water vessel damaged, disabled or destroyed, causing submersion or drowning, fishing boat",,"accident to watercraft causing drowning and submersion, fishing boat",,[]
Submersible,http://id.who.int/icd/entity/2054134267,"Assault by drowning or submersion, while in body of water",,,,[]
Submersible,http://id.who.int/icd/entity/1109463697,"Assault by drowning or submersion, while in bathtub",,,,[]
Submersible,http://id.who.int/icd/entity/974190098,"Unintentional water transport injury event with water vessel damaged, disabled or destroyed, causing submersion or drowning, merchant ship",,"Accident to watercraft causing drowning and submersion, merchant ship",,[]
Submersible,http://id.who.int/icd/entity/927431113,"Drowning or submersion while in swimming pool, undetermined intent",,,,[]
Submersible,http://id.who.int/icd/entity/788654749,"Unintentional water transport injury event with water vessel not damaged, disabled or destroyed, causing other injury",,"Accident on board watercraft without accident to watercraft, not causing drowning and submersion",,[]
Submersible,http://id.who.int/icd/entity/1348148590,"Unintentional water transport injury event with water vessel not damaged, disabled or destroyed, causing other injury, unspecified watercraft",,"accident on board watercraft without accident to watercraft, not causing drowning and submersion, unspecified watercraft; accident on board watercraft without accident to watercraft, not causing drowning and submersion, Watercraft NOS; accident on board watercraft without accident to watercraft, not causing drowning and submersion, boat NOS; accident on board watercraft without accident to watercraft, not causing drowning and submersion, ship NOS",,[]
Submersible,http://id.who.int/icd/entity/1478031597,"Unintentional water transport injury event with water vessel damaged, disabled or destroyed, causing submersion or drowning, canoe or kayak",,"accident to watercraft causing drowning and submersion, canoe or kayak",,[]
Submersible,http://id.who.int/icd/entity/478106729,Drowning or submersion as a result of accidentally being washed overboard,,,,[]
Submersible,http://id.who.int/icd/entity/1633106942,"Assault by drowning or submersion, while in natural body of water",,,,[]
Submersible,http://id.who.int/icd/entity/1366249276,"Unintentional drowning or submersion, while in body of water, swimming pool",,,,[]
Submersible,http://id.who.int/icd/entity/1417743673,"Unintentional water transport injury event with water vessel not damaged, disabled or destroyed, causing submersion or drowning, water-skis",,"water-transport-related drowning and submersion without accident to watercraft, water-skis",,[]
Submersible,http://id.who.int/icd/entity/1958774384,"Assault by drowning or submersion, while in swimming pool",,,,[]
Submersible,http://id.who.int/icd/entity/1090285825,Drowning and submersion following fall into natural water,,,,[]
Submarine,http://id.who.int/icd/entity/722031640,Submarine or related craft,,,,[]
Submarine,http://id.who.int/icd/entity/965022387,Submarine as mode of transport of person injured in transport related event,,,,[]
Roof,http://id.who.int/icd/entity/1855032483,Orbital roof,,,,[]
Roof,http://id.who.int/icd/entity/70261446,Palate,,"Mouth - palate; Roof of mouth; Palate, NOS",,[]
Roof,http://id.who.int/icd/entity/175109207,Fracture of orbital roof,,,,[]
Roof,http://id.who.int/icd/entity/1881533064,Malignant neoplasms of palate,,hard palate cancer; primary malignant neoplasm of hard palate; primary malignant neoplasm of soft palate; soft palate cancer; uvular cancer; primary malignant neoplasm of uvula; cancer of palate; primary malignant neoplasm of palate; malignant tumour of palate; malignant tumour of roof of mouth; malignant neoplasm of upper or lower labial sulcus,,[]
Roof,http://id.who.int/icd/entity/1846018499,Superior wall of nasopharynx,,Roof of nasopharynx,,[]
Roof,http://id.who.int/icd/entity/546326103,Unintentional fall from roof,,,,[]
Roof,http://id.who.int/icd/entity/847229948,Fall from or through roof,,,,[]
Roof,http://id.who.int/icd/entity/1202188564,Carcinoma in situ of roof of mouth,,,,[]
Roof,http://id.who.int/icd/entity/1849238165,Benign tumour of roof of mouth,,,,[]
Roof,http://id.who.int/icd/entity/566120423,Unintentional fall through roof,,,,[]
Roof,http://id.who.int/icd/entity/547578362,Malignant neoplasms of nasopharynx,"A wide variety of tumours can arise in the nasopharynx, but it is nasopharyngeal carcinoma that has fascinated generations of oncologists, pathologists, scientists and epidemiologists. It shows marked geographic differences, with highest incidence rates in Southern China. In some endemic areas, the incidence has declined by about 30% over the years 2000-2020, suggesting that environmental or lifestyle factors may play a major role and that the disease is, to some extent, preventable. 
Nasopharyngeal carcinoma shows a very strong association with Epstein-Barr virus (EBV) infection, irrespective of the ethnic origin of the patients. This association has pioneered a new paradigm of utilizing viral serological tests for the diagnosis of cancer and for screening in high-risk populations. Nasopharyngeal carcinoma is generally responsive to radiation therapy, and the clinical outcome has greatly improved over the years, due to refinements in staging and to improved therapy protocols. The unusual and often deceptive histological features of nasopharyngeal carcinoma have generated controversies over the nature of the tumour and still pose a challenge to surgical pathologists. There have possibly been more names invented for the various histological subtypes of nasopharyngeal carcinoma than any other tumour type.",nasopharyngeal cancer; primary malignant neoplasm of superior wall of nasopharynx; malignant neoplasm of roof of nasopharynx; primary malignant neoplasm of posterior wall of nasopharynx; primary malignant neoplasm of lateral wall of nasopharynx; malignant neoplasm of fossa of Rosenmüller; malignant neoplasm of pharyngeal recess; malignant neoplasm of opening of auditory tube; malignant neoplasm of anterior wall of nasopharynx; malignant neoplasm of floor of nasopharynx; malignant tumour of anterior wall of nasopharynx; malignant neoplasm of anterior or posterior surface of nasopharyngeal soft palate; malignant neoplasm of posterior margin of nasal choana; malignant neoplasm of posterior margin of nasal septum; malignant neoplasm of nasopharyngeal wall NOS; malignant tumour of epipharynx; malignant tumour of postnasal space,,[]
Roof,http://id.who.int/icd/entity/1176143217,Benign neoplasm of nasopharyngeal roof,,benign tumour of roof of nasopharynx,,[]
Roof,http://id.who.int/icd/entity/213240825,Person being transported by a vehicle and occupying space on the roof injured in transport related event,,,,[]
Driveway,http://id.who.int/icd/entity/362702124,"Part of building or grounds, driveway",,"Part of building or grounds, laneway",,[]
Driveway,http://id.who.int/icd/entity/1202200635,Taking care of walkways and driveways,"Taking care of domestic pathways such as walkways and driveways or entrances to houses (covered or uncovered) for example removing snow, leaves, rubble or sand from enrances as well as spreading sand or other material.",,,[]
Sports and Entertainment,http://id.who.int/icd/entity/830452744,"Type of sport or exercise activity, professional wrestling - entertainment style",,,,[]
Square,http://id.who.int/icd/entity/637779994,Macrosquare-wave jerks,,"Square-wave pulses, >0.5 degrees",,[]
Square,http://id.who.int/icd/entity/156510987,"Square-wave jerks, 0.1-0.4 degrees",,,,[]
Walkway,http://id.who.int/icd/entity/1202200635,Taking care of walkways and driveways,"Taking care of domestic pathways such as walkways and driveways or entrances to houses (covered or uncovered) for example removing snow, leaves, rubble or sand from enrances as well as spreading sand or other material.",,,[]
Agricultural land,http://id.who.int/icd/entity/667693441,Agricultural tractor as counterpart in land transport crash,,,,[]
Agricultural land,http://id.who.int/icd/entity/419014753,Special vehicle mainly used in agriculture as counterpart in land transport crash,"A motor vehicle designed specifically for use in farming and agriculture (horticulture), for example to work the land, tend and harvest crops and transport materials on the farm.",,,[]
Agricultural land,http://id.who.int/icd/entity/207247135,Self-propelled agricultural machine as counterpart in land transport crash,,,,[]
Agricultural land,http://id.who.int/icd/entity/187314448,Unintentional land transport traffic event injuring a user of a special vehicle mainly used in agriculture,,occupant of special vehicle mainly used in agriculture injured in transport accident; Special-agricultural-vehicle accident NOS,,[]
Agricultural land,http://id.who.int/icd/entity/648672667,Unintentional land transport nontraffic event injuring a user of a special vehicle mainly used in agriculture,,,,[]
Agricultural land,http://id.who.int/icd/entity/24783331,Land transport traffic injury event of undetermined intent injuring a user of a special vehicle mainly used in agriculture,,,,[]
Agricultural land,http://id.who.int/icd/entity/650926840,Land transport nontraffic injury event of undetermined intent injuring a user of a special vehicle mainly used in agriculture,,,,[]
Agricultural land,http://id.who.int/icd/entity/548807869,Unintentional land transport event unknown whether traffic or nontraffic injuring an occupant of a special vehicle mainly used in agriculture,,,,[]
Agricultural land,http://id.who.int/icd/entity/759116234,"Assault by land transport traffic event injuring occupant of special vehicle mainly used in agriculture, except tractor",,,,[]
Agricultural land,http://id.who.int/icd/entity/952555827,"Land transport injury event of undetermined intent, unknown whether road traffic or off-road nontraffic injuring a user of a special vehicle mainly used in agriculture",,,,[]
Dam,http://id.who.int/icd/entity/1712732076,Lacrimation disorder (TM2),,(a) srāvaḥ (b) Nīr vari (c) Dam‘a,,[]
Dam,http://id.who.int/icd/entity/1415223757,Impairment of Dam disorder (TM2),,(c) Fasād al-Dam,,[]
Dam,http://id.who.int/icd/entity/1165413146,Predominance of Dam pattern (TM2),,(c) Ghalaba’-i-Dam,,[]
Dam,http://id.who.int/icd/entity/782160949,Haematuria disorder (TM2),,(a) lohitamehaḥ (b) Aẕal Nīrccurukku (c) Bawl al-Dam,,[]
Dam,http://id.who.int/icd/entity/964148685,Hematidrosis disorder (TM2),,(c) ‘Araq al-Dam,,[]
Dam,http://id.who.int/icd/entity/207332989,Blood deficiency pattern (TM2),,(c) qellat-e khoon; (c) Qilla al-Dam,,[]
Dam,http://id.who.int/icd/entity/2107857855,Haemoptysis disorder (TM2),,(c) Nafth al-Dam,,[]
Dam,http://id.who.int/icd/entity/2027662198,Haematemesis disorder (TM2),,(b) Kuruti vānti (c) Qay’ al-Dam,,[]
Dam,http://id.who.int/icd/entity/114688273,Blood thinning pattern (TM2),,(c) reqqat-e khoon; (c) Riqqa al-Dam,,[]
Dam,http://id.who.int/icd/entity/704508337,Blood thickening pattern (TM2),,(c) ghelzat-e khoon; (c) Ghilẓa al-Dam,,[]
Dam,http://id.who.int/icd/entity/149303363,Blood hyperviscosity pattern (TM2),,(c) lozoujat-e khoon; (c) Luzūja al-Dam,,[]
Dam,http://id.who.int/icd/entity/583544121,Anaemia disorder (TM2),,(a) pāṇḍurogaḥ (b) Veḷuppu nōy (c) Faqr al-Dam; (b) Veluppu Noi,,[]
Dam,http://id.who.int/icd/entity/945194429,"Body of water, dam, lake",,,,[]
Dam,http://id.who.int/icd/entity/758529335,Dam predominant temperament pattern (TM2),,(c) Damawī al-Mizāj; Hot and moist temperament pattern (TM2); (c) Mizāj Ḥārr Ratb,,[]
Dam,http://id.who.int/icd/entity/1858547413,Depressive disorder due to derangement of Dam (TM2),,(c) Mālankhūliyā Damawī,,[]
Dam,http://id.who.int/icd/entity/1098064076,Fever disorder due to derangement of Dam (TM2),,(c) Ḥummā Muṭbiqa,,[]
Dam,http://id.who.int/icd/entity/395977566,Hepatitis disorder due to derangement of Dam (TM2),,(c) Waram al-Kabid Damawī,,[]
Dam,http://id.who.int/icd/entity/644256033,Conjunctivitis derangement of Dam disorder (TM2),,(c) Ramad Damawī,,[]
Dam,http://id.who.int/icd/entity/473685200,Headache due to derangement of Dam disorder (TM2),,(c) Ṣudā‘ Damawī,,[]
Dam,http://id.who.int/icd/entity/90350814,Gastritis disorder due to derangement of Dam (TM2),,(c) Waram al-Mi‘da Damawī,,[]
Dam,http://id.who.int/icd/entity/693681130,Stomatitis disorder due to derangement of Dam (TM2),,(c) Qulā‘ Damawī,,[]
Dam,http://id.who.int/icd/entity/923427820,Hypersomnia disorder due to derangement of Dam (TM2),,(c) Subāt Damawī,,[]
Dam,http://id.who.int/icd/entity/1131878079,Nightmare disorder due to derangement of Dam (TM2),,(c) Kābūs Damawī,,[]
Dam,http://id.who.int/icd/entity/1923091717,Uvulitis due to derangement of Dam disorder (TM2),,(c) Waram-i-Lahāt Damawī,,[]
Dam,http://id.who.int/icd/entity/1120356705,Vertigo and giddiness due to Dam disorder (TM2),,(c) Sadr-o-Duwār Dimāghī Damawī,,[]
Forest,http://id.who.int/icd/entity/1426129825,Forest,,,,[]
Forest,http://id.who.int/icd/entity/1288604967,Kyasanur Forest disease,"A disease caused by an infection with Kyasanur Forest disease virus. This disease commonly presents with fever, chills, headache, muscle pain and vomiting, or gastrointestinal symptoms and bleeding. This disease may also present with neurological manifestations such as a severe headache, mental disturbances, tremors, or vision deficits. Transmission is through the bite of an infected tick or by direct contact with an infected animal. Confirmation is by identification of Kyasanur Forest disease virus in a serum sample.",KFD - [ Kyasanur Forest disease]; monkey fever; monkey sickness,,[]
Forest,http://id.who.int/icd/entity/1285909913,Taï Forest virus,,Côte d'Ivoire ebolavirus,,[]
Forest,http://id.who.int/icd/entity/56696690,Barmah Forest virus,,,,[]
Forest,http://id.who.int/icd/entity/239620085,Taï Forest virus disease,,,,[]
Forest,http://id.who.int/icd/entity/223424034,Semliki Forest virus,,,,[]
Forest,http://id.who.int/icd/entity/903359149,Kyasanur Forest disease virus,,,,[]
Forest,http://id.who.int/icd/entity/1618976346,Forest fire,,fire in forest; exposure to forest fire,,[]
Forest,http://id.who.int/icd/entity/1284860297,Australian forest scorpion venom,,wood scorpion venom,,[]
Forest,http://id.who.int/icd/entity/251180839,Black emperor scorpion venom,,Asian forest scorpion venom,,[]
Forest,http://id.who.int/icd/entity/36782335,Far Eastern tick-borne encephalitis,,encephalitis due to Far Eastern tick-borne encephalitis virus; Far Eastern encephalitis; forest-spring encephalitis; taiga encephalitis; Russian spring-summer encephalitis,,[]
Forest,http://id.who.int/icd/entity/911211398,Barmah Forest virus fever,,,,[]
Forest,http://id.who.int/icd/entity/1248982672,Kyasanur forest disease encephalitis,,,,[]
Forest,http://id.who.int/icd/entity/172302617,Giant forest scorpion venom,,giant blue scorpion venom,,[]
Island,http://id.who.int/icd/entity/828784486,Pancreatic islets,,Endocrine pancreas; Islands of Langerhans; Islets of Langerhans,,[]
Island,http://id.who.int/icd/entity/691645577,Insula,,Island of Reil,,[]
Island,http://id.who.int/icd/entity/2025088146,Åland Island eye disease,"Åland Island Eye Disease (AIED) is an X-linked recessive retinal disease characterised by fundus hypopigmentation, decreased visual acuity, nystagmus, astigmatism, progressive axial myopia, defective dark adaptation and protanopia.",,,[]
Island,http://id.who.int/icd/entity/1477542199,Margarita island ectodermal dysplasia,,,,[]
Desert,http://id.who.int/icd/entity/1110009697,Desert,,,,[]
Desert,http://id.who.int/icd/entity/1194276488,Assault by abandonment,,desertion,,[]
Desert,http://id.who.int/icd/entity/844275673,Land forms,"Features of the landscape, such as mountains, hills, valleys plains, plateaus, and deserts.",,,[]
Desert,http://id.who.int/icd/entity/1598340346,Jatropha macrorhiza plant,,Arizona desert potato; desert potato,,[]
Desert,http://id.who.int/icd/entity/1367598280,Acute pulmonary coccidioidomycosis,"Forty per cent of coccidioidal infections result in symptomatic pulmonary disease that may be indistinguishable from a bacterial community-acquired pneumonia. Radiographically these are usually focal alveolar infiltrates. Infection may be associated with the development of a rash, particularly erythema nodosum and erythema multiforme. Occasionally, there may be symmetric arthralgias or arthritis. Peripheral blood eosinophilia is not uncommon. Acute primary pulmonary coccidioidomycosis, particularly when associated with erythema nodosum and/or erythema multiforme, is frequently called ""Valley fever."" When associated with arthralgias or arthritis, it has been termed ""desert rheumatism.""",desert fever; desert rheumatism; San Joaquin fever; San Joaquin valley fever; valley fever; primary pulmonary coccidioidomycosis; pulmonary coccidioidomycosis NOS,,[]
Desert,http://id.who.int/icd/entity/1250159671,Desert viper snake venom,,Daboia deserti venom,,[]
Desert,http://id.who.int/icd/entity/1691933410,Australian desert scorpion venom,,,,[]
Desert,http://id.who.int/icd/entity/441464436,Colorado River toad toxin,,Sonoran desert toad toxin; Sonoran desert toad poison; Colorado River toad poison,,[]
Desert,http://id.who.int/icd/entity/1423492171,Texas redheaded centipede venom,,giant desert centipede venom,,[]
Swamp,http://id.who.int/icd/entity/2068957729,Marsh or swamp,,,,[]
Swamp,http://id.who.int/icd/entity/751399056,Leptospirosis,"A disease caused by an infection with the gram-negative bacteria Leptospira. In the first phase, this disease is characterised by generalised illness (fever, chills, or myalgias) or individuals may be asymptomatic; in the second phase, the heart, liver, kidneys, or brain may be affected by the infection (symptoms are dependent on the site affected). Transmission is by ingestion of contaminated food or water, droplet transmission, or direct cutaneous contact. Confirmation is by identification of Leptospira in samples from the affected individual.",Nanukayami disease; Nanukayami fever; seven-day fever; EIA - [equine infectious anaemia]; mud fever; swamp fever,,[]
Swamp,http://id.who.int/icd/entity/1183588196,"Body of water, swamp, marsh, estuary",,,,[]
Swamp,http://id.who.int/icd/entity/1562822130,Hovercraft operating on land or swamp as counterpart in land transport crash,,,,[]
Swamp,http://id.who.int/icd/entity/558597499,Hovercraft operating on land or swamp as mode of transport of person injured in transport related event,,,,[]
Mine,http://id.who.int/icd/entity/1839509209,Mine or quarry,,stone quarries,,[]
Mine,http://id.who.int/icd/entity/1683201114,Coal-car in mine,,,,[]
Mine,http://id.who.int/icd/entity/1236566458,"Economic activity, mining, quarrying, or extraction",,,,[]
Mine,http://id.who.int/icd/entity/802843546,"Tram, truck, or tub in mine or quarry",,,,[]
Mine,http://id.who.int/icd/entity/1440647483,Explosion of mine after cessation of armed conflict,,,,[]
Mine,http://id.who.int/icd/entity/171818674,Explosion of depth-charge or marine mine during armed conflict,,,,[]
Tunnel,http://id.who.int/icd/entity/652000933,Necatoriasis,"A disease caused by an infection with the parasitic worm Necator americanus. This disease is characterised by pruritus at the site of larval penetration. In mild infections, this disease may be asymptomatic; in moderate to severe infections, this disease may present with cough, pharyngeal irritation during larval migration in airways, iron-deficiency anaemia, abdominal pain, nausea, arthralgia, or delayed development (mental or physical). Transmission is by direct contact with larvae from soil or sand contaminated with dog or cat faeces (by percutaneous migration of larvae). Confirmation is by identification of Necator americanus in a faecal sample.",miner's anaemia; negro cachexia; dochmiasis; ground itch disease; brickmaker's chlorosis; coolie itch anaemia; cachexia aquosa; dew itch anaemia; brickmaker's anaemia; tunnel worker's anaemia; Egyptian anaemia; tunnel worker's disease; miner's cachexia; Greisinger disease; tropical chlorosis; Egyptian chlorosis; tunnel anaemia; dochmiosis; necatorosis; African cachexia; water itch anaemia; Infection due to Necator americanus; St Gotthard disease; Gotthard tunnel disease,,[]
Tunnel,http://id.who.int/icd/entity/1456103224,Carpal tunnel,,Carpal Canal,,[]
Tunnel,http://id.who.int/icd/entity/1275186848,Carpal tunnel syndrome,A compression neuropathy due to entrapment of the median nerve within the carpal tunnel at the wrist.,,,[]
Tunnel,http://id.who.int/icd/entity/854657246,Tarsal tunnel syndrome,,Compression of posterior tibial nerve in tarsal tunnel,,[]
Tunnel,http://id.who.int/icd/entity/470594532,Aortoventricular tunnel,A congenital cardiovascular malformation in which there is a paravalvar communication between the aorta and a ventricle.,ventriculo-aortic tunnel; aortico-ventricular tunnel; aorto-ventricular tunnel,,[]
Tunnel,http://id.who.int/icd/entity/1781288740,Aorto-left ventricular tunnel,A congenital cardiovascular malformation in which there is a paravalvar communication between the ascending aorta and the left ventricle.,aorta-left ventricle tunnel,,[]
Tunnel,http://id.who.int/icd/entity/1166626076,Aorto-right ventricular tunnel,A congenital cardiovascular malformation in which there is a paravalvar communication between the ascending aorta and the right ventricle.,aorto-right ventricle tunnel,,[]
Tunnel,http://id.who.int/icd/entity/190565750,"Cardiovascular devices associated with injury or harm, central venous catheter",,injury or harm associated with central line; injury or harm associated with tunneled catheter; injury or harm associated with PICC - [peripherally inserted central line]; injury or harm associated with implanted port,,[]
Tunnel,http://id.who.int/icd/entity/1686811780,Ulnar nerve cubital tunnel syndrome,,,,[]
Tunnel,http://id.who.int/icd/entity/1732462765,Acquired narrowing of constructed cardiac intraventricular tunnel,Impeded or blocked flow in an intraventricular tunnel due to narrowing or stenosis.,,,[]
Tunnel,http://id.who.int/icd/entity/159716932,Subaortic stenosis due to fibromuscular tunnel,A congenital cardiovascular malformation in which there is a long-segment fibrous and/or muscular subaortic stenosis.,diffuse fibromuscular subaortic obstruction,,[]
Tunnel,http://id.who.int/icd/entity/34112626,"Dependence on renal dialysis, acute haemodialysis, acute intermittent haemodialysis with cuffed haemodialysis catheter",,"haemodialysis catheter, NOS; tunnelled haemodialysis catheter",,[]
Tunnel,http://id.who.int/icd/entity/1441846330,"Infant or child product, play tent, tunnel, or other enclosure",,,,[]
Tunnel,http://id.who.int/icd/entity/585097934,"Dependence on renal dialysis, acute haemodialysis, other, with cuffed haemodialysis catheter",,"dependence on renal dialysis, acute haemodialysis, other, with cuffed tunnelled haemodialysis catheter",,[]
Tunnel,http://id.who.int/icd/entity/169338961,"Dependence on renal dialysis, chronic haemodialysis, other, with cuffed haemodialysis catheter",,"dependence on renal dialysis, chronic haemodialysis, other, with cuffed tunnelled haemodialysis catheter",,[]
Tunnel,http://id.who.int/icd/entity/1066228303,"Dependence on renal dialysis, chronic haemodialysis, frequent chronic haemodialysis with cuffed haemodialysis catheter",,"dependence on renal dialysis, chronic haemodialysis, frequent chronic haemodialysis with cuffed tunnelled haemodialysis catheter",,[]
Tunnel,http://id.who.int/icd/entity/1299732238,"Dependence on renal dialysis, chronic haemodialysis, standard chronic haemodialysis with cuffed haemodialysis catheter",,"dependence on renal dialysis, chronic haemodialysis, standard chronic haemodialysis with cuffed tunnelled haemodialysis catheter",,[]
Tunnel,http://id.who.int/icd/entity/771440351,"Dependence on renal dialysis, acute haemodialysis, continuous haemodiafiltration with cuffed haemodialysis catheter",,"dependence on renal dialysis, acute haemodialysis, continuous haemodiafiltration with cuffed haemodialysis catheter NOS; dependence on renal dialysis, acute haemodialysis, continuous haemodiafiltration with cuffed haemodialysis catheter, tunnelled",,[]
Tunnel,http://id.who.int/icd/entity/1810631203,"Dependence on renal dialysis, acute haemodialysis, continuous haemofiltration with cuffed haemodialysis catheter",,"dependence on renal dialysis, acute haemodialysis, continuous haemofiltration with cuffed tunnelled, haemodialysis catheter",,[]
Tunnel,http://id.who.int/icd/entity/951511679,"Dependence on renal dialysis, acute haemodialysis, slow long efficiency dialysis with cuffed haemodialysis catheter",,"dependence on renal dialysis, acute haemodialysis, slow long efficiency dialysis with cuffed haemodialysis catheter, tunnelled",,[]
River,http://id.who.int/icd/entity/628816665,Surface fresh water bodies,"Features of the waterscape, such as lakes, ponds, rivers and streams.",,,[]
River,http://id.who.int/icd/entity/2016767558,Blue River virus,,,,[]
River,http://id.who.int/icd/entity/1085418398,Ross River disease,"A disease caused by an infection with Ross River disease virus. This disease is characterised by arthralgia, with or without arthritis. This disease may also present with fever, fatigue, headache, swollen glands, arthralgia, or maculopapular rash commonly affecting the limbs and trunks. Transmission is through the bite of an infected mosquito. Confirmation is by detection of IgM or IgG anti-Ross River disease virus antibodies in a serum sample.",Epidemic polyarthritis and exanthema; Ross River fever; epidemic australian polyarthritis; Ross River disorder; Ross River mosquito-borne viral fever; RR - [Ross River] fever; epidemic polyarthritis,,[]
River,http://id.who.int/icd/entity/125842620,Onchocerciasis of the eye,"A disease of the eye, caused by an infection with the parasitic worm Onchocerca volvulus. This disease is characterised by transient punctate keratitis, or potentially blinding conditions (such as sclerosing keratitis, iridocyclitis, or optic atrophy). Transmission is through the bite of an infected Simulium fly. Confirmation is by identification of Onchocerca volvulus from the anterior chamber of the eye.",Onchophthalmia; River blindness; River valley blindness; Ocular onchocerciasis,,[]
River,http://id.who.int/icd/entity/330008260,Ross River virus,,,,[]
River,http://id.who.int/icd/entity/1944023677,"Body of water, river, stream",,,,[]
River,http://id.who.int/icd/entity/1695340384,Typhus fever due to Orientia tsutsugamushi,,Tsutsugamushi fever; kedani fever; mite-borne typhus; mite-borne typhus due to rickettsia tsutsugamushi; scrub typhus; tsutsugamushi; tsutsugamushi disease; Scrub mite-borne typhus; sumatran mite fever; Japanese river fever; kedani typhus; rickettsia tsutsugamushi rickettsiosis; sumatran mite typhus; tropical typhus; Japanese typhus,,[]
River,http://id.who.int/icd/entity/441464436,Colorado River toad toxin,,Sonoran desert toad toxin; Sonoran desert toad poison; Colorado River toad poison,,[]
River,http://id.who.int/icd/entity/1040970454,Murray Valley encephalitis,"A disease of the brain, caused by an infection with Murray Valley encephalitis virus. This disease is characterised by fever, headache, nausea, vomiting, tiredness, or may be asymptomatic. Severe cases may present with confusion, fatigue, lack of coordination, or encephalitis. Transmission is through the bite of an infected mosquito. Confirmation is by detection of anti-Murray Valley encephalitis antibodies in a serum sample.",encephalitis australia; murray river encephalitis; Australian encephalitis; Australian arboencephalitis; Australian X disease; Australian x disorder; MVE - [murray valley encephalitis],,[]
River,http://id.who.int/icd/entity/962430732,"Type of sport or exercise activity, river rafting",,,,[]
River,http://id.who.int/icd/entity/1368954017,Ferry used for short trips across closed waters,,Ferry used for short trips across small lakes; Ferry used for short trips across minor rivers,,[]
River,http://id.who.int/icd/entity/1478052163,Accidental drowning or submersion in river,,,,[]
Lake,http://id.who.int/icd/entity/628816665,Surface fresh water bodies,"Features of the waterscape, such as lakes, ponds, rivers and streams.",,,[]
Lake,http://id.who.int/icd/entity/444441893,Venous lake,,,,[]
Lake,http://id.who.int/icd/entity/945194429,"Body of water, dam, lake",,,,[]
Lake,http://id.who.int/icd/entity/644311522,Accidental drowning or submersion in lake,,,,[]
Lake,http://id.who.int/icd/entity/1368954017,Ferry used for short trips across closed waters,,Ferry used for short trips across small lakes; Ferry used for short trips across minor rivers,,[]
Helicopter,http://id.who.int/icd/entity/1939068166,Helicopter,,,,[]
Helicopter,http://id.who.int/icd/entity/471265261,Helicopter accident injuring occupant,,,,[]
Helicopter,http://id.who.int/icd/entity/1081038327,Helicopter as mode of transport of person injured in transport related event,,,,[]
Military aircraft,http://id.who.int/icd/entity/230502299,Military fixed-wing powered aircraft,,,,[]
Military aircraft,http://id.who.int/icd/entity/610968651,"Attack on or destruction of aircraft during armed conflict due to collision with other aircraft, military personnel",,,,[]
Military aircraft,http://id.who.int/icd/entity/1589778652,"Attack on or destruction of aircraft during armed conflict due to enemy fire or explosives, military personnel",,,,[]
Fishing watercraft,http://id.who.int/icd/entity/923706360,"Unintentional water transport injury event with water vessel damaged, disabled or destroyed, causing other injury, fishing boat",,"accident to watercraft causing other injury, fishing boat",,[]
Fishing watercraft,http://id.who.int/icd/entity/737569657,"Unintentional water transport injury event with water vessel damaged, disabled or destroyed, causing submersion or drowning, fishing boat",,"accident to watercraft causing drowning and submersion, fishing boat",,[]
Fishing watercraft,http://id.who.int/icd/entity/914949064,"Unintentional water transport injury event with water vessel not damaged, disabled or destroyed, causing submersion or drowning, fishing boat",,"Water-transport-related drowning and submersion without accident to watercraft, fishing boat",,[]
Fishing watercraft,http://id.who.int/icd/entity/712100679,"Unintentional water transport injury event with water vessel not damaged, disabled or destroyed, causing other injury, fishing boat",,"accident on board watercraft without accident to watercraft, not causing drowning and submersion, fishing boat",,[]
Submersible,http://id.who.int/icd/entity/1369717987,Drowning or nonfatal submersion,,submersion; Immersion,,[]
Submersible,http://id.who.int/icd/entity/989856314,Drowning,,fatal submersion; drowned,,[]
Submersible,http://id.who.int/icd/entity/734698384,Nonfatal submersion,,near drowning,,[]
Submersible,http://id.who.int/icd/entity/406207542,"Assault by immersion, submersion or falling into water",,assault by submersion; assault by drowning; assault by drowning or submersion,,[]
Submersible,http://id.who.int/icd/entity/352713514,Asphyxiation by drowning,,drowning asphyxia; submersion asphyxia; suffocation due to drowning; asphyxia due to drowning,,[]
Submersible,http://id.who.int/icd/entity/497764339,"Unintentional immersion, submersion or falling into water",,Unintentional drowning or submersion NOS; drowning NOS; accidental drowning,,[]
Submersible,http://id.who.int/icd/entity/1536505450,"Drowning and submersion, undetermined intent",,,,[]
Submersible,http://id.who.int/icd/entity/1728015115,Accidental drowning or submersion in stream,,,,[]
Submersible,http://id.who.int/icd/entity/1478052163,Accidental drowning or submersion in river,,,,[]
Submersible,http://id.who.int/icd/entity/1538046562,"Unintentional water transport injury event with water vessel damaged, disabled or destroyed, causing submersion or drowning",,Accident to watercraft causing drowning and submersion; drowning and submersion due to boat sinking,,[]
Submersible,http://id.who.int/icd/entity/1373420882,"Unintentional water transport injury event with water vessel damaged, disabled or destroyed, causing submersion or drowning, unspecified watercraft",,"accident to watercraft causing drowning and submersion, unspecified watercraft; accident to watercraft causing drowning and submersion, boat NOS; accident to watercraft causing drowning and submersion, ship NOS; accident to watercraft causing drowning and submersion, watercraft NOS",,[]
Submersible,http://id.who.int/icd/entity/644311522,Accidental drowning or submersion in lake,,,,[]
Submersible,http://id.who.int/icd/entity/2096460380,Drowning and submersion while in natural water,,,,[]
Submersible,http://id.who.int/icd/entity/1117679527,"Unintentional drowning or submersion, while in body of water",,,,[]
Submersible,http://id.who.int/icd/entity/452003984,Intentional self-harm by drowning or submersion in bathtub,,,,[]
Submersible,http://id.who.int/icd/entity/1691855500,Drowning and submersion while in swimming-pool,,drowning in swimming pool,,[]
Submersible,http://id.who.int/icd/entity/618209013,Intentional self-harm by drowning or submersion in natural water,,,,[]
Submersible,http://id.who.int/icd/entity/615930198,Drowning or submersion while in body of water with undetermined intent,,,,[]
Submersible,http://id.who.int/icd/entity/110221965,"Drowning or submersion while in unspecified body of water, undetermined intent",,,,[]
Submersible,http://id.who.int/icd/entity/27716904,"Drowning or submersion while in bathtub, undetermined intent",,,,[]
Submersible,http://id.who.int/icd/entity/1321051885,"Unintentional water transport injury event with water vessel damaged, disabled or destroyed, causing submersion or drowning, other powered watercraft",,"accident to watercraft causing drowning and submersion, other powered watercraft",,[]
Submersible,http://id.who.int/icd/entity/1028863353,"Unintentional water transport injury event with water vessel damaged, disabled or destroyed, causing submersion or drowning, sailboat",,"accident to watercraft causing drowning and submersion, sailboat",,[]
Submersible,http://id.who.int/icd/entity/1966159847,Drowning and submersion while in bath-tub,,,,[]
Submersible,http://id.who.int/icd/entity/1625836624,"Unintentional drowning or submersion, while in body of water, natural water",,,,[]
Submersible,http://id.who.int/icd/entity/322925214,"Exposure to drowning or submersion, while in body of water",,,,[]
Submersible,http://id.who.int/icd/entity/904575765,"Drowning or submersion while in natural water, undetermined intent",,,,[]
Submersible,http://id.who.int/icd/entity/882340036,"Unintentional water transport injury event with water vessel damaged, disabled or destroyed, causing submersion or drowning, other unpowered watercraft",,"accident to watercraft causing drowning and submersion, other unpowered watercraft",,[]
Submersible,http://id.who.int/icd/entity/1953425906,"Drowning or submersion while in other specified body of water, undetermined intent",,,,[]
Submersible,http://id.who.int/icd/entity/2107933048,Intentional self-harm by drowning or submersion while in body of water,,,,[]
Submersible,http://id.who.int/icd/entity/739286127,Intentional self-harm by drowning or submersion in swimming pool,,,,[]
Submersible,http://id.who.int/icd/entity/61486114,Accidental drowning or submersion in open sea,,,,[]
Submersible,http://id.who.int/icd/entity/1241408902,"Unintentional water transport injury event with water vessel damaged, disabled or destroyed, causing submersion or drowning, water-skis",,"accident to watercraft causing drowning and submersion, water-skis",,[]
Submersible,http://id.who.int/icd/entity/1053705041,"Unintentional drowning or submersion, while in body of water, bathtub",,,,[]
Submersible,http://id.who.int/icd/entity/1246373641,"Unintentional water transport injury event with water vessel not damaged, disabled or destroyed, causing submersion or drowning",,water-transport-related drowning and submersion without accident to watercraft,,[]
Submersible,http://id.who.int/icd/entity/1285805551,"Unintentional water transport injury event with water vessel not damaged, disabled or destroyed, causing submersion or drowning, unspecified watercraft",,"water-transport-related drowning and submersion without accident to watercraft, unspecified watercraft; water-transport-related drowning and submersion without accident to watercraft, boat NOS; water-transport-related drowning and submersion without accident to watercraft NOS; water-transport-related drowning and submersion without accident to watercraft, ship NOS",,[]
Submersible,http://id.who.int/icd/entity/1599814536,"Unintentional water transport injury event with water vessel damaged, disabled or destroyed, causing submersion or drowning, passenger ship",,"Accident to watercraft causing drowning and submersion, passenger ship",,[]
Submersible,http://id.who.int/icd/entity/737569657,"Unintentional water transport injury event with water vessel damaged, disabled or destroyed, causing submersion or drowning, fishing boat",,"accident to watercraft causing drowning and submersion, fishing boat",,[]
Submersible,http://id.who.int/icd/entity/2054134267,"Assault by drowning or submersion, while in body of water",,,,[]
Submersible,http://id.who.int/icd/entity/1109463697,"Assault by drowning or submersion, while in bathtub",,,,[]
Submersible,http://id.who.int/icd/entity/974190098,"Unintentional water transport injury event with water vessel damaged, disabled or destroyed, causing submersion or drowning, merchant ship",,"Accident to watercraft causing drowning and submersion, merchant ship",,[]
Submersible,http://id.who.int/icd/entity/927431113,"Drowning or submersion while in swimming pool, undetermined intent",,,,[]
Submersible,http://id.who.int/icd/entity/788654749,"Unintentional water transport injury event with water vessel not damaged, disabled or destroyed, causing other injury",,"Accident on board watercraft without accident to watercraft, not causing drowning and submersion",,[]
Submersible,http://id.who.int/icd/entity/1348148590,"Unintentional water transport injury event with water vessel not damaged, disabled or destroyed, causing other injury, unspecified watercraft",,"accident on board watercraft without accident to watercraft, not causing drowning and submersion, unspecified watercraft; accident on board watercraft without accident to watercraft, not causing drowning and submersion, Watercraft NOS; accident on board watercraft without accident to watercraft, not causing drowning and submersion, boat NOS; accident on board watercraft without accident to watercraft, not causing drowning and submersion, ship NOS",,[]
Submersible,http://id.who.int/icd/entity/1478031597,"Unintentional water transport injury event with water vessel damaged, disabled or destroyed, causing submersion or drowning, canoe or kayak",,"accident to watercraft causing drowning and submersion, canoe or kayak",,[]
Submersible,http://id.who.int/icd/entity/478106729,Drowning or submersion as a result of accidentally being washed overboard,,,,[]
Submersible,http://id.who.int/icd/entity/1633106942,"Assault by drowning or submersion, while in natural body of water",,,,[]
Submersible,http://id.who.int/icd/entity/1366249276,"Unintentional drowning or submersion, while in body of water, swimming pool",,,,[]
Submersible,http://id.who.int/icd/entity/1417743673,"Unintentional water transport injury event with water vessel not damaged, disabled or destroyed, causing submersion or drowning, water-skis",,"water-transport-related drowning and submersion without accident to watercraft, water-skis",,[]
Submersible,http://id.who.int/icd/entity/1958774384,"Assault by drowning or submersion, while in swimming pool",,,,[]
Submersible,http://id.who.int/icd/entity/1090285825,Drowning and submersion following fall into natural water,,,,[]
Submarine,http://id.who.int/icd/entity/722031640,Submarine or related craft,,,,[]
Submarine,http://id.who.int/icd/entity/965022387,Submarine as mode of transport of person injured in transport related event,,,,[]
Roof,http://id.who.int/icd/entity/1855032483,Orbital roof,,,,[]
Roof,http://id.who.int/icd/entity/70261446,Palate,,"Mouth - palate; Roof of mouth; Palate, NOS",,[]
Roof,http://id.who.int/icd/entity/175109207,Fracture of orbital roof,,,,[]
Roof,http://id.who.int/icd/entity/1881533064,Malignant neoplasms of palate,,hard palate cancer; primary malignant neoplasm of hard palate; primary malignant neoplasm of soft palate; soft palate cancer; uvular cancer; primary malignant neoplasm of uvula; cancer of palate; primary malignant neoplasm of palate; malignant tumour of palate; malignant tumour of roof of mouth; malignant neoplasm of upper or lower labial sulcus,,[]
Roof,http://id.who.int/icd/entity/1846018499,Superior wall of nasopharynx,,Roof of nasopharynx,,[]
Roof,http://id.who.int/icd/entity/546326103,Unintentional fall from roof,,,,[]
Roof,http://id.who.int/icd/entity/847229948,Fall from or through roof,,,,[]
Roof,http://id.who.int/icd/entity/1202188564,Carcinoma in situ of roof of mouth,,,,[]
Roof,http://id.who.int/icd/entity/1849238165,Benign tumour of roof of mouth,,,,[]
Roof,http://id.who.int/icd/entity/566120423,Unintentional fall through roof,,,,[]
Roof,http://id.who.int/icd/entity/547578362,Malignant neoplasms of nasopharynx,"A wide variety of tumours can arise in the nasopharynx, but it is nasopharyngeal carcinoma that has fascinated generations of oncologists, pathologists, scientists and epidemiologists. It shows marked geographic differences, with highest incidence rates in Southern China. In some endemic areas, the incidence has declined by about 30% over the years 2000-2020, suggesting that environmental or lifestyle factors may play a major role and that the disease is, to some extent, preventable. 
Nasopharyngeal carcinoma shows a very strong association with Epstein-Barr virus (EBV) infection, irrespective of the ethnic origin of the patients. This association has pioneered a new paradigm of utilizing viral serological tests for the diagnosis of cancer and for screening in high-risk populations. Nasopharyngeal carcinoma is generally responsive to radiation therapy, and the clinical outcome has greatly improved over the years, due to refinements in staging and to improved therapy protocols. The unusual and often deceptive histological features of nasopharyngeal carcinoma have generated controversies over the nature of the tumour and still pose a challenge to surgical pathologists. There have possibly been more names invented for the various histological subtypes of nasopharyngeal carcinoma than any other tumour type.",nasopharyngeal cancer; primary malignant neoplasm of superior wall of nasopharynx; malignant neoplasm of roof of nasopharynx; primary malignant neoplasm of posterior wall of nasopharynx; primary malignant neoplasm of lateral wall of nasopharynx; malignant neoplasm of fossa of Rosenmüller; malignant neoplasm of pharyngeal recess; malignant neoplasm of opening of auditory tube; malignant neoplasm of anterior wall of nasopharynx; malignant neoplasm of floor of nasopharynx; malignant tumour of anterior wall of nasopharynx; malignant neoplasm of anterior or posterior surface of nasopharyngeal soft palate; malignant neoplasm of posterior margin of nasal choana; malignant neoplasm of posterior margin of nasal septum; malignant neoplasm of nasopharyngeal wall NOS; malignant tumour of epipharynx; malignant tumour of postnasal space,,[]
Roof,http://id.who.int/icd/entity/1176143217,Benign neoplasm of nasopharyngeal roof,,benign tumour of roof of nasopharynx,,[]
Roof,http://id.who.int/icd/entity/213240825,Person being transported by a vehicle and occupying space on the roof injured in transport related event,,,,[]
Driveway,http://id.who.int/icd/entity/362702124,"Part of building or grounds, driveway",,"Part of building or grounds, laneway",,[]
Driveway,http://id.who.int/icd/entity/1202200635,Taking care of walkways and driveways,"Taking care of domestic pathways such as walkways and driveways or entrances to houses (covered or uncovered) for example removing snow, leaves, rubble or sand from enrances as well as spreading sand or other material.",,,[]
Sports and Entertainment,http://id.who.int/icd/entity/830452744,"Type of sport or exercise activity, professional wrestling - entertainment style",,,,[]
Square,http://id.who.int/icd/entity/637779994,Macrosquare-wave jerks,,"Square-wave pulses, >0.5 degrees",,[]
Square,http://id.who.int/icd/entity/156510987,"Square-wave jerks, 0.1-0.4 degrees",,,,[]
Walkway,http://id.who.int/icd/entity/1202200635,Taking care of walkways and driveways,"Taking care of domestic pathways such as walkways and driveways or entrances to houses (covered or uncovered) for example removing snow, leaves, rubble or sand from enrances as well as spreading sand or other material.",,,[]
Agricultural land,http://id.who.int/icd/entity/667693441,Agricultural tractor as counterpart in land transport crash,,,,[]
Agricultural land,http://id.who.int/icd/entity/419014753,Special vehicle mainly used in agriculture as counterpart in land transport crash,"A motor vehicle designed specifically for use in farming and agriculture (horticulture), for example to work the land, tend and harvest crops and transport materials on the farm.",,,[]
Agricultural land,http://id.who.int/icd/entity/207247135,Self-propelled agricultural machine as counterpart in land transport crash,,,,[]
Agricultural land,http://id.who.int/icd/entity/187314448,Unintentional land transport traffic event injuring a user of a special vehicle mainly used in agriculture,,occupant of special vehicle mainly used in agriculture injured in transport accident; Special-agricultural-vehicle accident NOS,,[]
Agricultural land,http://id.who.int/icd/entity/648672667,Unintentional land transport nontraffic event injuring a user of a special vehicle mainly used in agriculture,,,,[]
Agricultural land,http://id.who.int/icd/entity/24783331,Land transport traffic injury event of undetermined intent injuring a user of a special vehicle mainly used in agriculture,,,,[]
Agricultural land,http://id.who.int/icd/entity/650926840,Land transport nontraffic injury event of undetermined intent injuring a user of a special vehicle mainly used in agriculture,,,,[]
Agricultural land,http://id.who.int/icd/entity/548807869,Unintentional land transport event unknown whether traffic or nontraffic injuring an occupant of a special vehicle mainly used in agriculture,,,,[]
Agricultural land,http://id.who.int/icd/entity/759116234,"Assault by land transport traffic event injuring occupant of special vehicle mainly used in agriculture, except tractor",,,,[]
Agricultural land,http://id.who.int/icd/entity/952555827,"Land transport injury event of undetermined intent, unknown whether road traffic or off-road nontraffic injuring a user of a special vehicle mainly used in agriculture",,,,[]
Dam,http://id.who.int/icd/entity/1712732076,Lacrimation disorder (TM2),,(a) srāvaḥ (b) Nīr vari (c) Dam‘a,,[]
Dam,http://id.who.int/icd/entity/1415223757,Impairment of Dam disorder (TM2),,(c) Fasād al-Dam,,[]
Dam,http://id.who.int/icd/entity/1165413146,Predominance of Dam pattern (TM2),,(c) Ghalaba’-i-Dam,,[]
Dam,http://id.who.int/icd/entity/782160949,Haematuria disorder (TM2),,(a) lohitamehaḥ (b) Aẕal Nīrccurukku (c) Bawl al-Dam,,[]
Dam,http://id.who.int/icd/entity/964148685,Hematidrosis disorder (TM2),,(c) ‘Araq al-Dam,,[]
Dam,http://id.who.int/icd/entity/207332989,Blood deficiency pattern (TM2),,(c) qellat-e khoon; (c) Qilla al-Dam,,[]
Dam,http://id.who.int/icd/entity/2107857855,Haemoptysis disorder (TM2),,(c) Nafth al-Dam,,[]
Dam,http://id.who.int/icd/entity/2027662198,Haematemesis disorder (TM2),,(b) Kuruti vānti (c) Qay’ al-Dam,,[]
Dam,http://id.who.int/icd/entity/114688273,Blood thinning pattern (TM2),,(c) reqqat-e khoon; (c) Riqqa al-Dam,,[]
Dam,http://id.who.int/icd/entity/704508337,Blood thickening pattern (TM2),,(c) ghelzat-e khoon; (c) Ghilẓa al-Dam,,[]
Dam,http://id.who.int/icd/entity/149303363,Blood hyperviscosity pattern (TM2),,(c) lozoujat-e khoon; (c) Luzūja al-Dam,,[]
Dam,http://id.who.int/icd/entity/583544121,Anaemia disorder (TM2),,(a) pāṇḍurogaḥ (b) Veḷuppu nōy (c) Faqr al-Dam; (b) Veluppu Noi,,[]
Dam,http://id.who.int/icd/entity/945194429,"Body of water, dam, lake",,,,[]
Dam,http://id.who.int/icd/entity/758529335,Dam predominant temperament pattern (TM2),,(c) Damawī al-Mizāj; Hot and moist temperament pattern (TM2); (c) Mizāj Ḥārr Ratb,,[]
Dam,http://id.who.int/icd/entity/1858547413,Depressive disorder due to derangement of Dam (TM2),,(c) Mālankhūliyā Damawī,,[]
Dam,http://id.who.int/icd/entity/1098064076,Fever disorder due to derangement of Dam (TM2),,(c) Ḥummā Muṭbiqa,,[]
Dam,http://id.who.int/icd/entity/395977566,Hepatitis disorder due to derangement of Dam (TM2),,(c) Waram al-Kabid Damawī,,[]
Dam,http://id.who.int/icd/entity/644256033,Conjunctivitis derangement of Dam disorder (TM2),,(c) Ramad Damawī,,[]
Dam,http://id.who.int/icd/entity/473685200,Headache due to derangement of Dam disorder (TM2),,(c) Ṣudā‘ Damawī,,[]
Dam,http://id.who.int/icd/entity/90350814,Gastritis disorder due to derangement of Dam (TM2),,(c) Waram al-Mi‘da Damawī,,[]
Dam,http://id.who.int/icd/entity/693681130,Stomatitis disorder due to derangement of Dam (TM2),,(c) Qulā‘ Damawī,,[]
Dam,http://id.who.int/icd/entity/923427820,Hypersomnia disorder due to derangement of Dam (TM2),,(c) Subāt Damawī,,[]
Dam,http://id.who.int/icd/entity/1131878079,Nightmare disorder due to derangement of Dam (TM2),,(c) Kābūs Damawī,,[]
Dam,http://id.who.int/icd/entity/1923091717,Uvulitis due to derangement of Dam disorder (TM2),,(c) Waram-i-Lahāt Damawī,,[]
Dam,http://id.who.int/icd/entity/1120356705,Vertigo and giddiness due to Dam disorder (TM2),,(c) Sadr-o-Duwār Dimāghī Damawī,,[]
Forest,http://id.who.int/icd/entity/1426129825,Forest,,,,[]
Forest,http://id.who.int/icd/entity/1288604967,Kyasanur Forest disease,"A disease caused by an infection with Kyasanur Forest disease virus. This disease commonly presents with fever, chills, headache, muscle pain and vomiting, or gastrointestinal symptoms and bleeding. This disease may also present with neurological manifestations such as a severe headache, mental disturbances, tremors, or vision deficits. Transmission is through the bite of an infected tick or by direct contact with an infected animal. Confirmation is by identification of Kyasanur Forest disease virus in a serum sample.",KFD - [ Kyasanur Forest disease]; monkey fever; monkey sickness,,[]
Forest,http://id.who.int/icd/entity/1285909913,Taï Forest virus,,Côte d'Ivoire ebolavirus,,[]
Forest,http://id.who.int/icd/entity/56696690,Barmah Forest virus,,,,[]
Forest,http://id.who.int/icd/entity/239620085,Taï Forest virus disease,,,,[]
Forest,http://id.who.int/icd/entity/223424034,Semliki Forest virus,,,,[]
Forest,http://id.who.int/icd/entity/903359149,Kyasanur Forest disease virus,,,,[]
Forest,http://id.who.int/icd/entity/1618976346,Forest fire,,fire in forest; exposure to forest fire,,[]
Forest,http://id.who.int/icd/entity/1284860297,Australian forest scorpion venom,,wood scorpion venom,,[]
Forest,http://id.who.int/icd/entity/251180839,Black emperor scorpion venom,,Asian forest scorpion venom,,[]
Forest,http://id.who.int/icd/entity/36782335,Far Eastern tick-borne encephalitis,,encephalitis due to Far Eastern tick-borne encephalitis virus; Far Eastern encephalitis; forest-spring encephalitis; taiga encephalitis; Russian spring-summer encephalitis,,[]
Forest,http://id.who.int/icd/entity/911211398,Barmah Forest virus fever,,,,[]
Forest,http://id.who.int/icd/entity/1248982672,Kyasanur forest disease encephalitis,,,,[]
Forest,http://id.who.int/icd/entity/172302617,Giant forest scorpion venom,,giant blue scorpion venom,,[]
Island,http://id.who.int/icd/entity/828784486,Pancreatic islets,,Endocrine pancreas; Islands of Langerhans; Islets of Langerhans,,[]
Island,http://id.who.int/icd/entity/691645577,Insula,,Island of Reil,,[]
Island,http://id.who.int/icd/entity/2025088146,Åland Island eye disease,"Åland Island Eye Disease (AIED) is an X-linked recessive retinal disease characterised by fundus hypopigmentation, decreased visual acuity, nystagmus, astigmatism, progressive axial myopia, defective dark adaptation and protanopia.",,,[]
Island,http://id.who.int/icd/entity/1477542199,Margarita island ectodermal dysplasia,,,,[]
Desert,http://id.who.int/icd/entity/1110009697,Desert,,,,[]
Desert,http://id.who.int/icd/entity/1194276488,Assault by abandonment,,desertion,,[]
Desert,http://id.who.int/icd/entity/844275673,Land forms,"Features of the landscape, such as mountains, hills, valleys plains, plateaus, and deserts.",,,[]
Desert,http://id.who.int/icd/entity/1598340346,Jatropha macrorhiza plant,,Arizona desert potato; desert potato,,[]
Desert,http://id.who.int/icd/entity/1367598280,Acute pulmonary coccidioidomycosis,"Forty per cent of coccidioidal infections result in symptomatic pulmonary disease that may be indistinguishable from a bacterial community-acquired pneumonia. Radiographically these are usually focal alveolar infiltrates. Infection may be associated with the development of a rash, particularly erythema nodosum and erythema multiforme. Occasionally, there may be symmetric arthralgias or arthritis. Peripheral blood eosinophilia is not uncommon. Acute primary pulmonary coccidioidomycosis, particularly when associated with erythema nodosum and/or erythema multiforme, is frequently called ""Valley fever."" When associated with arthralgias or arthritis, it has been termed ""desert rheumatism.""",desert fever; desert rheumatism; San Joaquin fever; San Joaquin valley fever; valley fever; primary pulmonary coccidioidomycosis; pulmonary coccidioidomycosis NOS,,[]
Desert,http://id.who.int/icd/entity/1250159671,Desert viper snake venom,,Daboia deserti venom,,[]
Desert,http://id.who.int/icd/entity/1691933410,Australian desert scorpion venom,,,,[]
Desert,http://id.who.int/icd/entity/441464436,Colorado River toad toxin,,Sonoran desert toad toxin; Sonoran desert toad poison; Colorado River toad poison,,[]
Desert,http://id.who.int/icd/entity/1423492171,Texas redheaded centipede venom,,giant desert centipede venom,,[]
Swamp,http://id.who.int/icd/entity/2068957729,Marsh or swamp,,,,[]
Swamp,http://id.who.int/icd/entity/751399056,Leptospirosis,"A disease caused by an infection with the gram-negative bacteria Leptospira. In the first phase, this disease is characterised by generalised illness (fever, chills, or myalgias) or individuals may be asymptomatic; in the second phase, the heart, liver, kidneys, or brain may be affected by the infection (symptoms are dependent on the site affected). Transmission is by ingestion of contaminated food or water, droplet transmission, or direct cutaneous contact. Confirmation is by identification of Leptospira in samples from the affected individual.",Nanukayami disease; Nanukayami fever; seven-day fever; EIA - [equine infectious anaemia]; mud fever; swamp fever,,[]
Swamp,http://id.who.int/icd/entity/1183588196,"Body of water, swamp, marsh, estuary",,,,[]
Swamp,http://id.who.int/icd/entity/1562822130,Hovercraft operating on land or swamp as counterpart in land transport crash,,,,[]
Swamp,http://id.who.int/icd/entity/558597499,Hovercraft operating on land or swamp as mode of transport of person injured in transport related event,,,,[]
Mine,http://id.who.int/icd/entity/1839509209,Mine or quarry,,stone quarries,,[]
Mine,http://id.who.int/icd/entity/1683201114,Coal-car in mine,,,,[]
Mine,http://id.who.int/icd/entity/1236566458,"Economic activity, mining, quarrying, or extraction",,,,[]
Mine,http://id.who.int/icd/entity/802843546,"Tram, truck, or tub in mine or quarry",,,,[]
Mine,http://id.who.int/icd/entity/1440647483,Explosion of mine after cessation of armed conflict,,,,[]
Mine,http://id.who.int/icd/entity/171818674,Explosion of depth-charge or marine mine during armed conflict,,,,[]
Tunnel,http://id.who.int/icd/entity/652000933,Necatoriasis,"A disease caused by an infection with the parasitic worm Necator americanus. This disease is characterised by pruritus at the site of larval penetration. In mild infections, this disease may be asymptomatic; in moderate to severe infections, this disease may present with cough, pharyngeal irritation during larval migration in airways, iron-deficiency anaemia, abdominal pain, nausea, arthralgia, or delayed development (mental or physical). Transmission is by direct contact with larvae from soil or sand contaminated with dog or cat faeces (by percutaneous migration of larvae). Confirmation is by identification of Necator americanus in a faecal sample.",miner's anaemia; negro cachexia; dochmiasis; ground itch disease; brickmaker's chlorosis; coolie itch anaemia; cachexia aquosa; dew itch anaemia; brickmaker's anaemia; tunnel worker's anaemia; Egyptian anaemia; tunnel worker's disease; miner's cachexia; Greisinger disease; tropical chlorosis; Egyptian chlorosis; tunnel anaemia; dochmiosis; necatorosis; African cachexia; water itch anaemia; Infection due to Necator americanus; St Gotthard disease; Gotthard tunnel disease,,[]
Tunnel,http://id.who.int/icd/entity/1456103224,Carpal tunnel,,Carpal Canal,,[]
Tunnel,http://id.who.int/icd/entity/1275186848,Carpal tunnel syndrome,A compression neuropathy due to entrapment of the median nerve within the carpal tunnel at the wrist.,,,[]
Tunnel,http://id.who.int/icd/entity/854657246,Tarsal tunnel syndrome,,Compression of posterior tibial nerve in tarsal tunnel,,[]
Tunnel,http://id.who.int/icd/entity/470594532,Aortoventricular tunnel,A congenital cardiovascular malformation in which there is a paravalvar communication between the aorta and a ventricle.,ventriculo-aortic tunnel; aortico-ventricular tunnel; aorto-ventricular tunnel,,[]
Tunnel,http://id.who.int/icd/entity/1781288740,Aorto-left ventricular tunnel,A congenital cardiovascular malformation in which there is a paravalvar communication between the ascending aorta and the left ventricle.,aorta-left ventricle tunnel,,[]
Tunnel,http://id.who.int/icd/entity/1166626076,Aorto-right ventricular tunnel,A congenital cardiovascular malformation in which there is a paravalvar communication between the ascending aorta and the right ventricle.,aorto-right ventricle tunnel,,[]
Tunnel,http://id.who.int/icd/entity/190565750,"Cardiovascular devices associated with injury or harm, central venous catheter",,injury or harm associated with central line; injury or harm associated with tunneled catheter; injury or harm associated with PICC - [peripherally inserted central line]; injury or harm associated with implanted port,,[]
Tunnel,http://id.who.int/icd/entity/1686811780,Ulnar nerve cubital tunnel syndrome,,,,[]
Tunnel,http://id.who.int/icd/entity/1732462765,Acquired narrowing of constructed cardiac intraventricular tunnel,Impeded or blocked flow in an intraventricular tunnel due to narrowing or stenosis.,,,[]
Tunnel,http://id.who.int/icd/entity/159716932,Subaortic stenosis due to fibromuscular tunnel,A congenital cardiovascular malformation in which there is a long-segment fibrous and/or muscular subaortic stenosis.,diffuse fibromuscular subaortic obstruction,,[]
Tunnel,http://id.who.int/icd/entity/34112626,"Dependence on renal dialysis, acute haemodialysis, acute intermittent haemodialysis with cuffed haemodialysis catheter",,"haemodialysis catheter, NOS; tunnelled haemodialysis catheter",,[]
Tunnel,http://id.who.int/icd/entity/1441846330,"Infant or child product, play tent, tunnel, or other enclosure",,,,[]
Tunnel,http://id.who.int/icd/entity/585097934,"Dependence on renal dialysis, acute haemodialysis, other, with cuffed haemodialysis catheter",,"dependence on renal dialysis, acute haemodialysis, other, with cuffed tunnelled haemodialysis catheter",,[]
Tunnel,http://id.who.int/icd/entity/169338961,"Dependence on renal dialysis, chronic haemodialysis, other, with cuffed haemodialysis catheter",,"dependence on renal dialysis, chronic haemodialysis, other, with cuffed tunnelled haemodialysis catheter",,[]
Tunnel,http://id.who.int/icd/entity/1066228303,"Dependence on renal dialysis, chronic haemodialysis, frequent chronic haemodialysis with cuffed haemodialysis catheter",,"dependence on renal dialysis, chronic haemodialysis, frequent chronic haemodialysis with cuffed tunnelled haemodialysis catheter",,[]
Tunnel,http://id.who.int/icd/entity/1299732238,"Dependence on renal dialysis, chronic haemodialysis, standard chronic haemodialysis with cuffed haemodialysis catheter",,"dependence on renal dialysis, chronic haemodialysis, standard chronic haemodialysis with cuffed tunnelled haemodialysis catheter",,[]
Tunnel,http://id.who.int/icd/entity/771440351,"Dependence on renal dialysis, acute haemodialysis, continuous haemodiafiltration with cuffed haemodialysis catheter",,"dependence on renal dialysis, acute haemodialysis, continuous haemodiafiltration with cuffed haemodialysis catheter NOS; dependence on renal dialysis, acute haemodialysis, continuous haemodiafiltration with cuffed haemodialysis catheter, tunnelled",,[]
Tunnel,http://id.who.int/icd/entity/1810631203,"Dependence on renal dialysis, acute haemodialysis, continuous haemofiltration with cuffed haemodialysis catheter",,"dependence on renal dialysis, acute haemodialysis, continuous haemofiltration with cuffed tunnelled, haemodialysis catheter",,[]
Tunnel,http://id.who.int/icd/entity/951511679,"Dependence on renal dialysis, acute haemodialysis, slow long efficiency dialysis with cuffed haemodialysis catheter",,"dependence on renal dialysis, acute haemodialysis, slow long efficiency dialysis with cuffed haemodialysis catheter, tunnelled",,[]
River,http://id.who.int/icd/entity/628816665,Surface fresh water bodies,"Features of the waterscape, such as lakes, ponds, rivers and streams.",,,[]
River,http://id.who.int/icd/entity/2016767558,Blue River virus,,,,[]
River,http://id.who.int/icd/entity/1085418398,Ross River disease,"A disease caused by an infection with Ross River disease virus. This disease is characterised by arthralgia, with or without arthritis. This disease may also present with fever, fatigue, headache, swollen glands, arthralgia, or maculopapular rash commonly affecting the limbs and trunks. Transmission is through the bite of an infected mosquito. Confirmation is by detection of IgM or IgG anti-Ross River disease virus antibodies in a serum sample.",Epidemic polyarthritis and exanthema; Ross River fever; epidemic australian polyarthritis; Ross River disorder; Ross River mosquito-borne viral fever; RR - [Ross River] fever; epidemic polyarthritis,,[]
River,http://id.who.int/icd/entity/125842620,Onchocerciasis of the eye,"A disease of the eye, caused by an infection with the parasitic worm Onchocerca volvulus. This disease is characterised by transient punctate keratitis, or potentially blinding conditions (such as sclerosing keratitis, iridocyclitis, or optic atrophy). Transmission is through the bite of an infected Simulium fly. Confirmation is by identification of Onchocerca volvulus from the anterior chamber of the eye.",Onchophthalmia; River blindness; River valley blindness; Ocular onchocerciasis,,[]
River,http://id.who.int/icd/entity/330008260,Ross River virus,,,,[]
River,http://id.who.int/icd/entity/1944023677,"Body of water, river, stream",,,,[]
River,http://id.who.int/icd/entity/1695340384,Typhus fever due to Orientia tsutsugamushi,,Tsutsugamushi fever; kedani fever; mite-borne typhus; mite-borne typhus due to rickettsia tsutsugamushi; scrub typhus; tsutsugamushi; tsutsugamushi disease; Scrub mite-borne typhus; sumatran mite fever; Japanese river fever; kedani typhus; rickettsia tsutsugamushi rickettsiosis; sumatran mite typhus; tropical typhus; Japanese typhus,,[]
River,http://id.who.int/icd/entity/441464436,Colorado River toad toxin,,Sonoran desert toad toxin; Sonoran desert toad poison; Colorado River toad poison,,[]
River,http://id.who.int/icd/entity/1040970454,Murray Valley encephalitis,"A disease of the brain, caused by an infection with Murray Valley encephalitis virus. This disease is characterised by fever, headache, nausea, vomiting, tiredness, or may be asymptomatic. Severe cases may present with confusion, fatigue, lack of coordination, or encephalitis. Transmission is through the bite of an infected mosquito. Confirmation is by detection of anti-Murray Valley encephalitis antibodies in a serum sample.",encephalitis australia; murray river encephalitis; Australian encephalitis; Australian arboencephalitis; Australian X disease; Australian x disorder; MVE - [murray valley encephalitis],,[]
River,http://id.who.int/icd/entity/962430732,"Type of sport or exercise activity, river rafting",,,,[]
River,http://id.who.int/icd/entity/1368954017,Ferry used for short trips across closed waters,,Ferry used for short trips across small lakes; Ferry used for short trips across minor rivers,,[]
River,http://id.who.int/icd/entity/1478052163,Accidental drowning or submersion in river,,,,[]
Lake,http://id.who.int/icd/entity/628816665,Surface fresh water bodies,"Features of the waterscape, such as lakes, ponds, rivers and streams.",,,[]
Lake,http://id.who.int/icd/entity/444441893,Venous lake,,,,[]
Lake,http://id.who.int/icd/entity/945194429,"Body of water, dam, lake",,,,[]
Lake,http://id.who.int/icd/entity/644311522,Accidental drowning or submersion in lake,,,,[]
Lake,http://id.who.int/icd/entity/1368954017,Ferry used for short trips across closed waters,,Ferry used for short trips across small lakes; Ferry used for short trips across minor rivers,,[]
Detached house,http://id.who.int/icd/entity/1894348690,Detached house,,,,[]
Terrace house,http://id.who.int/icd/entity/1234295506,Terrace house or row house,,,,[]
Mobile home,http://id.who.int/icd/entity/742974610,"Residential caravan, mobile home, houseboat or motor home",,,,[]
Office building,http://id.who.int/icd/entity/320923239,Office building,,,,[]
Office building,http://id.who.int/icd/entity/231870651,"Part of building or grounds, office or home office",,,,[]
School,http://id.who.int/icd/entity/1825534373,Primary school,,elementary school; middle school,,[]
School,http://id.who.int/icd/entity/152457189,Secondary school,,high school,,[]
School,http://id.who.int/icd/entity/794521535,School education,"Gaining admission to school, education, engaging in all school-related responsibilities and privileges, and learning the course material, subjects and other curriculum requirements in a primary or secondary education programme, including attending school regularly, working cooperatively with other students, taking directions from teachers, organizing, studying and completing assigned tasks and projects, and advancing to other stages of education.",Engaging in school education,,[]
School,http://id.who.int/icd/entity/1699549262,Problem associated with education unavailable or unattainable,,schooling unavailable; schooling unattainable,,[]
School,http://id.who.int/icd/entity/672210322,School or educational area,,,,[]
School,http://id.who.int/icd/entity/1957399845,Underachievement in school,,problem of underachievement in school; lack of achievement in school,,[]
School,http://id.who.int/icd/entity/2088979863,Dissatisfaction with school environment,,educational maladjustment,,[]
School,http://id.who.int/icd/entity/1796014959,Examination for admission to educational institution,,medical examination for admission to school; examination for admission to preschool; medical examination of preschool children for admission to school,,[]
School,http://id.who.int/icd/entity/189753060,Other school-related recreational activities,,,,[]
School,http://id.who.int/icd/entity/1020014935,Preschool education,"Learning at an initial level of organized instruction, designed primarily to introduce a child to the school-type environment and prepare him/her for compulsory education, such as to choose a school-type environment, to engage in pre-school programme of activities in order to acquire skills in a day-care or similar setting as preparation for advancement to school.",Engaging in preschool education,,[]
School,http://id.who.int/icd/entity/473076349,Routine medical examination of schoolchildren,,,,[]
School,http://id.who.int/icd/entity/1120699819,"Physical education class, school sports",,,,[]
School,http://id.who.int/icd/entity/2078741861,Preschool or kindergarten,,,,[]
School,http://id.who.int/icd/entity/819952132,Difficulties in daily work or school [WHODAS],"Because of your health condition, in the past 30 days, how much difficulty did you have in your day to day work/school?",,,[]
School,http://id.who.int/icd/entity/524784957,"Type of sport or exercise activity, school free play",,,,[]
School,http://id.who.int/icd/entity/36553225,Routine medical examination of preschool children,,,,[]
School,http://id.who.int/icd/entity/641677437,"Type of sport or exercise activity, school physical education class",,,,[]
School,http://id.who.int/icd/entity/2029206140,"Proximal risk factors for intentional self-harm, School-related problem",,,,[]
School,http://id.who.int/icd/entity/729565689,"Severe wasting in infants, children or adolescents","For children aged 0 to 5 years (0 to 60 completed months), severe wasting is defined as weight-for-length/height or body mass index (BMI)-for-age less than -3 standard deviations of the median (z-score) of the WHO Child Growth Standards. In the percentile system this corresponds to less than percentile 0.1.

For children aged 5 to 19 years (61 to 228 completed months), severe wasting is defined as body mass index (BMI)-for-age less than -3 standard deviations of the median (z-score) of the WHO Growth Reference for School-aged Children and Adolescents. In the percentile system this corresponds to less than percentile 0.1.",severe acute undernutrition; severe thinness in school-aged children and adolescents; emaciation; extreme wasting,,[]
School,http://id.who.int/icd/entity/1703971915,Doing most important work or school task [WHODAS],"Because of your health condition, in the past 30 days, how much difficulty did you have in doing your most important work/school tasks well?",,,[]
School,http://id.who.int/icd/entity/1446778854,"Moderate wasting in infants, children or adolescents","For children aged 0 to 5 years (0 to 60 completed months), moderate wasting is defined as weight-for-length/height or body mass index (BMI)-for-age less than -2 and greater or equal than -3 standard deviations of the median (z-score) of the WHO Child Growth Standards. In the percentile system this corresponds to less than percentile 2.3 and greater or equal than percentile 0.1.

For children aged 5 to 19 years (61 to 228 completed months), moderate wasting is defined as body mass index (BMI)-for-age less than -2 and greater or equal than -3 standard deviations of the median (z-score) of the WHO Growth Reference for School-aged Children and Adolescents. In the percentile system this corresponds to less than percentile 2.3 and greater or equal than percentile 0.1.",moderate thinness in school-aged children and adolescents; Moderate acute undernutrition,,[]
School,http://id.who.int/icd/entity/1906066673,Getting all needed work or school work done [WHODAS],"Because of your health condition, in the past 30 days, how much difficulty did you have in getting all the work done that you need to do?",,,[]
School,http://id.who.int/icd/entity/1000930983,Problems related to living in residential institution,,medical counselling of institutional resident; medical counselling of boarding school resident,,[]
School,http://id.who.int/icd/entity/1903803489,Getting remunerative work or school work done quickly [WHODAS],"Because of your health condition, in the past 30 days, how much difficulty did you have in getting your work done as quickly as needed?",,,[]
School,http://id.who.int/icd/entity/1428847289,Educational activity,,"paid engagement in educational activity; activities as student or pupil of school, college, university or other educational institution",,[]
School,http://id.who.int/icd/entity/709011242,"Overweight in school-aged children or adolescents, 5 to 19 years","Children aged 5 to 19 years (61 to 228 completed months) are overweight if body mass index (BMI)-for-age is above 1 and less than or equal to 2 standard deviations of the median (z-score) of the WHO Growth Reference for School-aged Children and Adolescents [http://www.who.int/growthref/en]. In the percentile system this corresponds to above percentile 84.1 and less than or equal to percentile 97.7.

Body mass index (BMI) is calculated as weight (kg) divided by length/height² (m²).

At 19 years, 1 standard deviation above the median (z-score) coincides with the adult definition of overweight (BMI of 25 kg/m²).",,,[]
School,http://id.who.int/icd/entity/352616014,Obesity in school-aged children or adolescents from 5 to 19 years,"Children aged 5 to 19 years (61 to 228 completed months) have obesity if body mass index (BMI)-for-age is above 2 standard deviations of the median (z-score) of the WHO Growth Reference for School-aged Children and Adolescents. In the percentile system this corresponds to above percentile 97.7.

The level of obesity should be considered severe when BMI-for-age is above 3 standard deviations.

Body mass index (BMI) is calculated as weight (kg) divided by length/height² (m²).

At 19 years, 2 standard deviations above the median (z-score) coincide with the adult definition of obesity (BMI of 30 kg/m²).",,,[]
University/college,http://id.who.int/icd/entity/507390757,College or university,,,,[]
University/college,http://id.who.int/icd/entity/1428847289,Educational activity,,"paid engagement in educational activity; activities as student or pupil of school, college, university or other educational institution",,[]
Hospital,http://id.who.int/icd/entity/2125227683,Hospital,,,,[]
Hospital,http://id.who.int/icd/entity/53410898,In-hospital,,,,[]
Hospital,http://id.who.int/icd/entity/1674014893,Nosocomial,,Hospital-acquired,,[]
Hospital,http://id.who.int/icd/entity/391771100,Out-of-hospital,,,,[]
Hospital,http://id.who.int/icd/entity/1192033408,"Twin, born in hospital",,"twin liveborn infant born in hospital; newborn twin, born in hospital",,[]
Hospital,http://id.who.int/icd/entity/866233471,"Singleton, born in hospital",,liveborn infant born in hospital; newborn born in hospital,,[]
Hospital,http://id.who.int/icd/entity/887254804,"Twin, born outside hospital",,liveborn infant twin born outside hospital; newborn twin born outside hospital,,[]
Hospital,http://id.who.int/icd/entity/1363622909,Fall in health care,,fall in hospital,,[]
Hospital,http://id.who.int/icd/entity/1458201067,"Singleton, born outside hospital",,liveborn infant born outside hospital; newborn born outside hospital,,[]
Hospital,http://id.who.int/icd/entity/621081215,"Multiple other than twins, born in hospital",,multiple newborn born in hospital,,[]
Hospital,http://id.who.int/icd/entity/863363439,Nosocomially acquired pneumonia,,nosocomial pneumonia; hospital acquired pneumonia,,[]
Hospital,http://id.who.int/icd/entity/103149021,Person awaiting admission to acute hospital,,,,[]
Hospital,http://id.who.int/icd/entity/1078935531,"Multiple other than twins, born outside hospital",,multiple newborn born outside hospital,,[]
Hospital,http://id.who.int/icd/entity/872308459,Postpartum care after hospital delivery,,,,[]
Hospital,http://id.who.int/icd/entity/365144407,General hospital or personal use devices associated with injury or harm,,,,[]
Hospital,http://id.who.int/icd/entity/1635908992,Fall from stretcher in health care or hospital,,,,[]
Hospital,http://id.who.int/icd/entity/1006610887,Fall from hospital bed,,,,[]
Hospital,http://id.who.int/icd/entity/565313736,"General hospital or personal use devices associated with injury or harm, mobility devices",,,,[]
Hospital,http://id.who.int/icd/entity/1366483877,"General hospital or personal use devices associated with injury or harm, cautery device",,,,[]
Hospital,http://id.who.int/icd/entity/1397986370,"Postpartum care after planned, out of hospital delivery",,,,[]
Hospital,http://id.who.int/icd/entity/1564207544,Skin infection classified elsewhere due to hospital-acquired methicillin resistant Staphylococcus aureus,,Skin infection classified elsewhere due to hospital-acquired MRSA,,[]
Hospital,http://id.who.int/icd/entity/833889024,"General hospital or personal use devices associated with injury or harm, glucometer",,,,[]
Hospital,http://id.who.int/icd/entity/1357893838,Asymptomatic skin colonization by hospital-acquired methicillin resistant Staphylococcus aureus,,Asymptomatic skin colonization by hospital-acquired MRSA,,[]
Hospital,http://id.who.int/icd/entity/883510800,"General hospital or personal use devices associated with injury or harm, suture material",,,,[]
Hospital,http://id.who.int/icd/entity/1870333865,"General hospital or personal use devices associated with injury or harm, diagnostic or monitoring devices",,,,[]
Hospital,http://id.who.int/icd/entity/867964427,"Postpartum care after unplanned, out of hospital delivery",,,,[]
Hospital,http://id.who.int/icd/entity/885918513,Fall from chair in health care or hospital,,,,[]
Hospital,http://id.who.int/icd/entity/1643938175,"General hospital or personal use devices associated with injury or harm, miscellaneous devices, not elsewhere classified",,,,[]
Hospital,http://id.who.int/icd/entity/2068086293,"General hospital or personal use devices associated with injury or harm, monitoring cameras",,,,[]
Hospital,http://id.who.int/icd/entity/467031896,"General hospital or personal use devices associated with injury or harm, surgical instruments, materials or devices",General hospital and personal-use related surgical instruments like materials and devices (including sutures) were involved in an adverse related incident,,,[]
Hospital,http://id.who.int/icd/entity/993625196,"General hospital or personal use devices associated with injury or harm, blood pressure cuff",,,,[]
Hospital,http://id.who.int/icd/entity/732010502,"General hospital or personal use devices associated with injury or harm, robotic surgery equipment",,,,[]
Hospital,http://id.who.int/icd/entity/2124257986,"General hospital or personal use devices associated with injury or harm, prosthetic or other implants, materials or accessory devices","General hospital and personal-use related prosthetic and other implants, materials and accessory devices were involved in an adverse related incident",,,[]
Hospital,http://id.who.int/icd/entity/823366514,"General hospital or personal use devices associated with injury or harm, INR rapid testing monitors",,,,[]
Hospital,http://id.who.int/icd/entity/1532556473,"General hospital or personal use devices associated with injury or harm, misuse of deambulator or walker support",,,,[]
Hospital,http://id.who.int/icd/entity/170969661,"General hospital or personal use devices associated with injury or harm, therapeutic, nonsurgical or rehabilitative devices",A general hospital and personal-use device was involved in an adverse incident that occurred in a therapeutic (nonsurgical) and rehabilitative task,,,[]
Hospital,http://id.who.int/icd/entity/1596578041,"General hospital or personal use devices associated with injury or harm, misplacement of intravenous catheter resulting in “paravenous” administration of chemotherapy",,,,[]
Outpatient clinic,http://id.who.int/icd/entity/353376435,Unavailability of outpatient clinic,,,,[]
Outpatient clinic,http://id.who.int/icd/entity/1205128163,Outpatient clinic or health centre,,,,[]
Health professionals' office,http://id.who.int/icd/entity/1358737187,Health professionals' office,,,,[]
Factory,http://id.who.int/icd/entity/142446745,Factory or plant,,,,[]
Factory,http://id.who.int/icd/entity/224336967,Anaemias or other erythrocyte disorders,,"anaemia NOS; anaemic condition NOS; primary anaemia NOS; multifactorial anaemia NOS; anaemic NOS; unspecified erythrocyte disorder; Anaemia, unspecified; chronic anaemia",,[]
Factory,http://id.who.int/icd/entity/1939815950,Mycoses,,fungal infection of unspecified site; mycosis; alternaria infection; opportunistic mycoses; hemisporosis; tea taster's cough; tea-makers' asthma; tea-factory cough; mycotic disease,,[]
Factory,http://id.who.int/icd/entity/2043344688,Pruritus of multifactorial aetiology,"Pruritus due to two or more identified diseases/factors (e.g., chronic kidney disease and dry skin).",,,[]
Factory,http://id.who.int/icd/entity/1971950106,Pulmonary hypertension with multifactorial mechanism,,,,[]
Silo,http://id.who.int/icd/entity/1960063586,Silo filler disease,,Silo-filler's disease,,[]
Prison,http://id.who.int/icd/entity/1209988682,Prison,,,,[]
Prison,http://id.who.int/icd/entity/877604268,Examination for admission to prison,,medical examination for admission to prison; medical examination of prisoners for entrance into prison,,[]
Prison,http://id.who.int/icd/entity/1794240741,Routine medical examination of prisoners,,,,[]
Prison,http://id.who.int/icd/entity/567158242,Problem associated with release from prison,,problem related to release from prison,,[]
Prison,http://id.who.int/icd/entity/1495157188,"Insufficient social welfare support, post prison services",,inadequate post prison services support; insufficient post prison services support,,[]
Prison,http://id.who.int/icd/entity/3341420,"Perpetrator-victim relationship, prisoner or detainee",,,,[]
Prison,http://id.who.int/icd/entity/1753456363,"Type of legal intervention, handling, transporting, or custody of prisoner",,,,[]
Airport,http://id.who.int/icd/entity/1011692914,Battery-powered airport passenger vehicle,,,,[]
Public religious place,http://id.who.int/icd/entity/1078675662,Public religious place,,,,[]
Living room,http://id.who.int/icd/entity/1180428155,"Part of building or grounds, living room",,,,[]
Bedroom,http://id.who.int/icd/entity/595777851,"Part of building or grounds, bedroom",,,,[]
Dining room,http://id.who.int/icd/entity/1032355857,Dining room or kitchen table,,,,[]
Balcony,http://id.who.int/icd/entity/863976524,Moving around within the home,"Walking and moving around in one's home, within a room, between rooms, and around the whole residence or living area.",,,[]
Balcony,http://id.who.int/icd/entity/783808261,"Part of building or grounds, balcony",,,,[]
Balcony,http://id.who.int/icd/entity/669650876,"Fall from, out of or through balcony",,,,[]
Corridor,http://id.who.int/icd/entity/1228928556,"Part of building or grounds, corridor",,,,[]
Stairs,http://id.who.int/icd/entity/1021954298,"Stairs, steps",,,,[]
Stairs,http://id.who.int/icd/entity/1735344044,"Part of building or grounds, stairs",,,,[]
Stairs,http://id.who.int/icd/entity/1993770860,Going up and down stairs,Moving upwards and downwards so that at least one foot is always on the ground such as ascending and descending stairs or curbs.,,,[]
Stairs,http://id.who.int/icd/entity/2061105633,Fall or jump of undetermined intent from stairs or steps,,fall down stairs NOS; fell down stairs; fall down steps,,[]
Stairs,http://id.who.int/icd/entity/1796392726,Unintentional fall involving stairs and steps,,fall on or from stairs and steps,,[]
Stairs,http://id.who.int/icd/entity/441317559,Intentional self-harm by fall or jump from stairs or steps,,,,[]
Stairs,http://id.who.int/icd/entity/1270589394,Fall involving ice or snow on stairs and steps,,,,[]
Stairs,http://id.who.int/icd/entity/1377090014,Unintentional water transport injury event due to fall on stairs or ladders in watercraft,,,,[]
Elevator,http://id.who.int/icd/entity/1059562290,Elevated mood,A positive mood state typically characterised by increased energy and self-esteem which may be out of proportion to the individual's life circumstances.,,,[]
Elevator,http://id.who.int/icd/entity/2023062398,Hyperlipoproteinaemia,Disorders of lipoprotein metabolism that result in high levels of lipoproteins in the circulating blood,Hyperlipidaemia; hyperlipemia; lipemia; hyperlipidaemia NOS; elevated lipids; hyperlipoproteinemia NOS; lipemic; lipoproteinemia; lipidaemia; lipoidaemia,,[]
Elevator,http://id.who.int/icd/entity/93414842,"Lift, elevator",,,,[]
Elevator,http://id.who.int/icd/entity/2145207011,Prostate specific antigen positive,,PSA - [prostate specific antigen]; elevated PSA; increased prostatic specific antigen; Abnormality of prostate-specific antigen [PSA]; Elevated prostate specific antigen,,[]
Elevator,http://id.who.int/icd/entity/915343154,Fever of other or unknown origin,"An abnormal elevation of body temperature of unknown origin, often as a result of a pathologic process.","febrile; febris; fever; feverish; high body temperature; hyperthermia; hyperthermic; increased body temperature; pyrexia; fever NOS; raised body temperature; Pyrexia NOS; ephemeral fever; elevated body temperature; FUO - [fever of unknown origin]; hyperpyrexia; Hyperpyrexia NOS; hyperpyrexia of unknown origin; malignant hyperthermia; PUO - [pyrexia of unknown origin]; fever, unspecified; intermittent fever of unknown origin",,[]
Elevator,http://id.who.int/icd/entity/1648183157,Eventration of diaphragm,,diaphragm elevation; high diaphragm,,[]
Elevator,http://id.who.int/icd/entity/761947693,Essential hypertension,"Essential (primary) hypertension, accounting for 95% of all cases of hypertension, is defined as high blood pressure for which a secondary cause cannot be found.",idiopathic hypertension; primary hypertension; systemic primary arterial hypertension; HBP - [high blood pressure]; systemic arterial hypertensive disorder; high blood pressure; elevated blood pressure; arterial hypertension NOS; hypertension NOS; benign hypertension; systemic arterial hypertension; Systemic hypertension; artery HTN; benign HTN - [hypertension]; vascular HTN; vascular hypertension; cholesterol hypertension; cholesterol HTN; idiopathic HTN; Malignant hypertension; malignant HTN - [hypertension]; raised blood pressure; cardiovascular hypertension; primary HTN - [hypertension]; high arterial tension; high blood pressure disorder; HT - [hypertension]; HTN - [hypertension]; hyperpiesia; hypertensive vascular disease; hypertensive vascular degeneration,,[]
Elevator,http://id.who.int/icd/entity/885246206,Hypercalcaemia,"Hypercalcaemia is a condition caused by increased calcium levels. The higher the calcium levels and the faster its level rises, the more severe will be the symptoms. When present, symptoms are caused by dehydration secondary to urinary losses of calcium, water and other electrolytes, and to an increase in membrane potential caused by the elevation in extracellular fluid ionized calcium concentration. Patients with moderate to severe hypercalcaemia often complain of nausea and vomiting, symptoms likely related to dehydration as well as to the effects of the hypercalcaemia on central nervous system function. Because hypercalcaemia tends to hyperpolarize membranes, a range of neurologic and neuromuscular signs and symptoms can occur. Patients with mild hypercalcaemia often complain of fatigue, depressed mood and asthenia. Gastrointestinal motility is impaired; this commonly results in constipation.",Calcium excess; elevated serum calcium; hypercalcaemic crisis; hypercalcaemic syndrome; Burnett syndrome; milk-alkali syndrome,,[]
Elevator,http://id.who.int/icd/entity/1451058270,Elevated fracture,,,,[]
Elevator,http://id.who.int/icd/entity/1877346353,Impaired fasting glucose,Impaired fasting tolerance is a metabolic disorder with Fasting Plasma Glucose (FPG) 110–125 mg/dl (6.1–6.9 mmol/l).,IFG - [impaired fasting glucose]; impaired fasting glycaemia; elevated fasting glucose; high fasting blood sugar,,[]
Elevator,http://id.who.int/icd/entity/1861896171,Elevated erythrocyte sedimentation rate,,elevated sedimentation rate; raised ESR - [erythrocyte sedimentation rate]; increased erythrocyte sedimentation rate; increased red blood cell sedimentation rate,,[]
Elevator,http://id.who.int/icd/entity/1520461647,Congenitally elevated optic disc,,,,[]
Elevator,http://id.who.int/icd/entity/206313225,Elevated urine levels of steroids,,,,[]
Elevator,http://id.who.int/icd/entity/1647137957,Elevated work platform,,,,[]
Elevator,http://id.who.int/icd/entity/307705857,Elevated blood glucose level,,high blood sugar; increased blood glucose level; hyperglycaemia NOS,,[]
Elevator,http://id.who.int/icd/entity/1883724652,"Part of building or grounds, elevator",,,,[]
Elevator,http://id.who.int/icd/entity/1842978338,Disorders of tyrosine metabolism,,disturbance of tyrosine metabolism; elevated tyrosine blood level; excessive accumulation of tyrosine in tissue; tyrosinuria,,[]
Elevator,http://id.who.int/icd/entity/925785183,Increased intracranial pressure,"An increase in pressure within the skull caused by changes in the volumes of the intracranial components, such as brain matter, CSF and blood, or by the presence of a pathological mass entity.",raised intracranial pressure; elevated intracranial pressure; increased intracranium pressure; increased ICP - [intracranial pressure],,[]
Elevator,http://id.who.int/icd/entity/2110388186,Elevated urine levels of catecholamines,,,,[]
Elevator,http://id.who.int/icd/entity/391388807,Acute ST elevation myocardial infarction,"ST elevation myocardial infarction (STEMI) is an acute myocardial infarction with developing ST elevation in two contiguous leads of the electrocardiogram. The criteria of ST elevation are as follows: New ST elevation at the J point in two contiguous leads where these cut points apply: 0.2mV in men > 40 years, > 0.25mV in men < 40 years, and > 0.15 mV in women.",Acute ST segment elevation myocardial infarction; STEMI - [ST elevation myocardial infarction]; ST elevation myocardial infarction; ST elevation MI [myocardial infarction],,[]
Elevator,http://id.who.int/icd/entity/1923299435,Elevated hepatic enzymes in unspecified cystic fibrosis,,,,[]
Elevator,http://id.who.int/icd/entity/194998466,Congenital monocular elevator palsy,,Double elevator palsy,,[]
Elevator,http://id.who.int/icd/entity/577058754,Elevated digestive power pattern (TM2),,(a) tīkṣṇāgniḥ,,[]
Elevator,http://id.who.int/icd/entity/1281050160,Monocular elevator palsy,"Monocular elevator palsy is an incomplete or absent movement of one eye in upgaze. May be due to pathology in the orbit, as well as infranuclear, internuclear, or supranuclear in origin.",,,[]
Elevator,http://id.who.int/icd/entity/1401866267,"Subsequent myocardial infarction, ST elevation myocardial infarction","Extension or recurrent myocardial infarction. This category should be assigned for infarction of any myocardial site, occurring within 4 weeks (28 days) from onset of a previous infarction. This most commonly results from total occlusion of the culprit coronary artery.",subsequent ST segment elevation myocardial infarction; subsequent STEMI - [ST elevation myocardial infarction],,[]
Elevator,http://id.who.int/icd/entity/244762378,Hypertensive emergency,"A hypertensive emergency is an acute, marked elevation in blood pressure that is associated with signs of target-organ damage. These can include pulmonary edema, cardiac ischemia, neurologic deficits, acute renal failure, aortic dissection, and eclampsia.",hypertensive crisis with acute organ damage; severely elevated blood pressure with acute organ damage,,[]
Elevator,http://id.who.int/icd/entity/815670637,Idiopathic intracranial hypertension,"This is a syndrome of elevated pressure inside the brain, in the absence of a mass lesion, venous thrombosis and abnormalities of the brain parenchyma. It is associated with several aetiological factors including weight gain, iron deficiency, endocrine abnormalities and medications. Clinical features include headaches, visual disturbances and papilloedema.",benign intracranial hypertension; intracranial hypertension; intracranial HTN - [hypertension]; BIH - [benign intracranial hypertension]; pseudotumor cerebri; brain HTN - [hypertension]; cerebral hypertensive disease; malignant intracranial HTN [hypertension]; malignant intracranial pressure elevation; idiopathic intracranial hypertension - [IIH],,[]
Elevator,http://id.who.int/icd/entity/680129526,Acute non-ST elevation myocardial infarction,,Acute non ST segment elevation myocardial infarction; NSTEMI - [non ST elevation myocardial infarction]; non systolic time elevation myocardial infarction; non q wave myocardial infarction; non STEMI - [non ST elevation myocardial infarction],,[]
Elevator,http://id.who.int/icd/entity/801539496,Elevated papule disorder (TM2),,"(a) andhālajī, (a) antrālajī",,[]
Elevator,http://id.who.int/icd/entity/1887214457,Elevated white blood cell count,,increased white blood cell count; high white blood cell count; leukocytosis,,[]
Elevator,http://id.who.int/icd/entity/1005804219,Elevated hepatic enzymes in atypical cystic fibrosis,"This refers to elevated hepatic enzymes, in an atypical autosomal recessive genetic disorder that affects most critically the lungs, and also the pancreas, liver, and intestine. It is characterised by abnormal transport of chloride and sodium across an epithelium, leading to thick, viscous secretions.",,,[]
Elevator,http://id.who.int/icd/entity/499738648,Elevated hepatic enzymes in classical cystic fibrosis,"This is elevated hepatic enzymes in an autosomal recessive genetic disorder that affects most critically the lungs, and also the pancreas, liver, and intestine.",,,[]
Elevator,http://id.who.int/icd/entity/1733192775,Acute transmural myocardial infarction of unspecified site,,,,[]
Elevator,http://id.who.int/icd/entity/1288967650,Elevated urine levels of 17-ketosteroids,,,,[]
Elevator,http://id.who.int/icd/entity/273818455,Acquired monocular elevator palsy,,Supranuclear paresis of monocular elevation,,[]
Elevator,http://id.who.int/icd/entity/518336076,"Elevated urine levels of drugs, medicaments and biological substances","Elevated urine levels of drugs, medicaments and biological substances mean that the levels of drugs, medicaments, and biological substances have elevated on the urine examination.",,,[]
Elevator,http://id.who.int/icd/entity/1409586837,Elevation of levels of transaminase or lactic acid dehydrogenase,,Elevation of levels of transaminase and LDH - [lactic acid dehydrogenase],,[]
Elevator,http://id.who.int/icd/entity/920540440,"Acute ST elevation myocardial infarction, other site","STEMI, other site, is an acute myocardial infarction with developing ST elevation in two contiguous leads except for anterior and inferior leads. [ESC/ACCF/AHA/WHF Expert Consensus Document Third Universal Definition of Myocardial Infarction Circulation, 2012, Oct 16;126(16):2020-35]",,,[]
Elevator,http://id.who.int/icd/entity/676274396,Highly elevated digestive power pattern (TM2),,"(a) atyagniḥ, (a) bhasmakaḥ",,[]
Elevator,http://id.who.int/icd/entity/1939000454,Elevated urine levels of indoleacetic acid,,,,[]
Elevator,http://id.who.int/icd/entity/956687992,Hypertensive urgency,"Hypertensive urgency occurs when blood pressure spikes -- blood pressure readings are 180/110 mmHg or higher -- but there is no damage to the body's organs (such as pulmonary edema, cardiac ischemia, neurologic deficits, or acute renal failure). Blood pressure can be brought down safely within a few hours with blood pressure medication.",hypertensive crisis without acute organ damage; severely elevated blood pressure without acute organ damage,,[]
Elevator,http://id.who.int/icd/entity/2070501946,"Subsequent myocardial infarction, non-ST elevation myocardial infarction","Extension or recurrent myocardial infarction. For morbidity coding, this category should be assigned for infarction of any myocardial site, occurring within 4 weeks (28 days) from onset of a previous infarction. This most commonly results from severe obstruction, but not total occlusion, of the culprit coronary artery.",subsequent non ST segment elevation myocardial infarction; Subsequent NSTEMI,,[]
Elevator,http://id.who.int/icd/entity/2016376826,"Acute myocardial infarction, without specification of ST elevation","This is commonly known as a heart attack, results from the interruption of blood supply to a part of the heart, causing heart cells to die. This is most commonly due to occlusion (blockage) of a coronary artery following the rupture of a vulnerable atherosclerotic plaque, which is an unstable collection of lipids (cholesterol and fatty acids) and white blood cells (especially macrophages) in the wall of an artery, ST elevation unspecified.","coronary thrombosis; blood vessel heart rupture; cardiac accident; cardiac rupture; cardiac thrombosis; coronary accident; coronary arterial embolism; coronary arterial infarct; coronary arterial infarction; coronary arterial occlusion; coronary arterial rupture; coronary arterial thrombosis; coronary arterial vessel thrombosis; coronary artery embolism; coronary artery infarct; coronary artery infarction; coronary artery occlusion; coronary artery thromboembolism; coronary artery rupture; coronary artery thrombosis; coronary venous embolism; coronary vein embolism; coronary thromboembolism; coronary artery vessel thrombosis; coronary embolism; coronary rupture; coronary thrombus; coronary occlusion, NOS; coronary vessel thrombosis; endocardial thrombosis; fatty heart embolism; intracardiac thrombus; intramural thrombosis; mural thrombosis; mural thrombus; myocardial rupture; rupture of heart; ruptured coronary artery; ruptured blood vessel heart; ruptured myocardium; thrombosis of heart",,[]
Elevator,http://id.who.int/icd/entity/2074158666,Early repolarisation syndrome,Genetic arrhythmia disorder characterised by inferolateral J wave elevation noted on ECG in conjunction with ventricular fibrillation not explained by other causes.,inferolateral J wave elevation syndrome,,[]
Elevator,http://id.who.int/icd/entity/521851532,"Acute ST elevation myocardial infarction, anterior wall","STEMI, anterior wall, is an acute myocardial infarction with developing ST elevation in two contiguous leads such as anterior leads (V1-V6). [ESC/ACCF/AHA/WHF Expert Consensus Document Third Universal Definition of Myocardial Infarction Circulation, 2012, Oct 16;126(16):2020-35]",anterolateral ST elevation myocardial infarction,,[]
Elevator,http://id.who.int/icd/entity/175677076,"Acute non ST elevation myocardial infarction, other site","This is commonly known as a heart attack, and results from the interruption of blood supply to a part of the heart, causing heart cells to die, NSTEMI, other site.",,,[]
Elevator,http://id.who.int/icd/entity/81232159,"Acute ST elevation myocardial infarction, inferior wall","STEMI, inferior wall, is an acute myocardial infarction with developing ST elevation in two contiguous leads such as inferior leads (II, III, aVF). [ESC/ACCF/AHA/WHF Expert Consensus Document Third Universal Definition of Myocardial Infarction Circulation, 2012, Oct 16;126(16):2020-35]",,,[]
Elevator,http://id.who.int/icd/entity/1231064639,"Subsequent myocardial infarction, without specification of ST elevation",,,,[]
Elevator,http://id.who.int/icd/entity/1624684200,"Subsequent myocardial infarction, ST elevation myocardial infarction, anterior wall","Subsequent infarction (acute)(of): anterior (wall), anteroapical, anterolateral, anteroseptal","Subsequent STEMI, anterior wall",,[]
Elevator,http://id.who.int/icd/entity/1009806764,Elevated C-reactive protein,,increased C-reactive protein,,[]
Sports hall,http://id.who.int/icd/entity/2013926996,Indoor sporting hall,,,,[]
Bathroom/toilet,http://id.who.int/icd/entity/1745563387,"Part of building or grounds, bathroom, toilet",,,,[]
Hall,http://id.who.int/icd/entity/1845613381,Pallister-Hall syndrome,"Pallister-Hall syndrome is a multiple congenital anomalies syndrome characterised by a wide range of clinical manifestations. It mainly associates central or postaxial polydactyly, syndactyly, and hypothalamic hamartoma. Visceral malformations are frequent, such as anal atresia, bifid uvula, congenital heart malformations, pulmonary or renal dysplasia.",,,[]
Hall,http://id.who.int/icd/entity/1206883656,Sheldon-Hall syndrome,"Sheldon-Hall syndrome is a rare multiple congenital contracture syndrome characterised by contractures of the distal joints of the limbs, triangular face, downslanting palpebral fissures, small mouth, and high arched palate. E",Distal arthrogryposis type 2B,,[]
Hall,http://id.who.int/icd/entity/2013926996,Indoor sporting hall,,,,[]
Hall,http://id.who.int/icd/entity/1190955738,"X-linked intellectual deficit, Golabi-Ito-Hall type","Golabi-Ito-Hall syndrome is an X-linked intellectual disability (XLMR; ) characterised by intellectual deficiency, microcephaly and short stature. It belongs to the group of disorders collectively referred to as Renpenning syndrome .",,,[]
Office,http://id.who.int/icd/entity/320923239,Office building,,,,[]
Office,http://id.who.int/icd/entity/1358737187,Health professionals' office,,,,[]
Office,http://id.who.int/icd/entity/79471651,Discord with probation officer,,problem with probation officer,,[]
Office,http://id.who.int/icd/entity/231870651,"Part of building or grounds, office or home office",,,,[]
Kitchen,http://id.who.int/icd/entity/1642868620,Kitchen bench,,kitchen counter,,[]
Kitchen,http://id.who.int/icd/entity/1162203379,Cooking or kitchen appliance,,,,[]
Kitchen,http://id.who.int/icd/entity/1973118472,"Crockery, kitchen container",,,,[]
Kitchen,http://id.who.int/icd/entity/1366524859,"Part of building or grounds, kitchen",,,,[]
Kitchen,http://id.who.int/icd/entity/1032355857,Dining room or kitchen table,,,,[]
Kitchen,http://id.who.int/icd/entity/504026030,"Fitted counter, counter-top, kitchen top",,,,[]
Laboratory,http://id.who.int/icd/entity/425996485,Laboratory examination,,laboratory test,,[]
Laboratory,http://id.who.int/icd/entity/1686171293,Diagnosis confirmed by laboratory examination,,,,[]
Laboratory,http://id.who.int/icd/entity/599682963,"Abnormal laboratory results, not elsewhere classified",,,,[]
Laboratory,http://id.who.int/icd/entity/685552857,Preprocedural laboratory examination,,,,[]
Laboratory,http://id.who.int/icd/entity/82994689,Laboratory evidence of human immunodeficiency virus,,human immunodeficiency virus test positive; positive test for HIV; laboratory evidence of HIV,,[]
Laboratory,http://id.who.int/icd/entity/1790791774,"COVID-19, virus identified",,2019-new Coronavirus acute respiratory disease (deprecated); 2019-nCoV acute respiratory disease [temporary name] (deprecated); Coronavirus disease 2019; SARS-CoV-2 disease; confirmed COVID-19; confirmed COVID-19 with symptoms; COVID-19 confirmed with laboratory testing with symptoms; COVID-19 NOS; covid,,[]
Laboratory,http://id.who.int/icd/entity/1486709569,False-positive serological test for syphilis,,false-positive serology for syphilis; false positive VDRL - [venereal disease research laboratory] test; False-positive Wassermann reaction,,[]
Laboratory,http://id.who.int/icd/entity/1670472411,Problem with clinical software without injury or harm,"Software malfunction causing interruption in processing of patient orders, laboratory or other diagnostic results, data entry, electronic communication, or data output, but without documented injury or harm.",interruption of processing of patient orders without documentation of injury or harm; interruption of processing or receipt of laboratory or other diagnostic results without documented injury or harm,,[]
Helicopter,http://id.who.int/icd/entity/1939068166,Helicopter,,,,[]
Helicopter,http://id.who.int/icd/entity/471265261,Helicopter accident injuring occupant,,,,[]
Helicopter,http://id.who.int/icd/entity/1081038327,Helicopter as mode of transport of person injured in transport related event,,,,[]
Military aircraft,http://id.who.int/icd/entity/230502299,Military fixed-wing powered aircraft,,,,[]
Military aircraft,http://id.who.int/icd/entity/610968651,"Attack on or destruction of aircraft during armed conflict due to collision with other aircraft, military personnel",,,,[]
Military aircraft,http://id.who.int/icd/entity/1589778652,"Attack on or destruction of aircraft during armed conflict due to enemy fire or explosives, military personnel",,,,[]
Fishing watercraft,http://id.who.int/icd/entity/923706360,"Unintentional water transport injury event with water vessel damaged, disabled or destroyed, causing other injury, fishing boat",,"accident to watercraft causing other injury, fishing boat",,[]
Fishing watercraft,http://id.who.int/icd/entity/737569657,"Unintentional water transport injury event with water vessel damaged, disabled or destroyed, causing submersion or drowning, fishing boat",,"accident to watercraft causing drowning and submersion, fishing boat",,[]
Fishing watercraft,http://id.who.int/icd/entity/914949064,"Unintentional water transport injury event with water vessel not damaged, disabled or destroyed, causing submersion or drowning, fishing boat",,"Water-transport-related drowning and submersion without accident to watercraft, fishing boat",,[]
Fishing watercraft,http://id.who.int/icd/entity/712100679,"Unintentional water transport injury event with water vessel not damaged, disabled or destroyed, causing other injury, fishing boat",,"accident on board watercraft without accident to watercraft, not causing drowning and submersion, fishing boat",,[]
Submersible,http://id.who.int/icd/entity/1369717987,Drowning or nonfatal submersion,,submersion; Immersion,,[]
Submersible,http://id.who.int/icd/entity/989856314,Drowning,,fatal submersion; drowned,,[]
Submersible,http://id.who.int/icd/entity/734698384,Nonfatal submersion,,near drowning,,[]
Submersible,http://id.who.int/icd/entity/406207542,"Assault by immersion, submersion or falling into water",,assault by submersion; assault by drowning; assault by drowning or submersion,,[]
Submersible,http://id.who.int/icd/entity/352713514,Asphyxiation by drowning,,drowning asphyxia; submersion asphyxia; suffocation due to drowning; asphyxia due to drowning,,[]
Submersible,http://id.who.int/icd/entity/497764339,"Unintentional immersion, submersion or falling into water",,Unintentional drowning or submersion NOS; drowning NOS; accidental drowning,,[]
Submersible,http://id.who.int/icd/entity/1536505450,"Drowning and submersion, undetermined intent",,,,[]
Submersible,http://id.who.int/icd/entity/1728015115,Accidental drowning or submersion in stream,,,,[]
Submersible,http://id.who.int/icd/entity/1478052163,Accidental drowning or submersion in river,,,,[]
Submersible,http://id.who.int/icd/entity/1538046562,"Unintentional water transport injury event with water vessel damaged, disabled or destroyed, causing submersion or drowning",,Accident to watercraft causing drowning and submersion; drowning and submersion due to boat sinking,,[]
Submersible,http://id.who.int/icd/entity/1373420882,"Unintentional water transport injury event with water vessel damaged, disabled or destroyed, causing submersion or drowning, unspecified watercraft",,"accident to watercraft causing drowning and submersion, unspecified watercraft; accident to watercraft causing drowning and submersion, boat NOS; accident to watercraft causing drowning and submersion, ship NOS; accident to watercraft causing drowning and submersion, watercraft NOS",,[]
Submersible,http://id.who.int/icd/entity/644311522,Accidental drowning or submersion in lake,,,,[]
Submersible,http://id.who.int/icd/entity/2096460380,Drowning and submersion while in natural water,,,,[]
Submersible,http://id.who.int/icd/entity/1117679527,"Unintentional drowning or submersion, while in body of water",,,,[]
Submersible,http://id.who.int/icd/entity/452003984,Intentional self-harm by drowning or submersion in bathtub,,,,[]
Submersible,http://id.who.int/icd/entity/1691855500,Drowning and submersion while in swimming-pool,,drowning in swimming pool,,[]
Submersible,http://id.who.int/icd/entity/618209013,Intentional self-harm by drowning or submersion in natural water,,,,[]
Submersible,http://id.who.int/icd/entity/615930198,Drowning or submersion while in body of water with undetermined intent,,,,[]
Submersible,http://id.who.int/icd/entity/110221965,"Drowning or submersion while in unspecified body of water, undetermined intent",,,,[]
Submersible,http://id.who.int/icd/entity/27716904,"Drowning or submersion while in bathtub, undetermined intent",,,,[]
Submersible,http://id.who.int/icd/entity/1321051885,"Unintentional water transport injury event with water vessel damaged, disabled or destroyed, causing submersion or drowning, other powered watercraft",,"accident to watercraft causing drowning and submersion, other powered watercraft",,[]
Submersible,http://id.who.int/icd/entity/1028863353,"Unintentional water transport injury event with water vessel damaged, disabled or destroyed, causing submersion or drowning, sailboat",,"accident to watercraft causing drowning and submersion, sailboat",,[]
Submersible,http://id.who.int/icd/entity/1966159847,Drowning and submersion while in bath-tub,,,,[]
Submersible,http://id.who.int/icd/entity/1625836624,"Unintentional drowning or submersion, while in body of water, natural water",,,,[]
Submersible,http://id.who.int/icd/entity/322925214,"Exposure to drowning or submersion, while in body of water",,,,[]
Submersible,http://id.who.int/icd/entity/904575765,"Drowning or submersion while in natural water, undetermined intent",,,,[]
Submersible,http://id.who.int/icd/entity/882340036,"Unintentional water transport injury event with water vessel damaged, disabled or destroyed, causing submersion or drowning, other unpowered watercraft",,"accident to watercraft causing drowning and submersion, other unpowered watercraft",,[]
Submersible,http://id.who.int/icd/entity/1953425906,"Drowning or submersion while in other specified body of water, undetermined intent",,,,[]
Submersible,http://id.who.int/icd/entity/2107933048,Intentional self-harm by drowning or submersion while in body of water,,,,[]
Submersible,http://id.who.int/icd/entity/739286127,Intentional self-harm by drowning or submersion in swimming pool,,,,[]
Submersible,http://id.who.int/icd/entity/61486114,Accidental drowning or submersion in open sea,,,,[]
Submersible,http://id.who.int/icd/entity/1241408902,"Unintentional water transport injury event with water vessel damaged, disabled or destroyed, causing submersion or drowning, water-skis",,"accident to watercraft causing drowning and submersion, water-skis",,[]
Submersible,http://id.who.int/icd/entity/1053705041,"Unintentional drowning or submersion, while in body of water, bathtub",,,,[]
Submersible,http://id.who.int/icd/entity/1246373641,"Unintentional water transport injury event with water vessel not damaged, disabled or destroyed, causing submersion or drowning",,water-transport-related drowning and submersion without accident to watercraft,,[]
Submersible,http://id.who.int/icd/entity/1285805551,"Unintentional water transport injury event with water vessel not damaged, disabled or destroyed, causing submersion or drowning, unspecified watercraft",,"water-transport-related drowning and submersion without accident to watercraft, unspecified watercraft; water-transport-related drowning and submersion without accident to watercraft, boat NOS; water-transport-related drowning and submersion without accident to watercraft NOS; water-transport-related drowning and submersion without accident to watercraft, ship NOS",,[]
Submersible,http://id.who.int/icd/entity/1599814536,"Unintentional water transport injury event with water vessel damaged, disabled or destroyed, causing submersion or drowning, passenger ship",,"Accident to watercraft causing drowning and submersion, passenger ship",,[]
Submersible,http://id.who.int/icd/entity/737569657,"Unintentional water transport injury event with water vessel damaged, disabled or destroyed, causing submersion or drowning, fishing boat",,"accident to watercraft causing drowning and submersion, fishing boat",,[]
Submersible,http://id.who.int/icd/entity/2054134267,"Assault by drowning or submersion, while in body of water",,,,[]
Submersible,http://id.who.int/icd/entity/1109463697,"Assault by drowning or submersion, while in bathtub",,,,[]
Submersible,http://id.who.int/icd/entity/974190098,"Unintentional water transport injury event with water vessel damaged, disabled or destroyed, causing submersion or drowning, merchant ship",,"Accident to watercraft causing drowning and submersion, merchant ship",,[]
Submersible,http://id.who.int/icd/entity/927431113,"Drowning or submersion while in swimming pool, undetermined intent",,,,[]
Submersible,http://id.who.int/icd/entity/788654749,"Unintentional water transport injury event with water vessel not damaged, disabled or destroyed, causing other injury",,"Accident on board watercraft without accident to watercraft, not causing drowning and submersion",,[]
Submersible,http://id.who.int/icd/entity/1348148590,"Unintentional water transport injury event with water vessel not damaged, disabled or destroyed, causing other injury, unspecified watercraft",,"accident on board watercraft without accident to watercraft, not causing drowning and submersion, unspecified watercraft; accident on board watercraft without accident to watercraft, not causing drowning and submersion, Watercraft NOS; accident on board watercraft without accident to watercraft, not causing drowning and submersion, boat NOS; accident on board watercraft without accident to watercraft, not causing drowning and submersion, ship NOS",,[]
Submersible,http://id.who.int/icd/entity/1478031597,"Unintentional water transport injury event with water vessel damaged, disabled or destroyed, causing submersion or drowning, canoe or kayak",,"accident to watercraft causing drowning and submersion, canoe or kayak",,[]
Submersible,http://id.who.int/icd/entity/478106729,Drowning or submersion as a result of accidentally being washed overboard,,,,[]
Submersible,http://id.who.int/icd/entity/1633106942,"Assault by drowning or submersion, while in natural body of water",,,,[]
Submersible,http://id.who.int/icd/entity/1366249276,"Unintentional drowning or submersion, while in body of water, swimming pool",,,,[]
Submersible,http://id.who.int/icd/entity/1417743673,"Unintentional water transport injury event with water vessel not damaged, disabled or destroyed, causing submersion or drowning, water-skis",,"water-transport-related drowning and submersion without accident to watercraft, water-skis",,[]
Submersible,http://id.who.int/icd/entity/1958774384,"Assault by drowning or submersion, while in swimming pool",,,,[]
Submersible,http://id.who.int/icd/entity/1090285825,Drowning and submersion following fall into natural water,,,,[]
Submarine,http://id.who.int/icd/entity/722031640,Submarine or related craft,,,,[]
Submarine,http://id.who.int/icd/entity/965022387,Submarine as mode of transport of person injured in transport related event,,,,[]
Roof,http://id.who.int/icd/entity/1855032483,Orbital roof,,,,[]
Roof,http://id.who.int/icd/entity/70261446,Palate,,"Mouth - palate; Roof of mouth; Palate, NOS",,[]
Roof,http://id.who.int/icd/entity/175109207,Fracture of orbital roof,,,,[]
Roof,http://id.who.int/icd/entity/1881533064,Malignant neoplasms of palate,,hard palate cancer; primary malignant neoplasm of hard palate; primary malignant neoplasm of soft palate; soft palate cancer; uvular cancer; primary malignant neoplasm of uvula; cancer of palate; primary malignant neoplasm of palate; malignant tumour of palate; malignant tumour of roof of mouth; malignant neoplasm of upper or lower labial sulcus,,[]
Roof,http://id.who.int/icd/entity/1846018499,Superior wall of nasopharynx,,Roof of nasopharynx,,[]
Roof,http://id.who.int/icd/entity/546326103,Unintentional fall from roof,,,,[]
Roof,http://id.who.int/icd/entity/847229948,Fall from or through roof,,,,[]
Roof,http://id.who.int/icd/entity/1202188564,Carcinoma in situ of roof of mouth,,,,[]
Roof,http://id.who.int/icd/entity/1849238165,Benign tumour of roof of mouth,,,,[]
Roof,http://id.who.int/icd/entity/566120423,Unintentional fall through roof,,,,[]
Roof,http://id.who.int/icd/entity/547578362,Malignant neoplasms of nasopharynx,"A wide variety of tumours can arise in the nasopharynx, but it is nasopharyngeal carcinoma that has fascinated generations of oncologists, pathologists, scientists and epidemiologists. It shows marked geographic differences, with highest incidence rates in Southern China. In some endemic areas, the incidence has declined by about 30% over the years 2000-2020, suggesting that environmental or lifestyle factors may play a major role and that the disease is, to some extent, preventable. 
Nasopharyngeal carcinoma shows a very strong association with Epstein-Barr virus (EBV) infection, irrespective of the ethnic origin of the patients. This association has pioneered a new paradigm of utilizing viral serological tests for the diagnosis of cancer and for screening in high-risk populations. Nasopharyngeal carcinoma is generally responsive to radiation therapy, and the clinical outcome has greatly improved over the years, due to refinements in staging and to improved therapy protocols. The unusual and often deceptive histological features of nasopharyngeal carcinoma have generated controversies over the nature of the tumour and still pose a challenge to surgical pathologists. There have possibly been more names invented for the various histological subtypes of nasopharyngeal carcinoma than any other tumour type.",nasopharyngeal cancer; primary malignant neoplasm of superior wall of nasopharynx; malignant neoplasm of roof of nasopharynx; primary malignant neoplasm of posterior wall of nasopharynx; primary malignant neoplasm of lateral wall of nasopharynx; malignant neoplasm of fossa of Rosenmüller; malignant neoplasm of pharyngeal recess; malignant neoplasm of opening of auditory tube; malignant neoplasm of anterior wall of nasopharynx; malignant neoplasm of floor of nasopharynx; malignant tumour of anterior wall of nasopharynx; malignant neoplasm of anterior or posterior surface of nasopharyngeal soft palate; malignant neoplasm of posterior margin of nasal choana; malignant neoplasm of posterior margin of nasal septum; malignant neoplasm of nasopharyngeal wall NOS; malignant tumour of epipharynx; malignant tumour of postnasal space,,[]
Roof,http://id.who.int/icd/entity/1176143217,Benign neoplasm of nasopharyngeal roof,,benign tumour of roof of nasopharynx,,[]
Roof,http://id.who.int/icd/entity/213240825,Person being transported by a vehicle and occupying space on the roof injured in transport related event,,,,[]
Driveway,http://id.who.int/icd/entity/362702124,"Part of building or grounds, driveway",,"Part of building or grounds, laneway",,[]
Driveway,http://id.who.int/icd/entity/1202200635,Taking care of walkways and driveways,"Taking care of domestic pathways such as walkways and driveways or entrances to houses (covered or uncovered) for example removing snow, leaves, rubble or sand from enrances as well as spreading sand or other material.",,,[]
Sports and Entertainment,http://id.who.int/icd/entity/830452744,"Type of sport or exercise activity, professional wrestling - entertainment style",,,,[]
Square,http://id.who.int/icd/entity/637779994,Macrosquare-wave jerks,,"Square-wave pulses, >0.5 degrees",,[]
Square,http://id.who.int/icd/entity/156510987,"Square-wave jerks, 0.1-0.4 degrees",,,,[]
Walkway,http://id.who.int/icd/entity/1202200635,Taking care of walkways and driveways,"Taking care of domestic pathways such as walkways and driveways or entrances to houses (covered or uncovered) for example removing snow, leaves, rubble or sand from enrances as well as spreading sand or other material.",,,[]
Agricultural land,http://id.who.int/icd/entity/667693441,Agricultural tractor as counterpart in land transport crash,,,,[]
Agricultural land,http://id.who.int/icd/entity/419014753,Special vehicle mainly used in agriculture as counterpart in land transport crash,"A motor vehicle designed specifically for use in farming and agriculture (horticulture), for example to work the land, tend and harvest crops and transport materials on the farm.",,,[]
Agricultural land,http://id.who.int/icd/entity/207247135,Self-propelled agricultural machine as counterpart in land transport crash,,,,[]
Agricultural land,http://id.who.int/icd/entity/187314448,Unintentional land transport traffic event injuring a user of a special vehicle mainly used in agriculture,,occupant of special vehicle mainly used in agriculture injured in transport accident; Special-agricultural-vehicle accident NOS,,[]
Agricultural land,http://id.who.int/icd/entity/648672667,Unintentional land transport nontraffic event injuring a user of a special vehicle mainly used in agriculture,,,,[]
Agricultural land,http://id.who.int/icd/entity/24783331,Land transport traffic injury event of undetermined intent injuring a user of a special vehicle mainly used in agriculture,,,,[]
Agricultural land,http://id.who.int/icd/entity/650926840,Land transport nontraffic injury event of undetermined intent injuring a user of a special vehicle mainly used in agriculture,,,,[]
Agricultural land,http://id.who.int/icd/entity/548807869,Unintentional land transport event unknown whether traffic or nontraffic injuring an occupant of a special vehicle mainly used in agriculture,,,,[]
Agricultural land,http://id.who.int/icd/entity/759116234,"Assault by land transport traffic event injuring occupant of special vehicle mainly used in agriculture, except tractor",,,,[]
Agricultural land,http://id.who.int/icd/entity/952555827,"Land transport injury event of undetermined intent, unknown whether road traffic or off-road nontraffic injuring a user of a special vehicle mainly used in agriculture",,,,[]
Dam,http://id.who.int/icd/entity/1712732076,Lacrimation disorder (TM2),,(a) srāvaḥ (b) Nīr vari (c) Dam‘a,,[]
Dam,http://id.who.int/icd/entity/1415223757,Impairment of Dam disorder (TM2),,(c) Fasād al-Dam,,[]
Dam,http://id.who.int/icd/entity/1165413146,Predominance of Dam pattern (TM2),,(c) Ghalaba’-i-Dam,,[]
Dam,http://id.who.int/icd/entity/782160949,Haematuria disorder (TM2),,(a) lohitamehaḥ (b) Aẕal Nīrccurukku (c) Bawl al-Dam,,[]
Dam,http://id.who.int/icd/entity/964148685,Hematidrosis disorder (TM2),,(c) ‘Araq al-Dam,,[]
Dam,http://id.who.int/icd/entity/207332989,Blood deficiency pattern (TM2),,(c) qellat-e khoon; (c) Qilla al-Dam,,[]
Dam,http://id.who.int/icd/entity/2107857855,Haemoptysis disorder (TM2),,(c) Nafth al-Dam,,[]
Dam,http://id.who.int/icd/entity/2027662198,Haematemesis disorder (TM2),,(b) Kuruti vānti (c) Qay’ al-Dam,,[]
Dam,http://id.who.int/icd/entity/114688273,Blood thinning pattern (TM2),,(c) reqqat-e khoon; (c) Riqqa al-Dam,,[]
Dam,http://id.who.int/icd/entity/704508337,Blood thickening pattern (TM2),,(c) ghelzat-e khoon; (c) Ghilẓa al-Dam,,[]
Dam,http://id.who.int/icd/entity/149303363,Blood hyperviscosity pattern (TM2),,(c) lozoujat-e khoon; (c) Luzūja al-Dam,,[]
Dam,http://id.who.int/icd/entity/583544121,Anaemia disorder (TM2),,(a) pāṇḍurogaḥ (b) Veḷuppu nōy (c) Faqr al-Dam; (b) Veluppu Noi,,[]
Dam,http://id.who.int/icd/entity/945194429,"Body of water, dam, lake",,,,[]
Dam,http://id.who.int/icd/entity/758529335,Dam predominant temperament pattern (TM2),,(c) Damawī al-Mizāj; Hot and moist temperament pattern (TM2); (c) Mizāj Ḥārr Ratb,,[]
Dam,http://id.who.int/icd/entity/1858547413,Depressive disorder due to derangement of Dam (TM2),,(c) Mālankhūliyā Damawī,,[]
Dam,http://id.who.int/icd/entity/1098064076,Fever disorder due to derangement of Dam (TM2),,(c) Ḥummā Muṭbiqa,,[]
Dam,http://id.who.int/icd/entity/395977566,Hepatitis disorder due to derangement of Dam (TM2),,(c) Waram al-Kabid Damawī,,[]
Dam,http://id.who.int/icd/entity/644256033,Conjunctivitis derangement of Dam disorder (TM2),,(c) Ramad Damawī,,[]
Dam,http://id.who.int/icd/entity/473685200,Headache due to derangement of Dam disorder (TM2),,(c) Ṣudā‘ Damawī,,[]
Dam,http://id.who.int/icd/entity/90350814,Gastritis disorder due to derangement of Dam (TM2),,(c) Waram al-Mi‘da Damawī,,[]
Dam,http://id.who.int/icd/entity/693681130,Stomatitis disorder due to derangement of Dam (TM2),,(c) Qulā‘ Damawī,,[]
Dam,http://id.who.int/icd/entity/923427820,Hypersomnia disorder due to derangement of Dam (TM2),,(c) Subāt Damawī,,[]
Dam,http://id.who.int/icd/entity/1131878079,Nightmare disorder due to derangement of Dam (TM2),,(c) Kābūs Damawī,,[]
Dam,http://id.who.int/icd/entity/1923091717,Uvulitis due to derangement of Dam disorder (TM2),,(c) Waram-i-Lahāt Damawī,,[]
Dam,http://id.who.int/icd/entity/1120356705,Vertigo and giddiness due to Dam disorder (TM2),,(c) Sadr-o-Duwār Dimāghī Damawī,,[]
Forest,http://id.who.int/icd/entity/1426129825,Forest,,,,[]
Forest,http://id.who.int/icd/entity/1288604967,Kyasanur Forest disease,"A disease caused by an infection with Kyasanur Forest disease virus. This disease commonly presents with fever, chills, headache, muscle pain and vomiting, or gastrointestinal symptoms and bleeding. This disease may also present with neurological manifestations such as a severe headache, mental disturbances, tremors, or vision deficits. Transmission is through the bite of an infected tick or by direct contact with an infected animal. Confirmation is by identification of Kyasanur Forest disease virus in a serum sample.",KFD - [ Kyasanur Forest disease]; monkey fever; monkey sickness,,[]
Forest,http://id.who.int/icd/entity/1285909913,Taï Forest virus,,Côte d'Ivoire ebolavirus,,[]
Forest,http://id.who.int/icd/entity/56696690,Barmah Forest virus,,,,[]
Forest,http://id.who.int/icd/entity/239620085,Taï Forest virus disease,,,,[]
Forest,http://id.who.int/icd/entity/223424034,Semliki Forest virus,,,,[]
Forest,http://id.who.int/icd/entity/903359149,Kyasanur Forest disease virus,,,,[]
Forest,http://id.who.int/icd/entity/1618976346,Forest fire,,fire in forest; exposure to forest fire,,[]
Forest,http://id.who.int/icd/entity/1284860297,Australian forest scorpion venom,,wood scorpion venom,,[]
Forest,http://id.who.int/icd/entity/251180839,Black emperor scorpion venom,,Asian forest scorpion venom,,[]
Forest,http://id.who.int/icd/entity/36782335,Far Eastern tick-borne encephalitis,,encephalitis due to Far Eastern tick-borne encephalitis virus; Far Eastern encephalitis; forest-spring encephalitis; taiga encephalitis; Russian spring-summer encephalitis,,[]
Forest,http://id.who.int/icd/entity/911211398,Barmah Forest virus fever,,,,[]
Forest,http://id.who.int/icd/entity/1248982672,Kyasanur forest disease encephalitis,,,,[]
Forest,http://id.who.int/icd/entity/172302617,Giant forest scorpion venom,,giant blue scorpion venom,,[]
Island,http://id.who.int/icd/entity/828784486,Pancreatic islets,,Endocrine pancreas; Islands of Langerhans; Islets of Langerhans,,[]
Island,http://id.who.int/icd/entity/691645577,Insula,,Island of Reil,,[]
Island,http://id.who.int/icd/entity/2025088146,Åland Island eye disease,"Åland Island Eye Disease (AIED) is an X-linked recessive retinal disease characterised by fundus hypopigmentation, decreased visual acuity, nystagmus, astigmatism, progressive axial myopia, defective dark adaptation and protanopia.",,,[]
Island,http://id.who.int/icd/entity/1477542199,Margarita island ectodermal dysplasia,,,,[]
Desert,http://id.who.int/icd/entity/1110009697,Desert,,,,[]
Desert,http://id.who.int/icd/entity/1194276488,Assault by abandonment,,desertion,,[]
Desert,http://id.who.int/icd/entity/844275673,Land forms,"Features of the landscape, such as mountains, hills, valleys plains, plateaus, and deserts.",,,[]
Desert,http://id.who.int/icd/entity/1598340346,Jatropha macrorhiza plant,,Arizona desert potato; desert potato,,[]
Desert,http://id.who.int/icd/entity/1367598280,Acute pulmonary coccidioidomycosis,"Forty per cent of coccidioidal infections result in symptomatic pulmonary disease that may be indistinguishable from a bacterial community-acquired pneumonia. Radiographically these are usually focal alveolar infiltrates. Infection may be associated with the development of a rash, particularly erythema nodosum and erythema multiforme. Occasionally, there may be symmetric arthralgias or arthritis. Peripheral blood eosinophilia is not uncommon. Acute primary pulmonary coccidioidomycosis, particularly when associated with erythema nodosum and/or erythema multiforme, is frequently called ""Valley fever."" When associated with arthralgias or arthritis, it has been termed ""desert rheumatism.""",desert fever; desert rheumatism; San Joaquin fever; San Joaquin valley fever; valley fever; primary pulmonary coccidioidomycosis; pulmonary coccidioidomycosis NOS,,[]
Desert,http://id.who.int/icd/entity/1250159671,Desert viper snake venom,,Daboia deserti venom,,[]
Desert,http://id.who.int/icd/entity/1691933410,Australian desert scorpion venom,,,,[]
Desert,http://id.who.int/icd/entity/441464436,Colorado River toad toxin,,Sonoran desert toad toxin; Sonoran desert toad poison; Colorado River toad poison,,[]
Desert,http://id.who.int/icd/entity/1423492171,Texas redheaded centipede venom,,giant desert centipede venom,,[]
Swamp,http://id.who.int/icd/entity/2068957729,Marsh or swamp,,,,[]
Swamp,http://id.who.int/icd/entity/751399056,Leptospirosis,"A disease caused by an infection with the gram-negative bacteria Leptospira. In the first phase, this disease is characterised by generalised illness (fever, chills, or myalgias) or individuals may be asymptomatic; in the second phase, the heart, liver, kidneys, or brain may be affected by the infection (symptoms are dependent on the site affected). Transmission is by ingestion of contaminated food or water, droplet transmission, or direct cutaneous contact. Confirmation is by identification of Leptospira in samples from the affected individual.",Nanukayami disease; Nanukayami fever; seven-day fever; EIA - [equine infectious anaemia]; mud fever; swamp fever,,[]
Swamp,http://id.who.int/icd/entity/1183588196,"Body of water, swamp, marsh, estuary",,,,[]
Swamp,http://id.who.int/icd/entity/1562822130,Hovercraft operating on land or swamp as counterpart in land transport crash,,,,[]
Swamp,http://id.who.int/icd/entity/558597499,Hovercraft operating on land or swamp as mode of transport of person injured in transport related event,,,,[]
Mine,http://id.who.int/icd/entity/1839509209,Mine or quarry,,stone quarries,,[]
Mine,http://id.who.int/icd/entity/1683201114,Coal-car in mine,,,,[]
Mine,http://id.who.int/icd/entity/1236566458,"Economic activity, mining, quarrying, or extraction",,,,[]
Mine,http://id.who.int/icd/entity/802843546,"Tram, truck, or tub in mine or quarry",,,,[]
Mine,http://id.who.int/icd/entity/1440647483,Explosion of mine after cessation of armed conflict,,,,[]
Mine,http://id.who.int/icd/entity/171818674,Explosion of depth-charge or marine mine during armed conflict,,,,[]
Tunnel,http://id.who.int/icd/entity/652000933,Necatoriasis,"A disease caused by an infection with the parasitic worm Necator americanus. This disease is characterised by pruritus at the site of larval penetration. In mild infections, this disease may be asymptomatic; in moderate to severe infections, this disease may present with cough, pharyngeal irritation during larval migration in airways, iron-deficiency anaemia, abdominal pain, nausea, arthralgia, or delayed development (mental or physical). Transmission is by direct contact with larvae from soil or sand contaminated with dog or cat faeces (by percutaneous migration of larvae). Confirmation is by identification of Necator americanus in a faecal sample.",miner's anaemia; negro cachexia; dochmiasis; ground itch disease; brickmaker's chlorosis; coolie itch anaemia; cachexia aquosa; dew itch anaemia; brickmaker's anaemia; tunnel worker's anaemia; Egyptian anaemia; tunnel worker's disease; miner's cachexia; Greisinger disease; tropical chlorosis; Egyptian chlorosis; tunnel anaemia; dochmiosis; necatorosis; African cachexia; water itch anaemia; Infection due to Necator americanus; St Gotthard disease; Gotthard tunnel disease,,[]
Tunnel,http://id.who.int/icd/entity/1456103224,Carpal tunnel,,Carpal Canal,,[]
Tunnel,http://id.who.int/icd/entity/1275186848,Carpal tunnel syndrome,A compression neuropathy due to entrapment of the median nerve within the carpal tunnel at the wrist.,,,[]
Tunnel,http://id.who.int/icd/entity/854657246,Tarsal tunnel syndrome,,Compression of posterior tibial nerve in tarsal tunnel,,[]
Tunnel,http://id.who.int/icd/entity/470594532,Aortoventricular tunnel,A congenital cardiovascular malformation in which there is a paravalvar communication between the aorta and a ventricle.,ventriculo-aortic tunnel; aortico-ventricular tunnel; aorto-ventricular tunnel,,[]
Tunnel,http://id.who.int/icd/entity/1781288740,Aorto-left ventricular tunnel,A congenital cardiovascular malformation in which there is a paravalvar communication between the ascending aorta and the left ventricle.,aorta-left ventricle tunnel,,[]
Tunnel,http://id.who.int/icd/entity/1166626076,Aorto-right ventricular tunnel,A congenital cardiovascular malformation in which there is a paravalvar communication between the ascending aorta and the right ventricle.,aorto-right ventricle tunnel,,[]
Tunnel,http://id.who.int/icd/entity/190565750,"Cardiovascular devices associated with injury or harm, central venous catheter",,injury or harm associated with central line; injury or harm associated with tunneled catheter; injury or harm associated with PICC - [peripherally inserted central line]; injury or harm associated with implanted port,,[]
Tunnel,http://id.who.int/icd/entity/1686811780,Ulnar nerve cubital tunnel syndrome,,,,[]
Tunnel,http://id.who.int/icd/entity/1732462765,Acquired narrowing of constructed cardiac intraventricular tunnel,Impeded or blocked flow in an intraventricular tunnel due to narrowing or stenosis.,,,[]
Tunnel,http://id.who.int/icd/entity/159716932,Subaortic stenosis due to fibromuscular tunnel,A congenital cardiovascular malformation in which there is a long-segment fibrous and/or muscular subaortic stenosis.,diffuse fibromuscular subaortic obstruction,,[]
Tunnel,http://id.who.int/icd/entity/34112626,"Dependence on renal dialysis, acute haemodialysis, acute intermittent haemodialysis with cuffed haemodialysis catheter",,"haemodialysis catheter, NOS; tunnelled haemodialysis catheter",,[]
Tunnel,http://id.who.int/icd/entity/1441846330,"Infant or child product, play tent, tunnel, or other enclosure",,,,[]
Tunnel,http://id.who.int/icd/entity/585097934,"Dependence on renal dialysis, acute haemodialysis, other, with cuffed haemodialysis catheter",,"dependence on renal dialysis, acute haemodialysis, other, with cuffed tunnelled haemodialysis catheter",,[]
Tunnel,http://id.who.int/icd/entity/169338961,"Dependence on renal dialysis, chronic haemodialysis, other, with cuffed haemodialysis catheter",,"dependence on renal dialysis, chronic haemodialysis, other, with cuffed tunnelled haemodialysis catheter",,[]
Tunnel,http://id.who.int/icd/entity/1066228303,"Dependence on renal dialysis, chronic haemodialysis, frequent chronic haemodialysis with cuffed haemodialysis catheter",,"dependence on renal dialysis, chronic haemodialysis, frequent chronic haemodialysis with cuffed tunnelled haemodialysis catheter",,[]
Tunnel,http://id.who.int/icd/entity/1299732238,"Dependence on renal dialysis, chronic haemodialysis, standard chronic haemodialysis with cuffed haemodialysis catheter",,"dependence on renal dialysis, chronic haemodialysis, standard chronic haemodialysis with cuffed tunnelled haemodialysis catheter",,[]
Tunnel,http://id.who.int/icd/entity/771440351,"Dependence on renal dialysis, acute haemodialysis, continuous haemodiafiltration with cuffed haemodialysis catheter",,"dependence on renal dialysis, acute haemodialysis, continuous haemodiafiltration with cuffed haemodialysis catheter NOS; dependence on renal dialysis, acute haemodialysis, continuous haemodiafiltration with cuffed haemodialysis catheter, tunnelled",,[]
Tunnel,http://id.who.int/icd/entity/1810631203,"Dependence on renal dialysis, acute haemodialysis, continuous haemofiltration with cuffed haemodialysis catheter",,"dependence on renal dialysis, acute haemodialysis, continuous haemofiltration with cuffed tunnelled, haemodialysis catheter",,[]
Tunnel,http://id.who.int/icd/entity/951511679,"Dependence on renal dialysis, acute haemodialysis, slow long efficiency dialysis with cuffed haemodialysis catheter",,"dependence on renal dialysis, acute haemodialysis, slow long efficiency dialysis with cuffed haemodialysis catheter, tunnelled",,[]
River,http://id.who.int/icd/entity/628816665,Surface fresh water bodies,"Features of the waterscape, such as lakes, ponds, rivers and streams.",,,[]
River,http://id.who.int/icd/entity/2016767558,Blue River virus,,,,[]
River,http://id.who.int/icd/entity/1085418398,Ross River disease,"A disease caused by an infection with Ross River disease virus. This disease is characterised by arthralgia, with or without arthritis. This disease may also present with fever, fatigue, headache, swollen glands, arthralgia, or maculopapular rash commonly affecting the limbs and trunks. Transmission is through the bite of an infected mosquito. Confirmation is by detection of IgM or IgG anti-Ross River disease virus antibodies in a serum sample.",Epidemic polyarthritis and exanthema; Ross River fever; epidemic australian polyarthritis; Ross River disorder; Ross River mosquito-borne viral fever; RR - [Ross River] fever; epidemic polyarthritis,,[]
River,http://id.who.int/icd/entity/125842620,Onchocerciasis of the eye,"A disease of the eye, caused by an infection with the parasitic worm Onchocerca volvulus. This disease is characterised by transient punctate keratitis, or potentially blinding conditions (such as sclerosing keratitis, iridocyclitis, or optic atrophy). Transmission is through the bite of an infected Simulium fly. Confirmation is by identification of Onchocerca volvulus from the anterior chamber of the eye.",Onchophthalmia; River blindness; River valley blindness; Ocular onchocerciasis,,[]
River,http://id.who.int/icd/entity/330008260,Ross River virus,,,,[]
River,http://id.who.int/icd/entity/1944023677,"Body of water, river, stream",,,,[]
River,http://id.who.int/icd/entity/1695340384,Typhus fever due to Orientia tsutsugamushi,,Tsutsugamushi fever; kedani fever; mite-borne typhus; mite-borne typhus due to rickettsia tsutsugamushi; scrub typhus; tsutsugamushi; tsutsugamushi disease; Scrub mite-borne typhus; sumatran mite fever; Japanese river fever; kedani typhus; rickettsia tsutsugamushi rickettsiosis; sumatran mite typhus; tropical typhus; Japanese typhus,,[]
River,http://id.who.int/icd/entity/441464436,Colorado River toad toxin,,Sonoran desert toad toxin; Sonoran desert toad poison; Colorado River toad poison,,[]
River,http://id.who.int/icd/entity/1040970454,Murray Valley encephalitis,"A disease of the brain, caused by an infection with Murray Valley encephalitis virus. This disease is characterised by fever, headache, nausea, vomiting, tiredness, or may be asymptomatic. Severe cases may present with confusion, fatigue, lack of coordination, or encephalitis. Transmission is through the bite of an infected mosquito. Confirmation is by detection of anti-Murray Valley encephalitis antibodies in a serum sample.",encephalitis australia; murray river encephalitis; Australian encephalitis; Australian arboencephalitis; Australian X disease; Australian x disorder; MVE - [murray valley encephalitis],,[]
River,http://id.who.int/icd/entity/962430732,"Type of sport or exercise activity, river rafting",,,,[]
River,http://id.who.int/icd/entity/1368954017,Ferry used for short trips across closed waters,,Ferry used for short trips across small lakes; Ferry used for short trips across minor rivers,,[]
River,http://id.who.int/icd/entity/1478052163,Accidental drowning or submersion in river,,,,[]
Lake,http://id.who.int/icd/entity/628816665,Surface fresh water bodies,"Features of the waterscape, such as lakes, ponds, rivers and streams.",,,[]
Lake,http://id.who.int/icd/entity/444441893,Venous lake,,,,[]
Lake,http://id.who.int/icd/entity/945194429,"Body of water, dam, lake",,,,[]
Lake,http://id.who.int/icd/entity/644311522,Accidental drowning or submersion in lake,,,,[]
Lake,http://id.who.int/icd/entity/1368954017,Ferry used for short trips across closed waters,,Ferry used for short trips across small lakes; Ferry used for short trips across minor rivers,,[]
Detached house,http://id.who.int/icd/entity/1894348690,Detached house,,,,[]
Terrace house,http://id.who.int/icd/entity/1234295506,Terrace house or row house,,,,[]
Mobile home,http://id.who.int/icd/entity/742974610,"Residential caravan, mobile home, houseboat or motor home",,,,[]
Office building,http://id.who.int/icd/entity/320923239,Office building,,,,[]
Office building,http://id.who.int/icd/entity/231870651,"Part of building or grounds, office or home office",,,,[]
School,http://id.who.int/icd/entity/1825534373,Primary school,,elementary school; middle school,,[]
School,http://id.who.int/icd/entity/152457189,Secondary school,,high school,,[]
School,http://id.who.int/icd/entity/794521535,School education,"Gaining admission to school, education, engaging in all school-related responsibilities and privileges, and learning the course material, subjects and other curriculum requirements in a primary or secondary education programme, including attending school regularly, working cooperatively with other students, taking directions from teachers, organizing, studying and completing assigned tasks and projects, and advancing to other stages of education.",Engaging in school education,,[]
School,http://id.who.int/icd/entity/1699549262,Problem associated with education unavailable or unattainable,,schooling unavailable; schooling unattainable,,[]
School,http://id.who.int/icd/entity/672210322,School or educational area,,,,[]
School,http://id.who.int/icd/entity/1957399845,Underachievement in school,,problem of underachievement in school; lack of achievement in school,,[]
School,http://id.who.int/icd/entity/2088979863,Dissatisfaction with school environment,,educational maladjustment,,[]
School,http://id.who.int/icd/entity/1796014959,Examination for admission to educational institution,,medical examination for admission to school; examination for admission to preschool; medical examination of preschool children for admission to school,,[]
School,http://id.who.int/icd/entity/189753060,Other school-related recreational activities,,,,[]
School,http://id.who.int/icd/entity/1020014935,Preschool education,"Learning at an initial level of organized instruction, designed primarily to introduce a child to the school-type environment and prepare him/her for compulsory education, such as to choose a school-type environment, to engage in pre-school programme of activities in order to acquire skills in a day-care or similar setting as preparation for advancement to school.",Engaging in preschool education,,[]
School,http://id.who.int/icd/entity/473076349,Routine medical examination of schoolchildren,,,,[]
School,http://id.who.int/icd/entity/1120699819,"Physical education class, school sports",,,,[]
School,http://id.who.int/icd/entity/2078741861,Preschool or kindergarten,,,,[]
School,http://id.who.int/icd/entity/819952132,Difficulties in daily work or school [WHODAS],"Because of your health condition, in the past 30 days, how much difficulty did you have in your day to day work/school?",,,[]
School,http://id.who.int/icd/entity/524784957,"Type of sport or exercise activity, school free play",,,,[]
School,http://id.who.int/icd/entity/36553225,Routine medical examination of preschool children,,,,[]
School,http://id.who.int/icd/entity/641677437,"Type of sport or exercise activity, school physical education class",,,,[]
School,http://id.who.int/icd/entity/2029206140,"Proximal risk factors for intentional self-harm, School-related problem",,,,[]
School,http://id.who.int/icd/entity/729565689,"Severe wasting in infants, children or adolescents","For children aged 0 to 5 years (0 to 60 completed months), severe wasting is defined as weight-for-length/height or body mass index (BMI)-for-age less than -3 standard deviations of the median (z-score) of the WHO Child Growth Standards. In the percentile system this corresponds to less than percentile 0.1.

For children aged 5 to 19 years (61 to 228 completed months), severe wasting is defined as body mass index (BMI)-for-age less than -3 standard deviations of the median (z-score) of the WHO Growth Reference for School-aged Children and Adolescents. In the percentile system this corresponds to less than percentile 0.1.",severe acute undernutrition; severe thinness in school-aged children and adolescents; emaciation; extreme wasting,,[]
School,http://id.who.int/icd/entity/1703971915,Doing most important work or school task [WHODAS],"Because of your health condition, in the past 30 days, how much difficulty did you have in doing your most important work/school tasks well?",,,[]
School,http://id.who.int/icd/entity/1446778854,"Moderate wasting in infants, children or adolescents","For children aged 0 to 5 years (0 to 60 completed months), moderate wasting is defined as weight-for-length/height or body mass index (BMI)-for-age less than -2 and greater or equal than -3 standard deviations of the median (z-score) of the WHO Child Growth Standards. In the percentile system this corresponds to less than percentile 2.3 and greater or equal than percentile 0.1.

For children aged 5 to 19 years (61 to 228 completed months), moderate wasting is defined as body mass index (BMI)-for-age less than -2 and greater or equal than -3 standard deviations of the median (z-score) of the WHO Growth Reference for School-aged Children and Adolescents. In the percentile system this corresponds to less than percentile 2.3 and greater or equal than percentile 0.1.",moderate thinness in school-aged children and adolescents; Moderate acute undernutrition,,[]
School,http://id.who.int/icd/entity/1906066673,Getting all needed work or school work done [WHODAS],"Because of your health condition, in the past 30 days, how much difficulty did you have in getting all the work done that you need to do?",,,[]
School,http://id.who.int/icd/entity/1000930983,Problems related to living in residential institution,,medical counselling of institutional resident; medical counselling of boarding school resident,,[]
School,http://id.who.int/icd/entity/1903803489,Getting remunerative work or school work done quickly [WHODAS],"Because of your health condition, in the past 30 days, how much difficulty did you have in getting your work done as quickly as needed?",,,[]
School,http://id.who.int/icd/entity/1428847289,Educational activity,,"paid engagement in educational activity; activities as student or pupil of school, college, university or other educational institution",,[]
School,http://id.who.int/icd/entity/709011242,"Overweight in school-aged children or adolescents, 5 to 19 years","Children aged 5 to 19 years (61 to 228 completed months) are overweight if body mass index (BMI)-for-age is above 1 and less than or equal to 2 standard deviations of the median (z-score) of the WHO Growth Reference for School-aged Children and Adolescents [http://www.who.int/growthref/en]. In the percentile system this corresponds to above percentile 84.1 and less than or equal to percentile 97.7.

Body mass index (BMI) is calculated as weight (kg) divided by length/height² (m²).

At 19 years, 1 standard deviation above the median (z-score) coincides with the adult definition of overweight (BMI of 25 kg/m²).",,,[]
School,http://id.who.int/icd/entity/352616014,Obesity in school-aged children or adolescents from 5 to 19 years,"Children aged 5 to 19 years (61 to 228 completed months) have obesity if body mass index (BMI)-for-age is above 2 standard deviations of the median (z-score) of the WHO Growth Reference for School-aged Children and Adolescents. In the percentile system this corresponds to above percentile 97.7.

The level of obesity should be considered severe when BMI-for-age is above 3 standard deviations.

Body mass index (BMI) is calculated as weight (kg) divided by length/height² (m²).

At 19 years, 2 standard deviations above the median (z-score) coincide with the adult definition of obesity (BMI of 30 kg/m²).",,,[]
University/college,http://id.who.int/icd/entity/507390757,College or university,,,,[]
University/college,http://id.who.int/icd/entity/1428847289,Educational activity,,"paid engagement in educational activity; activities as student or pupil of school, college, university or other educational institution",,[]
Hospital,http://id.who.int/icd/entity/2125227683,Hospital,,,,[]
Hospital,http://id.who.int/icd/entity/53410898,In-hospital,,,,[]
Hospital,http://id.who.int/icd/entity/1674014893,Nosocomial,,Hospital-acquired,,[]
Hospital,http://id.who.int/icd/entity/391771100,Out-of-hospital,,,,[]
Hospital,http://id.who.int/icd/entity/1192033408,"Twin, born in hospital",,"twin liveborn infant born in hospital; newborn twin, born in hospital",,[]
Hospital,http://id.who.int/icd/entity/866233471,"Singleton, born in hospital",,liveborn infant born in hospital; newborn born in hospital,,[]
Hospital,http://id.who.int/icd/entity/887254804,"Twin, born outside hospital",,liveborn infant twin born outside hospital; newborn twin born outside hospital,,[]
Hospital,http://id.who.int/icd/entity/1363622909,Fall in health care,,fall in hospital,,[]
Hospital,http://id.who.int/icd/entity/1458201067,"Singleton, born outside hospital",,liveborn infant born outside hospital; newborn born outside hospital,,[]
Hospital,http://id.who.int/icd/entity/621081215,"Multiple other than twins, born in hospital",,multiple newborn born in hospital,,[]
Hospital,http://id.who.int/icd/entity/863363439,Nosocomially acquired pneumonia,,nosocomial pneumonia; hospital acquired pneumonia,,[]
Hospital,http://id.who.int/icd/entity/103149021,Person awaiting admission to acute hospital,,,,[]
Hospital,http://id.who.int/icd/entity/1078935531,"Multiple other than twins, born outside hospital",,multiple newborn born outside hospital,,[]
Hospital,http://id.who.int/icd/entity/872308459,Postpartum care after hospital delivery,,,,[]
Hospital,http://id.who.int/icd/entity/365144407,General hospital or personal use devices associated with injury or harm,,,,[]
Hospital,http://id.who.int/icd/entity/1635908992,Fall from stretcher in health care or hospital,,,,[]
Hospital,http://id.who.int/icd/entity/1006610887,Fall from hospital bed,,,,[]
Hospital,http://id.who.int/icd/entity/565313736,"General hospital or personal use devices associated with injury or harm, mobility devices",,,,[]
Hospital,http://id.who.int/icd/entity/1366483877,"General hospital or personal use devices associated with injury or harm, cautery device",,,,[]
Hospital,http://id.who.int/icd/entity/1397986370,"Postpartum care after planned, out of hospital delivery",,,,[]
Hospital,http://id.who.int/icd/entity/1564207544,Skin infection classified elsewhere due to hospital-acquired methicillin resistant Staphylococcus aureus,,Skin infection classified elsewhere due to hospital-acquired MRSA,,[]
Hospital,http://id.who.int/icd/entity/833889024,"General hospital or personal use devices associated with injury or harm, glucometer",,,,[]
Hospital,http://id.who.int/icd/entity/1357893838,Asymptomatic skin colonization by hospital-acquired methicillin resistant Staphylococcus aureus,,Asymptomatic skin colonization by hospital-acquired MRSA,,[]
Hospital,http://id.who.int/icd/entity/883510800,"General hospital or personal use devices associated with injury or harm, suture material",,,,[]
Hospital,http://id.who.int/icd/entity/1870333865,"General hospital or personal use devices associated with injury or harm, diagnostic or monitoring devices",,,,[]
Hospital,http://id.who.int/icd/entity/867964427,"Postpartum care after unplanned, out of hospital delivery",,,,[]
Hospital,http://id.who.int/icd/entity/885918513,Fall from chair in health care or hospital,,,,[]
Hospital,http://id.who.int/icd/entity/1643938175,"General hospital or personal use devices associated with injury or harm, miscellaneous devices, not elsewhere classified",,,,[]
Hospital,http://id.who.int/icd/entity/2068086293,"General hospital or personal use devices associated with injury or harm, monitoring cameras",,,,[]
Hospital,http://id.who.int/icd/entity/467031896,"General hospital or personal use devices associated with injury or harm, surgical instruments, materials or devices",General hospital and personal-use related surgical instruments like materials and devices (including sutures) were involved in an adverse related incident,,,[]
Hospital,http://id.who.int/icd/entity/993625196,"General hospital or personal use devices associated with injury or harm, blood pressure cuff",,,,[]
Hospital,http://id.who.int/icd/entity/732010502,"General hospital or personal use devices associated with injury or harm, robotic surgery equipment",,,,[]
Hospital,http://id.who.int/icd/entity/2124257986,"General hospital or personal use devices associated with injury or harm, prosthetic or other implants, materials or accessory devices","General hospital and personal-use related prosthetic and other implants, materials and accessory devices were involved in an adverse related incident",,,[]
Hospital,http://id.who.int/icd/entity/823366514,"General hospital or personal use devices associated with injury or harm, INR rapid testing monitors",,,,[]
Hospital,http://id.who.int/icd/entity/1532556473,"General hospital or personal use devices associated with injury or harm, misuse of deambulator or walker support",,,,[]
Hospital,http://id.who.int/icd/entity/170969661,"General hospital or personal use devices associated with injury or harm, therapeutic, nonsurgical or rehabilitative devices",A general hospital and personal-use device was involved in an adverse incident that occurred in a therapeutic (nonsurgical) and rehabilitative task,,,[]
Hospital,http://id.who.int/icd/entity/1596578041,"General hospital or personal use devices associated with injury or harm, misplacement of intravenous catheter resulting in “paravenous” administration of chemotherapy",,,,[]
Outpatient clinic,http://id.who.int/icd/entity/353376435,Unavailability of outpatient clinic,,,,[]
Outpatient clinic,http://id.who.int/icd/entity/1205128163,Outpatient clinic or health centre,,,,[]
Health professionals' office,http://id.who.int/icd/entity/1358737187,Health professionals' office,,,,[]
Factory,http://id.who.int/icd/entity/142446745,Factory or plant,,,,[]
Factory,http://id.who.int/icd/entity/224336967,Anaemias or other erythrocyte disorders,,"anaemia NOS; anaemic condition NOS; primary anaemia NOS; multifactorial anaemia NOS; anaemic NOS; unspecified erythrocyte disorder; Anaemia, unspecified; chronic anaemia",,[]
Factory,http://id.who.int/icd/entity/1939815950,Mycoses,,fungal infection of unspecified site; mycosis; alternaria infection; opportunistic mycoses; hemisporosis; tea taster's cough; tea-makers' asthma; tea-factory cough; mycotic disease,,[]
Factory,http://id.who.int/icd/entity/2043344688,Pruritus of multifactorial aetiology,"Pruritus due to two or more identified diseases/factors (e.g., chronic kidney disease and dry skin).",,,[]
Factory,http://id.who.int/icd/entity/1971950106,Pulmonary hypertension with multifactorial mechanism,,,,[]
Silo,http://id.who.int/icd/entity/1960063586,Silo filler disease,,Silo-filler's disease,,[]
Prison,http://id.who.int/icd/entity/1209988682,Prison,,,,[]
Prison,http://id.who.int/icd/entity/877604268,Examination for admission to prison,,medical examination for admission to prison; medical examination of prisoners for entrance into prison,,[]
Prison,http://id.who.int/icd/entity/1794240741,Routine medical examination of prisoners,,,,[]
Prison,http://id.who.int/icd/entity/567158242,Problem associated with release from prison,,problem related to release from prison,,[]
Prison,http://id.who.int/icd/entity/1495157188,"Insufficient social welfare support, post prison services",,inadequate post prison services support; insufficient post prison services support,,[]
Prison,http://id.who.int/icd/entity/3341420,"Perpetrator-victim relationship, prisoner or detainee",,,,[]
Prison,http://id.who.int/icd/entity/1753456363,"Type of legal intervention, handling, transporting, or custody of prisoner",,,,[]
Airport,http://id.who.int/icd/entity/1011692914,Battery-powered airport passenger vehicle,,,,[]
Public religious place,http://id.who.int/icd/entity/1078675662,Public religious place,,,,[]
Living room,http://id.who.int/icd/entity/1180428155,"Part of building or grounds, living room",,,,[]
Bedroom,http://id.who.int/icd/entity/595777851,"Part of building or grounds, bedroom",,,,[]
Dining room,http://id.who.int/icd/entity/1032355857,Dining room or kitchen table,,,,[]
Balcony,http://id.who.int/icd/entity/863976524,Moving around within the home,"Walking and moving around in one's home, within a room, between rooms, and around the whole residence or living area.",,,[]
Balcony,http://id.who.int/icd/entity/783808261,"Part of building or grounds, balcony",,,,[]
Balcony,http://id.who.int/icd/entity/669650876,"Fall from, out of or through balcony",,,,[]
Corridor,http://id.who.int/icd/entity/1228928556,"Part of building or grounds, corridor",,,,[]
Stairs,http://id.who.int/icd/entity/1021954298,"Stairs, steps",,,,[]
Stairs,http://id.who.int/icd/entity/1735344044,"Part of building or grounds, stairs",,,,[]
Stairs,http://id.who.int/icd/entity/1993770860,Going up and down stairs,Moving upwards and downwards so that at least one foot is always on the ground such as ascending and descending stairs or curbs.,,,[]
Stairs,http://id.who.int/icd/entity/2061105633,Fall or jump of undetermined intent from stairs or steps,,fall down stairs NOS; fell down stairs; fall down steps,,[]
Stairs,http://id.who.int/icd/entity/1796392726,Unintentional fall involving stairs and steps,,fall on or from stairs and steps,,[]
Stairs,http://id.who.int/icd/entity/441317559,Intentional self-harm by fall or jump from stairs or steps,,,,[]
Stairs,http://id.who.int/icd/entity/1270589394,Fall involving ice or snow on stairs and steps,,,,[]
Stairs,http://id.who.int/icd/entity/1377090014,Unintentional water transport injury event due to fall on stairs or ladders in watercraft,,,,[]
Elevator,http://id.who.int/icd/entity/1059562290,Elevated mood,A positive mood state typically characterised by increased energy and self-esteem which may be out of proportion to the individual's life circumstances.,,,[]
Elevator,http://id.who.int/icd/entity/2023062398,Hyperlipoproteinaemia,Disorders of lipoprotein metabolism that result in high levels of lipoproteins in the circulating blood,Hyperlipidaemia; hyperlipemia; lipemia; hyperlipidaemia NOS; elevated lipids; hyperlipoproteinemia NOS; lipemic; lipoproteinemia; lipidaemia; lipoidaemia,,[]
Elevator,http://id.who.int/icd/entity/93414842,"Lift, elevator",,,,[]
Elevator,http://id.who.int/icd/entity/2145207011,Prostate specific antigen positive,,PSA - [prostate specific antigen]; elevated PSA; increased prostatic specific antigen; Abnormality of prostate-specific antigen [PSA]; Elevated prostate specific antigen,,[]
Elevator,http://id.who.int/icd/entity/915343154,Fever of other or unknown origin,"An abnormal elevation of body temperature of unknown origin, often as a result of a pathologic process.","febrile; febris; fever; feverish; high body temperature; hyperthermia; hyperthermic; increased body temperature; pyrexia; fever NOS; raised body temperature; Pyrexia NOS; ephemeral fever; elevated body temperature; FUO - [fever of unknown origin]; hyperpyrexia; Hyperpyrexia NOS; hyperpyrexia of unknown origin; malignant hyperthermia; PUO - [pyrexia of unknown origin]; fever, unspecified; intermittent fever of unknown origin",,[]
Elevator,http://id.who.int/icd/entity/1648183157,Eventration of diaphragm,,diaphragm elevation; high diaphragm,,[]
Elevator,http://id.who.int/icd/entity/761947693,Essential hypertension,"Essential (primary) hypertension, accounting for 95% of all cases of hypertension, is defined as high blood pressure for which a secondary cause cannot be found.",idiopathic hypertension; primary hypertension; systemic primary arterial hypertension; HBP - [high blood pressure]; systemic arterial hypertensive disorder; high blood pressure; elevated blood pressure; arterial hypertension NOS; hypertension NOS; benign hypertension; systemic arterial hypertension; Systemic hypertension; artery HTN; benign HTN - [hypertension]; vascular HTN; vascular hypertension; cholesterol hypertension; cholesterol HTN; idiopathic HTN; Malignant hypertension; malignant HTN - [hypertension]; raised blood pressure; cardiovascular hypertension; primary HTN - [hypertension]; high arterial tension; high blood pressure disorder; HT - [hypertension]; HTN - [hypertension]; hyperpiesia; hypertensive vascular disease; hypertensive vascular degeneration,,[]
Elevator,http://id.who.int/icd/entity/885246206,Hypercalcaemia,"Hypercalcaemia is a condition caused by increased calcium levels. The higher the calcium levels and the faster its level rises, the more severe will be the symptoms. When present, symptoms are caused by dehydration secondary to urinary losses of calcium, water and other electrolytes, and to an increase in membrane potential caused by the elevation in extracellular fluid ionized calcium concentration. Patients with moderate to severe hypercalcaemia often complain of nausea and vomiting, symptoms likely related to dehydration as well as to the effects of the hypercalcaemia on central nervous system function. Because hypercalcaemia tends to hyperpolarize membranes, a range of neurologic and neuromuscular signs and symptoms can occur. Patients with mild hypercalcaemia often complain of fatigue, depressed mood and asthenia. Gastrointestinal motility is impaired; this commonly results in constipation.",Calcium excess; elevated serum calcium; hypercalcaemic crisis; hypercalcaemic syndrome; Burnett syndrome; milk-alkali syndrome,,[]
Elevator,http://id.who.int/icd/entity/1451058270,Elevated fracture,,,,[]
Elevator,http://id.who.int/icd/entity/1877346353,Impaired fasting glucose,Impaired fasting tolerance is a metabolic disorder with Fasting Plasma Glucose (FPG) 110–125 mg/dl (6.1–6.9 mmol/l).,IFG - [impaired fasting glucose]; impaired fasting glycaemia; elevated fasting glucose; high fasting blood sugar,,[]
Elevator,http://id.who.int/icd/entity/1861896171,Elevated erythrocyte sedimentation rate,,elevated sedimentation rate; raised ESR - [erythrocyte sedimentation rate]; increased erythrocyte sedimentation rate; increased red blood cell sedimentation rate,,[]
Elevator,http://id.who.int/icd/entity/1520461647,Congenitally elevated optic disc,,,,[]
Elevator,http://id.who.int/icd/entity/206313225,Elevated urine levels of steroids,,,,[]
Elevator,http://id.who.int/icd/entity/1647137957,Elevated work platform,,,,[]
Elevator,http://id.who.int/icd/entity/307705857,Elevated blood glucose level,,high blood sugar; increased blood glucose level; hyperglycaemia NOS,,[]
Elevator,http://id.who.int/icd/entity/1883724652,"Part of building or grounds, elevator",,,,[]
Elevator,http://id.who.int/icd/entity/1842978338,Disorders of tyrosine metabolism,,disturbance of tyrosine metabolism; elevated tyrosine blood level; excessive accumulation of tyrosine in tissue; tyrosinuria,,[]
Elevator,http://id.who.int/icd/entity/925785183,Increased intracranial pressure,"An increase in pressure within the skull caused by changes in the volumes of the intracranial components, such as brain matter, CSF and blood, or by the presence of a pathological mass entity.",raised intracranial pressure; elevated intracranial pressure; increased intracranium pressure; increased ICP - [intracranial pressure],,[]
Elevator,http://id.who.int/icd/entity/2110388186,Elevated urine levels of catecholamines,,,,[]
Elevator,http://id.who.int/icd/entity/391388807,Acute ST elevation myocardial infarction,"ST elevation myocardial infarction (STEMI) is an acute myocardial infarction with developing ST elevation in two contiguous leads of the electrocardiogram. The criteria of ST elevation are as follows: New ST elevation at the J point in two contiguous leads where these cut points apply: 0.2mV in men > 40 years, > 0.25mV in men < 40 years, and > 0.15 mV in women.",Acute ST segment elevation myocardial infarction; STEMI - [ST elevation myocardial infarction]; ST elevation myocardial infarction; ST elevation MI [myocardial infarction],,[]
Elevator,http://id.who.int/icd/entity/1923299435,Elevated hepatic enzymes in unspecified cystic fibrosis,,,,[]
Elevator,http://id.who.int/icd/entity/194998466,Congenital monocular elevator palsy,,Double elevator palsy,,[]
Elevator,http://id.who.int/icd/entity/577058754,Elevated digestive power pattern (TM2),,(a) tīkṣṇāgniḥ,,[]
Elevator,http://id.who.int/icd/entity/1281050160,Monocular elevator palsy,"Monocular elevator palsy is an incomplete or absent movement of one eye in upgaze. May be due to pathology in the orbit, as well as infranuclear, internuclear, or supranuclear in origin.",,,[]
Elevator,http://id.who.int/icd/entity/1401866267,"Subsequent myocardial infarction, ST elevation myocardial infarction","Extension or recurrent myocardial infarction. This category should be assigned for infarction of any myocardial site, occurring within 4 weeks (28 days) from onset of a previous infarction. This most commonly results from total occlusion of the culprit coronary artery.",subsequent ST segment elevation myocardial infarction; subsequent STEMI - [ST elevation myocardial infarction],,[]
Elevator,http://id.who.int/icd/entity/244762378,Hypertensive emergency,"A hypertensive emergency is an acute, marked elevation in blood pressure that is associated with signs of target-organ damage. These can include pulmonary edema, cardiac ischemia, neurologic deficits, acute renal failure, aortic dissection, and eclampsia.",hypertensive crisis with acute organ damage; severely elevated blood pressure with acute organ damage,,[]
Elevator,http://id.who.int/icd/entity/815670637,Idiopathic intracranial hypertension,"This is a syndrome of elevated pressure inside the brain, in the absence of a mass lesion, venous thrombosis and abnormalities of the brain parenchyma. It is associated with several aetiological factors including weight gain, iron deficiency, endocrine abnormalities and medications. Clinical features include headaches, visual disturbances and papilloedema.",benign intracranial hypertension; intracranial hypertension; intracranial HTN - [hypertension]; BIH - [benign intracranial hypertension]; pseudotumor cerebri; brain HTN - [hypertension]; cerebral hypertensive disease; malignant intracranial HTN [hypertension]; malignant intracranial pressure elevation; idiopathic intracranial hypertension - [IIH],,[]
Elevator,http://id.who.int/icd/entity/680129526,Acute non-ST elevation myocardial infarction,,Acute non ST segment elevation myocardial infarction; NSTEMI - [non ST elevation myocardial infarction]; non systolic time elevation myocardial infarction; non q wave myocardial infarction; non STEMI - [non ST elevation myocardial infarction],,[]
Elevator,http://id.who.int/icd/entity/801539496,Elevated papule disorder (TM2),,"(a) andhālajī, (a) antrālajī",,[]
Elevator,http://id.who.int/icd/entity/1887214457,Elevated white blood cell count,,increased white blood cell count; high white blood cell count; leukocytosis,,[]
Elevator,http://id.who.int/icd/entity/1005804219,Elevated hepatic enzymes in atypical cystic fibrosis,"This refers to elevated hepatic enzymes, in an atypical autosomal recessive genetic disorder that affects most critically the lungs, and also the pancreas, liver, and intestine. It is characterised by abnormal transport of chloride and sodium across an epithelium, leading to thick, viscous secretions.",,,[]
Elevator,http://id.who.int/icd/entity/499738648,Elevated hepatic enzymes in classical cystic fibrosis,"This is elevated hepatic enzymes in an autosomal recessive genetic disorder that affects most critically the lungs, and also the pancreas, liver, and intestine.",,,[]
Elevator,http://id.who.int/icd/entity/1733192775,Acute transmural myocardial infarction of unspecified site,,,,[]
Elevator,http://id.who.int/icd/entity/1288967650,Elevated urine levels of 17-ketosteroids,,,,[]
Elevator,http://id.who.int/icd/entity/273818455,Acquired monocular elevator palsy,,Supranuclear paresis of monocular elevation,,[]
Elevator,http://id.who.int/icd/entity/518336076,"Elevated urine levels of drugs, medicaments and biological substances","Elevated urine levels of drugs, medicaments and biological substances mean that the levels of drugs, medicaments, and biological substances have elevated on the urine examination.",,,[]
Elevator,http://id.who.int/icd/entity/1409586837,Elevation of levels of transaminase or lactic acid dehydrogenase,,Elevation of levels of transaminase and LDH - [lactic acid dehydrogenase],,[]
Elevator,http://id.who.int/icd/entity/920540440,"Acute ST elevation myocardial infarction, other site","STEMI, other site, is an acute myocardial infarction with developing ST elevation in two contiguous leads except for anterior and inferior leads. [ESC/ACCF/AHA/WHF Expert Consensus Document Third Universal Definition of Myocardial Infarction Circulation, 2012, Oct 16;126(16):2020-35]",,,[]
Elevator,http://id.who.int/icd/entity/676274396,Highly elevated digestive power pattern (TM2),,"(a) atyagniḥ, (a) bhasmakaḥ",,[]
Elevator,http://id.who.int/icd/entity/1939000454,Elevated urine levels of indoleacetic acid,,,,[]
Elevator,http://id.who.int/icd/entity/956687992,Hypertensive urgency,"Hypertensive urgency occurs when blood pressure spikes -- blood pressure readings are 180/110 mmHg or higher -- but there is no damage to the body's organs (such as pulmonary edema, cardiac ischemia, neurologic deficits, or acute renal failure). Blood pressure can be brought down safely within a few hours with blood pressure medication.",hypertensive crisis without acute organ damage; severely elevated blood pressure without acute organ damage,,[]
Elevator,http://id.who.int/icd/entity/2070501946,"Subsequent myocardial infarction, non-ST elevation myocardial infarction","Extension or recurrent myocardial infarction. For morbidity coding, this category should be assigned for infarction of any myocardial site, occurring within 4 weeks (28 days) from onset of a previous infarction. This most commonly results from severe obstruction, but not total occlusion, of the culprit coronary artery.",subsequent non ST segment elevation myocardial infarction; Subsequent NSTEMI,,[]
Elevator,http://id.who.int/icd/entity/2016376826,"Acute myocardial infarction, without specification of ST elevation","This is commonly known as a heart attack, results from the interruption of blood supply to a part of the heart, causing heart cells to die. This is most commonly due to occlusion (blockage) of a coronary artery following the rupture of a vulnerable atherosclerotic plaque, which is an unstable collection of lipids (cholesterol and fatty acids) and white blood cells (especially macrophages) in the wall of an artery, ST elevation unspecified.","coronary thrombosis; blood vessel heart rupture; cardiac accident; cardiac rupture; cardiac thrombosis; coronary accident; coronary arterial embolism; coronary arterial infarct; coronary arterial infarction; coronary arterial occlusion; coronary arterial rupture; coronary arterial thrombosis; coronary arterial vessel thrombosis; coronary artery embolism; coronary artery infarct; coronary artery infarction; coronary artery occlusion; coronary artery thromboembolism; coronary artery rupture; coronary artery thrombosis; coronary venous embolism; coronary vein embolism; coronary thromboembolism; coronary artery vessel thrombosis; coronary embolism; coronary rupture; coronary thrombus; coronary occlusion, NOS; coronary vessel thrombosis; endocardial thrombosis; fatty heart embolism; intracardiac thrombus; intramural thrombosis; mural thrombosis; mural thrombus; myocardial rupture; rupture of heart; ruptured coronary artery; ruptured blood vessel heart; ruptured myocardium; thrombosis of heart",,[]
Elevator,http://id.who.int/icd/entity/2074158666,Early repolarisation syndrome,Genetic arrhythmia disorder characterised by inferolateral J wave elevation noted on ECG in conjunction with ventricular fibrillation not explained by other causes.,inferolateral J wave elevation syndrome,,[]
Elevator,http://id.who.int/icd/entity/521851532,"Acute ST elevation myocardial infarction, anterior wall","STEMI, anterior wall, is an acute myocardial infarction with developing ST elevation in two contiguous leads such as anterior leads (V1-V6). [ESC/ACCF/AHA/WHF Expert Consensus Document Third Universal Definition of Myocardial Infarction Circulation, 2012, Oct 16;126(16):2020-35]",anterolateral ST elevation myocardial infarction,,[]
Elevator,http://id.who.int/icd/entity/175677076,"Acute non ST elevation myocardial infarction, other site","This is commonly known as a heart attack, and results from the interruption of blood supply to a part of the heart, causing heart cells to die, NSTEMI, other site.",,,[]
Elevator,http://id.who.int/icd/entity/81232159,"Acute ST elevation myocardial infarction, inferior wall","STEMI, inferior wall, is an acute myocardial infarction with developing ST elevation in two contiguous leads such as inferior leads (II, III, aVF). [ESC/ACCF/AHA/WHF Expert Consensus Document Third Universal Definition of Myocardial Infarction Circulation, 2012, Oct 16;126(16):2020-35]",,,[]
Elevator,http://id.who.int/icd/entity/1231064639,"Subsequent myocardial infarction, without specification of ST elevation",,,,[]
Elevator,http://id.who.int/icd/entity/1624684200,"Subsequent myocardial infarction, ST elevation myocardial infarction, anterior wall","Subsequent infarction (acute)(of): anterior (wall), anteroapical, anterolateral, anteroseptal","Subsequent STEMI, anterior wall",,[]
Elevator,http://id.who.int/icd/entity/1009806764,Elevated C-reactive protein,,increased C-reactive protein,,[]
Sports hall,http://id.who.int/icd/entity/2013926996,Indoor sporting hall,,,,[]
Bathroom/toilet,http://id.who.int/icd/entity/1745563387,"Part of building or grounds, bathroom, toilet",,,,[]
Hall,http://id.who.int/icd/entity/1845613381,Pallister-Hall syndrome,"Pallister-Hall syndrome is a multiple congenital anomalies syndrome characterised by a wide range of clinical manifestations. It mainly associates central or postaxial polydactyly, syndactyly, and hypothalamic hamartoma. Visceral malformations are frequent, such as anal atresia, bifid uvula, congenital heart malformations, pulmonary or renal dysplasia.",,,[]
Hall,http://id.who.int/icd/entity/1206883656,Sheldon-Hall syndrome,"Sheldon-Hall syndrome is a rare multiple congenital contracture syndrome characterised by contractures of the distal joints of the limbs, triangular face, downslanting palpebral fissures, small mouth, and high arched palate. E",Distal arthrogryposis type 2B,,[]
Hall,http://id.who.int/icd/entity/2013926996,Indoor sporting hall,,,,[]
Hall,http://id.who.int/icd/entity/1190955738,"X-linked intellectual deficit, Golabi-Ito-Hall type","Golabi-Ito-Hall syndrome is an X-linked intellectual disability (XLMR; ) characterised by intellectual deficiency, microcephaly and short stature. It belongs to the group of disorders collectively referred to as Renpenning syndrome .",,,[]
Office,http://id.who.int/icd/entity/320923239,Office building,,,,[]
Office,http://id.who.int/icd/entity/1358737187,Health professionals' office,,,,[]
Office,http://id.who.int/icd/entity/79471651,Discord with probation officer,,problem with probation officer,,[]
Office,http://id.who.int/icd/entity/231870651,"Part of building or grounds, office or home office",,,,[]
Kitchen,http://id.who.int/icd/entity/1642868620,Kitchen bench,,kitchen counter,,[]
Kitchen,http://id.who.int/icd/entity/1162203379,Cooking or kitchen appliance,,,,[]
Kitchen,http://id.who.int/icd/entity/1973118472,"Crockery, kitchen container",,,,[]
Kitchen,http://id.who.int/icd/entity/1366524859,"Part of building or grounds, kitchen",,,,[]
Kitchen,http://id.who.int/icd/entity/1032355857,Dining room or kitchen table,,,,[]
Kitchen,http://id.who.int/icd/entity/504026030,"Fitted counter, counter-top, kitchen top",,,,[]
Laboratory,http://id.who.int/icd/entity/425996485,Laboratory examination,,laboratory test,,[]
Laboratory,http://id.who.int/icd/entity/1686171293,Diagnosis confirmed by laboratory examination,,,,[]
Laboratory,http://id.who.int/icd/entity/599682963,"Abnormal laboratory results, not elsewhere classified",,,,[]
Laboratory,http://id.who.int/icd/entity/685552857,Preprocedural laboratory examination,,,,[]
Laboratory,http://id.who.int/icd/entity/82994689,Laboratory evidence of human immunodeficiency virus,,human immunodeficiency virus test positive; positive test for HIV; laboratory evidence of HIV,,[]
Laboratory,http://id.who.int/icd/entity/1790791774,"COVID-19, virus identified",,2019-new Coronavirus acute respiratory disease (deprecated); 2019-nCoV acute respiratory disease [temporary name] (deprecated); Coronavirus disease 2019; SARS-CoV-2 disease; confirmed COVID-19; confirmed COVID-19 with symptoms; COVID-19 confirmed with laboratory testing with symptoms; COVID-19 NOS; covid,,[]
Laboratory,http://id.who.int/icd/entity/1486709569,False-positive serological test for syphilis,,false-positive serology for syphilis; false positive VDRL - [venereal disease research laboratory] test; False-positive Wassermann reaction,,[]
Laboratory,http://id.who.int/icd/entity/1670472411,Problem with clinical software without injury or harm,"Software malfunction causing interruption in processing of patient orders, laboratory or other diagnostic results, data entry, electronic communication, or data output, but without documented injury or harm.",interruption of processing of patient orders without documentation of injury or harm; interruption of processing or receipt of laboratory or other diagnostic results without documented injury or harm,,[]
Construction,http://id.who.int/icd/entity/89223358,Follow-up care involving plastic surgery,,repair of scarred tissue; plastic and reconstructive surgery following healed injury or operation; reconstructive surgery; reconstruction procedure; surgical reconstruction,,[]
Construction,http://id.who.int/icd/entity/37582458,"Economic activity, construction",,,,[]
Construction,http://id.who.int/icd/entity/917441742,Architecture and construction systems,"Administrative control and monitoring mechanisms that govern the planning, design, construction and maintenance of residential, commercial, industrial and public buildings, such as for implementing and monitoring building codes, construction standards, and fire and life safety standards.",,,[]
Construction,http://id.who.int/icd/entity/839669614,Industrial or construction area,,,,[]
Construction,http://id.who.int/icd/entity/562522126,Architecture and construction services,"Services and programmes for design, construction and maintenance of residential, commercial, industrial and public buildings, such as house-building, the operationalization of design principles, building codes, regulations and standards, including those who provide these services.",,,[]
Construction,http://id.who.int/icd/entity/1851915398,Unintentional land transport traffic event injuring a user of a special construction vehicle,,occupant of special construction vehicle injured in transport accident; Special-construction-vehicle accident NOS,,[]
Construction,http://id.who.int/icd/entity/265789838,Architecture and construction policies,"Legislation, regulations and standards that govern the planning, design, construction and maintenance of residential, commercial, industrial and public buildings, such as policies on building codes, construction standards, and fire and life safety standards.",,,[]
Construction,http://id.who.int/icd/entity/640506137,Building under construction,,,,[]
Construction,http://id.who.int/icd/entity/1512451649,"Architecture and construction services, systems and policies","Services, systems and policies for the design and construction of buildings, public and private.",,,[]
Construction,http://id.who.int/icd/entity/2023857187,Unspecified occupant of special construction vehicle injured in traffic accident,,,,[]
Construction,http://id.who.int/icd/entity/1766261064,Passenger of special construction vehicle injured in traffic accident,,,,[]
Construction,http://id.who.int/icd/entity/447320796,Passenger of special construction vehicle injured in nontraffic accident,,,,[]
Construction,http://id.who.int/icd/entity/202165470,Driver of special construction vehicle injured in traffic accident,,,,[]
Construction,http://id.who.int/icd/entity/1845805603,Driver of special construction vehicle injured in nontraffic accident,,,,[]
Construction,http://id.who.int/icd/entity/1379782912,"Design, construction and building products and technology of buildings for public use","Products and technology that constitute an individual's indoor and outdoor human-made environment that is planned, designed and constructed for public use, including those adapted or specially designed.",,,[]
Construction,http://id.who.int/icd/entity/431236800,"Design, construction and building products and technology of buildings for private use","Product and technology that constitute an individual's indoor and outdoor human-made environment that is planned, designed and constructed,(e.g. home, dwelling) for private use, including those adapted or specially designed.",,,[]
Construction,http://id.who.int/icd/entity/1393249384,Special construction vehicle as mode of transport of person injured in transport related event,"A motor vehicle designed specifically for use in the construction (or demolition) of roads, buildings and other structures or associated earth-moving.",,,[]
Construction,http://id.who.int/icd/entity/501895607,Person on outside of special construction vehicle injured in traffic accident,,,,[]
Construction,http://id.who.int/icd/entity/1570324234,Special construction vehicle as counterpart in land transport crash,"A motor vehicle designed specifically for use in the construction (or demolition) of roads, buildings and other structures or associated earth-moving.",,,[]
Construction,http://id.who.int/icd/entity/2145541962,Person on outside of special construction vehicle injured in nontraffic accident,,,,[]
Construction,http://id.who.int/icd/entity/1819742234,Mobile machinery or special purpose vehicle mainly used in construction,,,,[]
Construction,http://id.who.int/icd/entity/189730743,Person injured while boarding or alighting from special construction vehicle,,,,[]
Construction,http://id.who.int/icd/entity/1732462765,Acquired narrowing of constructed cardiac intraventricular tunnel,Impeded or blocked flow in an intraventricular tunnel due to narrowing or stenosis.,,,[]
Construction,http://id.who.int/icd/entity/723879647,Unintentional land transport nontraffic event injuring a user of a special construction vehicle,,,,[]
Construction,http://id.who.int/icd/entity/593535840,"Design, construction and building products and technology for physical safety of persons in buildings for public use","Indoor and outdoor products and technology for public use to assure safety, such as guardrails for beds and emergency signals.",,,[]
Construction,http://id.who.int/icd/entity/884778984,"Design, construction and building products and technology for physical safety of persons in buildings for private use","Indoor and outdoor products and technology for private use (e.g. home, dwelling)to assure safety such as guardrails, emergency signals, and secure storage of hazardous objects (e.g. weapons) or materials (e.g. solvents, insecticides).",,,[]
Construction,http://id.who.int/icd/entity/1838051789,Assault by land transport traffic event injuring occupant of special construction vehicle,,,,[]
Construction,http://id.who.int/icd/entity/451702376,"Design, construction and building products and technology for gaining access to facilities in buildings for private use","Products and technology related to design, building and construction inside buildings for private use, such as washroom facilities, telephones, audio loops, kitchen cabinets, appliances and electronic controls in private homes.",,,[]
Construction,http://id.who.int/icd/entity/437784096,"Design, construction and building products and technology for entering and exiting buildings for public use","Products and technology of entry and exit from the human-made environment that is planned, designed and constructed for public use, such as design, building and construction of entries and exits to buildings for public use (e.g. child care settings, schools, workplaces, shops and theatres), public buildings, portable and stationary ramps, power-assisted doors, lever door handles and level door thresholds.",,,[]
Construction,http://id.who.int/icd/entity/1682209990,Land transport traffic injury event of undetermined intent injuring a user of a special construction vehicle,,,,[]
Construction,http://id.who.int/icd/entity/1843870705,Land transport nontraffic injury event of undetermined intent injuring a user of a special construction vehicle,,,,[]
Construction,http://id.who.int/icd/entity/230951592,"Design, construction and building products and technology for entering and exiting of buildings for private use","Products and technology of entry and exit from the human-made environment that is planned, designed and constructed for private use, such as entries and exits to private homes, portable and stationary ramps, power-assisted doors, lever door handles and level door thresholds.",,,[]
Construction,http://id.who.int/icd/entity/94693671,Unintentional land transport event unknown whether traffic or nontraffic injuring an occupant of a special construction vehicle,,,,[]
Construction,http://id.who.int/icd/entity/877184928,"Design, construction and building products and technology for way finding, path routing and designation of locations in buildings for public use","Indoor and outdoor products and technology in design, building and construction for public use to assist people to find their way inside and immediately outside buildings and locate the places they want to go to, such as signage, in Braille or writing, size of corridors, floor surfaces, accessible kiosks and other forms of directories.",,,[]
Construction,http://id.who.int/icd/entity/596951848,"Design, construction and building products and technology for way finding, path routing and designation of locations in buildings for private use","Indoor and outdoor products and technology in design, building and construction of path routing for private use, to assist people to find their way inside and immediately outside buildings and locate the places they want to go to, such as signage, in Braille or writing, size of corridors and floor surfaces.",,,[]
Construction,http://id.who.int/icd/entity/221276896,"Design, construction and building products and technology for gaining access to facilities inside buildings for public use","Products and technology of indoor facilities in design, building and construction for public use, such as washroom facilities, telephones, audio loops, lifts or elevators, escalators, thermostats (for temperature regulation) and dispersed accessible seating in auditoriums or stadiums.",,,[]
Construction,http://id.who.int/icd/entity/1473420042,"Land transport injury event of undetermined intent, unknown whether road traffic or off-road nontraffic injuring a user of a special construction vehicle",,,,[]
demolition site,http://id.who.int/icd/entity/525726809,Demolition site,,,,[]
Kindergarten,http://id.who.int/icd/entity/2078741861,Preschool or kindergarten,,,,[]
day care,http://id.who.int/icd/entity/1117763621,Child centre or day care centre,,,,[]
Hut,http://id.who.int/icd/entity/355486162,Hut,,,,[]
tent,http://id.who.int/icd/entity/826737824,Tent,,,,[]
tent,http://id.who.int/icd/entity/1441846330,"Infant or child product, play tent, tunnel, or other enclosure",,,,[]
Shed,http://id.who.int/icd/entity/1406399454,Nail shedding,,Onychomadesis,,[]
Shed,http://id.who.int/icd/entity/1232331159,Late exfoliation of teeth,,delayed exfoliation of deciduous tooth; delayed shedding of deciduous tooth; delayed exfoliation of primary teeth,,[]
Shed,http://id.who.int/icd/entity/46579516,Early exfoliation of teeth,,"premature loss of primary teeth; Premature loss of teeth; premature shedding of deciduous tooth; Premature shedding of primary deciduous tooth; premature shedding of primary tooth; deciduous teeth, premature shedding; precocious exfoliation of primary teeth",,[]
Shed,http://id.who.int/icd/entity/1585443443,Chronic telogen hair shedding secondary to specified cause,"Diffuse telogen hair shedding lasting longer than six months secondary to an identified cause. To be a true cause of chronic diffuse telogen hair loss, the relationship between the trigger and the hair loss must be reversible and reproducible. Firm diagnosis requires exclusion of other known causes of shedding (especially androgenetic alopecia) and reversal of the hair loss following correction of the causative factor. Accepted causes of chronic diffuse telogen hair loss are thyroid disorders (both hyperthyroidism and hypothyroidism), profound iron deficiency, severe zinc deficiency, chronic starvation, retinoid drugs and systemic lupus erythematosus.",,,[]
Shed,http://id.who.int/icd/entity/136879689,Cerebral ischaemic stroke due to global hypoperfusion with watershed infarct,"This is a sudden loss of brain function due to a lack of adequate blood flow. It occurs in association with a low state of blood flow to the brain. The ""watershed"" regions of the brain, regions that are supplied by the branching ends of two large arteries, are particularly sensitive to low oxygen supply when arteries do not maintain the appropriate tension.",,,[]
garage,http://id.who.int/icd/entity/67666599,Commercial garage,,,,[]
garage,http://id.who.int/icd/entity/753322092,"Part of building or grounds, garage",,,,[]
garage,http://id.who.int/icd/entity/1047481739,Carbon monoxide from motor vehicle exhaust,,carbon monoxide from exhaust of combustion engine of motor vehicle not in transit; carbon monoxide from farm tractor exhaust when not in transit; vehicle exhaust fumes; carbon monoxide from exhaust of motor vehicle not in transit; exhaust gas of automobile not in transit; motor vehicle exhaust when motor not in transit; exhaust gas of motor vehicle not in transit; carbon monoxide from motor vehicle exhaust in garage,,[]
Apartment,http://id.who.int/icd/entity/1589231122,Apartment or flat,,,,[]
Apartment,http://id.who.int/icd/entity/179017711,Hypertelorism,A condition caused by failure of the facial bones to correctly develop during the antenatal period. This condition is characterised by higher than normal distance between the eyes.,eyes wide apart; eyes widely set; hypertelorism of orbit; ocular hypertelorism; orbital separation excessive,,[]
Mountain,http://id.who.int/icd/entity/844275673,Land forms,"Features of the landscape, such as mountains, hills, valleys plains, plateaus, and deserts.",,,[]
Mountain,http://id.who.int/icd/entity/2078557436,Zygadenus plant,,Zygadenus; Zigadenus venenosus; mountain camas; death camas,,[]
Mountain,http://id.who.int/icd/entity/738076781,Mountain juniper,,,,[]
Mountain,http://id.who.int/icd/entity/1716687275,Brucellosis due to Brucella melitensis,"Brucella melitensis is non-motile, Gram-negative, aerobic, unencapsulated
cocci or short rods. Brucella melitensis is the most prevalent species causing human brucellosis, owing in part to difficulties in immunizing free-ranging goats and sheep.",brucellosis melitensis; infection due to Brucella melitensis; Cyprus fever; mountain fever; melitensis febris; Neapolitan fever; Gibraltar fever,,[]
Mountain,http://id.who.int/icd/entity/1269620108,"Type of sport or exercise activity, mountaineering",,,,[]
Mountain,http://id.who.int/icd/entity/951357413,Colorado tick fever,,American mountain tick fever; mountain tick fever; Colorado tick-borne fever; Colorado tick fever virus; non-exanthematous tick fever,,[]
Mountain,http://id.who.int/icd/entity/342341573,Monge disease,,Mountain sickness,,[]
Mountain,http://id.who.int/icd/entity/1609515894,"Type of sport or exercise activity, mountain cycling",,"Type of sport or exercise activity, mountain bike",,[]
Mountain,http://id.who.int/icd/entity/215936800,Spotted fever due to Rickettsia rickettsii,,Rocky Mountain spotted fever; Sao Paulo fever; Sao Paulo typhus; Lone star spotted fever; Colombian spotted fever; American spotted fever; Tick typhus due to Rickettsia rickettsii; Rocky Mountain tick fever,,[]
Mountain,http://id.who.int/icd/entity/1223284044,Rocky Mountain spotted fever vaccines,,,,[]
Mountain,http://id.who.int/icd/entity/1669943822,"Lion, puma, panther, cougar, mountain lion, tiger",,,,[]
mine,http://id.who.int/icd/entity/1839509209,Mine or quarry,,stone quarries,,[]
mine,http://id.who.int/icd/entity/1683201114,Coal-car in mine,,,,[]
mine,http://id.who.int/icd/entity/1236566458,"Economic activity, mining, quarrying, or extraction",,,,[]
mine,http://id.who.int/icd/entity/802843546,"Tram, truck, or tub in mine or quarry",,,,[]
mine,http://id.who.int/icd/entity/1440647483,Explosion of mine after cessation of armed conflict,,,,[]
mine,http://id.who.int/icd/entity/171818674,Explosion of depth-charge or marine mine during armed conflict,,,,[]
beach,http://id.who.int/icd/entity/837295519,Swimmer's ear,Acute infective otitis externa occurring in swimmers as a result of bacterial overgrowth of skin of the external auditory canal macerated by prolonged immersion in water.,Beach ear,,[]
beach,http://id.who.int/icd/entity/218491044,"Body of water, beach, seashore",,,,[]
beach,http://id.who.int/icd/entity/1819913953,"Beach, shore or bank of a body of water",,,,[]
Metro,http://id.who.int/icd/entity/145732133,Metrovaginitis,,,,[]
Metro,http://id.who.int/icd/entity/1693243987,Puerperal metrovaginitis,,,,[]
Metro,http://id.who.int/icd/entity/99750936,Metrosalpingitis,,perimetrosalpingitis,,[]
Metro,http://id.who.int/icd/entity/1087633763,Puerperal metroperitonitis,,,,[]
Metro,http://id.who.int/icd/entity/356237150,Puerperal metrosalpingitis,,puerperal perimetrosalpingitis; puerperal pyosalpingitis; puerperal salpingoperitonitis,,[]
Apartment,http://id.who.int/icd/entity/1589231122,Apartment or flat,,,,[]
Apartment,http://id.who.int/icd/entity/179017711,Hypertelorism,A condition caused by failure of the facial bones to correctly develop during the antenatal period. This condition is characterised by higher than normal distance between the eyes.,eyes wide apart; eyes widely set; hypertelorism of orbit; ocular hypertelorism; orbital separation excessive,,[]
beach,http://id.who.int/icd/entity/837295519,Swimmer's ear,Acute infective otitis externa occurring in swimmers as a result of bacterial overgrowth of skin of the external auditory canal macerated by prolonged immersion in water.,Beach ear,,[]
beach,http://id.who.int/icd/entity/218491044,"Body of water, beach, seashore",,,,[]
beach,http://id.who.int/icd/entity/1819913953,"Beach, shore or bank of a body of water",,,,[]
Transport accident,http://id.who.int/icd/entity/1596356387,Unintentional water transport injury event,,Water transport accidents; Boat transport accident NOS; ship transport accident NOS; Watercraft transport accident NOS,,[]
Transport accident,http://id.who.int/icd/entity/69852207,Unintentional air or space transport injury event,,Air and space transport accidents; Air transport accident NOS; Aircraft accident NOS; accidents to nonoccupants of aircraft,,[]
Transport accident,http://id.who.int/icd/entity/79623775,Unintentional land transport injury event unknown whether road traffic or off-road nontraffic,,unintentional land transport injury event unknown whether on road or off-road; land transport accident NOS; motor vehicle accident NOS; MVA - [motor vehicle accident] NOS; MVC - [motor vehicle crash]; motor vehicle collision NOS; head on collision NOS; auti accident NOS,,[]
Transport accident,http://id.who.int/icd/entity/1114138453,Unintentional land transport traffic event injuring a pedestrian,,pedestrian injured in transport accident,,[]
Transport accident,http://id.who.int/icd/entity/714231201,Unintentional land transport off-road nontraffic injury event,,unintentional land transport injury event occurring off-road; unintentional off-road crash; nontraffic land transport accident,,[]
Transport accident,http://id.who.int/icd/entity/1273171148,Pedestrian injured in other and unspecified transport accidents,,,,[]
Transport accident,http://id.who.int/icd/entity/1573350953,Unintentional land transport traffic event injuring an occupant of a heavy goods vehicle,,"occupant of heavy transport vehicle injured in transport accident; Unintentional land transport traffic event injuring an occupant of a heavy transport vehicle; Collision NOS involving heavy transport vehicle, traffic; Accident NOS involving heavy transport vehicle",,[]
Transport accident,http://id.who.int/icd/entity/1758338082,Unintentional land transport traffic event injuring a car occupant,,car occupant injured in transport accident,,[]
Transport accident,http://id.who.int/icd/entity/721114126,Unintentional land transport traffic event injuring an occupant of a bus or coach,,"Bus occupant injured in transport accident; Bus collision NOS, traffic; Bus accident NOS",,[]
Transport accident,http://id.who.int/icd/entity/472270037,Pedal cyclist injured in other and unspecified transport accidents,,"Pedal cycle collision NOS, traffic; Pedal cycle accident NOS; Bicycle accident NOS; Bicycle collision NOS, traffic; bicyclist injured in other and unspecified transport accident",,[]
Transport accident,http://id.who.int/icd/entity/551890744,Sequelae of transport accidents,,late effect of transport accidents,,[]
Transport accident,http://id.who.int/icd/entity/495939346,Unintentional land transport traffic event injuring an occupant of a streetcar or tram,,Occupant of streetcar injured in transport accident; person on outside of streetcar injured in transport accident; Streetcar accident NOS,,[]
Transport accident,http://id.who.int/icd/entity/813225239,Car occupant injured in other and unspecified transport accidents,,"Car collision NOS, traffic",,[]
Transport accident,http://id.who.int/icd/entity/935916226,Bus occupant injured in other and unspecified transport accidents,,,,[]
Transport accident,http://id.who.int/icd/entity/1929426168,Other and unspecified water transport accidents involving water-skis,,,,[]
Transport accident,http://id.who.int/icd/entity/380853503,Unintentional land transport nontraffic event injuring an occupant of a heavy goods vehicle,,"Unintentional land transport nontraffic event injuring an occupant of a heavy transport vehicle; Collision NOS involving heavy transport vehicle, nontraffic; Accident NOS involving heavy transport vehicle, nontraffic; Occupant of heavy transport vehicle injured in nontraffic accident NOS",,[]
Transport accident,http://id.who.int/icd/entity/388467595,Sequelae of other and unspecified transport accidents,,late effect of other and unspecified transport accidents,,[]
Transport accident,http://id.who.int/icd/entity/128836615,Other and unspecified water transport accidents involving sailboat,,,,[]
Transport accident,http://id.who.int/icd/entity/324760454,Unintentional land transport traffic event injuring a motor cyclist,,motorcycle rider injured in transport accident; unintentional land transport accident motorbike; motorbike accident; motorbike traffic accident; Motorcycle accident NOS,,[]
Transport accident,http://id.who.int/icd/entity/899593763,Other and unspecified water transport accidents involving yacht,,,,[]
Transport accident,http://id.who.int/icd/entity/1153230466,Other and unspecified water transport accidents involving liner,,,,[]
Transport accident,http://id.who.int/icd/entity/1915625996,Other and unspecified water transport accidents involving windsurfer,,,,[]
Transport accident,http://id.who.int/icd/entity/2037221697,Pedal cyclist injured in noncollision transport accident,,bicyclist injured in noncollision transport accident,,[]
Transport accident,http://id.who.int/icd/entity/277813817,Parachutist injured in air transport accident,,,,[]
Transport accident,http://id.who.int/icd/entity/1611512539,Occupant of heavy transport vehicle injured in other and unspecified transport accidents,,,,[]
Transport accident,http://id.who.int/icd/entity/1429411971,Car occupant injured in noncollision transport accident,,overturning car; overturned car,,[]
Transport accident,http://id.who.int/icd/entity/1384333144,Bus occupant injured in noncollision transport accident,,,,[]
Transport accident,http://id.who.int/icd/entity/462840578,Motorcycle rider injured in other and unspecified transport accidents,,,,[]
Transport accident,http://id.who.int/icd/entity/1975834541,Person on ground injured in air transport accident,,,,[]
Transport accident,http://id.who.int/icd/entity/1950578579,Other and unspecified water transport accidents involving other powered watercraft,,,,[]
Transport accident,http://id.who.int/icd/entity/1705372410,Other and unspecified water transport accidents involving passenger ship,,,,[]
Transport accident,http://id.who.int/icd/entity/285784583,Other and unspecified water transport accidents involving fishing boat,,,,[]
Transport accident,http://id.who.int/icd/entity/1851915398,Unintentional land transport traffic event injuring a user of a special construction vehicle,,occupant of special construction vehicle injured in transport accident; Special-construction-vehicle accident NOS,,[]
Transport accident,http://id.who.int/icd/entity/88504143,Occupant of heavy transport vehicle injured in noncollision transport accident,,,,[]
Transport accident,http://id.who.int/icd/entity/1763852271,Occupant of railway train or railway vehicle injured in transport accident,,,,[]
Transport accident,http://id.who.int/icd/entity/15607660,Other and unspecified water transport accidents involving merchant ship,,,,[]
Transport accident,http://id.who.int/icd/entity/700938044,Examination or observation following transport accident,,examination following motor vehicle accident,,[]
Transport accident,http://id.who.int/icd/entity/192763439,Car occupant injured in noncollision transport accident : unspecified car occupant injured in traffic accident,,,,[]
Transport accident,http://id.who.int/icd/entity/995308412,Bus occupant injured in noncollision transport accident : unspecified bus occupant injured in traffic accident,,,,[]
Transport accident,http://id.who.int/icd/entity/337399188,Car occupant injured in noncollision transport accident : unspecified car occupant injured in nontraffic accident,,,,[]
Transport accident,http://id.who.int/icd/entity/2128457364,Motorcycle rider injured in noncollision transport accident,,,,[]
Transport accident,http://id.who.int/icd/entity/607267009,Bus occupant injured in noncollision transport accident : unspecified bus occupant injured in nontraffic accident,,,,[]
Transport accident,http://id.who.int/icd/entity/289385137,Other and unspecified water transport accidents involving jet skis,,,,[]
Transport accident,http://id.who.int/icd/entity/1372365398,Other and unspecified water transport accidents involving surf-board,,,,[]
Transport accident,http://id.who.int/icd/entity/1146691090,Other and unspecified water transport accidents involving ferry-boat,,,,[]
Transport accident,http://id.who.int/icd/entity/1659251091,Other and unspecified water transport accidents involving canoe or kayak,,,,[]
Transport accident,http://id.who.int/icd/entity/1527773658,"Pedal cyclist injured in noncollision transport accident, unspecified pedal cyclist injured in traffic accident",,,,[]
Transport accident,http://id.who.int/icd/entity/556085235,Pedal cyclist injured in noncollision transport accident : unspecified pedal cyclist injured in nontraffic accident,,,,[]
Transport accident,http://id.who.int/icd/entity/1684490659,Unintentional land transport traffic event injuring an occupant of a low powered passenger vehicle,,Occupant of three-wheeled motor vehicle injured in transport accident,,[]
Transport accident,http://id.who.int/icd/entity/726208589,Occupant of heavy transport vehicle injured in noncollision transport accident : unspecified occupant of heavy transport vehicle injured in traffic accident,,,,[]
Transport accident,http://id.who.int/icd/entity/1596356387,Unintentional water transport injury event,,Water transport accidents; Boat transport accident NOS; ship transport accident NOS; Watercraft transport accident NOS,,[]
Transport accident,http://id.who.int/icd/entity/69852207,Unintentional air or space transport injury event,,Air and space transport accidents; Air transport accident NOS; Aircraft accident NOS; accidents to nonoccupants of aircraft,,[]
Transport accident,http://id.who.int/icd/entity/79623775,Unintentional land transport injury event unknown whether road traffic or off-road nontraffic,,unintentional land transport injury event unknown whether on road or off-road; land transport accident NOS; motor vehicle accident NOS; MVA - [motor vehicle accident] NOS; MVC - [motor vehicle crash]; motor vehicle collision NOS; head on collision NOS; auti accident NOS,,[]
Transport accident,http://id.who.int/icd/entity/1114138453,Unintentional land transport traffic event injuring a pedestrian,,pedestrian injured in transport accident,,[]
Transport accident,http://id.who.int/icd/entity/714231201,Unintentional land transport off-road nontraffic injury event,,unintentional land transport injury event occurring off-road; unintentional off-road crash; nontraffic land transport accident,,[]
Transport accident,http://id.who.int/icd/entity/1273171148,Pedestrian injured in other and unspecified transport accidents,,,,[]
Transport accident,http://id.who.int/icd/entity/1573350953,Unintentional land transport traffic event injuring an occupant of a heavy goods vehicle,,"occupant of heavy transport vehicle injured in transport accident; Unintentional land transport traffic event injuring an occupant of a heavy transport vehicle; Collision NOS involving heavy transport vehicle, traffic; Accident NOS involving heavy transport vehicle",,[]
Transport accident,http://id.who.int/icd/entity/1758338082,Unintentional land transport traffic event injuring a car occupant,,car occupant injured in transport accident,,[]
Transport accident,http://id.who.int/icd/entity/721114126,Unintentional land transport traffic event injuring an occupant of a bus or coach,,"Bus occupant injured in transport accident; Bus collision NOS, traffic; Bus accident NOS",,[]
Transport accident,http://id.who.int/icd/entity/472270037,Pedal cyclist injured in other and unspecified transport accidents,,"Pedal cycle collision NOS, traffic; Pedal cycle accident NOS; Bicycle accident NOS; Bicycle collision NOS, traffic; bicyclist injured in other and unspecified transport accident",,[]
Transport accident,http://id.who.int/icd/entity/551890744,Sequelae of transport accidents,,late effect of transport accidents,,[]
Transport accident,http://id.who.int/icd/entity/495939346,Unintentional land transport traffic event injuring an occupant of a streetcar or tram,,Occupant of streetcar injured in transport accident; person on outside of streetcar injured in transport accident; Streetcar accident NOS,,[]
Transport accident,http://id.who.int/icd/entity/813225239,Car occupant injured in other and unspecified transport accidents,,"Car collision NOS, traffic",,[]
Transport accident,http://id.who.int/icd/entity/935916226,Bus occupant injured in other and unspecified transport accidents,,,,[]
Transport accident,http://id.who.int/icd/entity/1929426168,Other and unspecified water transport accidents involving water-skis,,,,[]
Transport accident,http://id.who.int/icd/entity/380853503,Unintentional land transport nontraffic event injuring an occupant of a heavy goods vehicle,,"Unintentional land transport nontraffic event injuring an occupant of a heavy transport vehicle; Collision NOS involving heavy transport vehicle, nontraffic; Accident NOS involving heavy transport vehicle, nontraffic; Occupant of heavy transport vehicle injured in nontraffic accident NOS",,[]
Transport accident,http://id.who.int/icd/entity/388467595,Sequelae of other and unspecified transport accidents,,late effect of other and unspecified transport accidents,,[]
Transport accident,http://id.who.int/icd/entity/128836615,Other and unspecified water transport accidents involving sailboat,,,,[]
Transport accident,http://id.who.int/icd/entity/324760454,Unintentional land transport traffic event injuring a motor cyclist,,motorcycle rider injured in transport accident; unintentional land transport accident motorbike; motorbike accident; motorbike traffic accident; Motorcycle accident NOS,,[]
Transport accident,http://id.who.int/icd/entity/899593763,Other and unspecified water transport accidents involving yacht,,,,[]
Transport accident,http://id.who.int/icd/entity/1153230466,Other and unspecified water transport accidents involving liner,,,,[]
Transport accident,http://id.who.int/icd/entity/1915625996,Other and unspecified water transport accidents involving windsurfer,,,,[]
Transport accident,http://id.who.int/icd/entity/2037221697,Pedal cyclist injured in noncollision transport accident,,bicyclist injured in noncollision transport accident,,[]
Transport accident,http://id.who.int/icd/entity/277813817,Parachutist injured in air transport accident,,,,[]
Transport accident,http://id.who.int/icd/entity/1611512539,Occupant of heavy transport vehicle injured in other and unspecified transport accidents,,,,[]
Transport accident,http://id.who.int/icd/entity/1429411971,Car occupant injured in noncollision transport accident,,overturning car; overturned car,,[]
Transport accident,http://id.who.int/icd/entity/1384333144,Bus occupant injured in noncollision transport accident,,,,[]
Transport accident,http://id.who.int/icd/entity/462840578,Motorcycle rider injured in other and unspecified transport accidents,,,,[]
Transport accident,http://id.who.int/icd/entity/1975834541,Person on ground injured in air transport accident,,,,[]
Transport accident,http://id.who.int/icd/entity/1950578579,Other and unspecified water transport accidents involving other powered watercraft,,,,[]
Transport accident,http://id.who.int/icd/entity/1705372410,Other and unspecified water transport accidents involving passenger ship,,,,[]
Transport accident,http://id.who.int/icd/entity/285784583,Other and unspecified water transport accidents involving fishing boat,,,,[]
Transport accident,http://id.who.int/icd/entity/1851915398,Unintentional land transport traffic event injuring a user of a special construction vehicle,,occupant of special construction vehicle injured in transport accident; Special-construction-vehicle accident NOS,,[]
Transport accident,http://id.who.int/icd/entity/88504143,Occupant of heavy transport vehicle injured in noncollision transport accident,,,,[]
Transport accident,http://id.who.int/icd/entity/1763852271,Occupant of railway train or railway vehicle injured in transport accident,,,,[]
Transport accident,http://id.who.int/icd/entity/15607660,Other and unspecified water transport accidents involving merchant ship,,,,[]
Transport accident,http://id.who.int/icd/entity/700938044,Examination or observation following transport accident,,examination following motor vehicle accident,,[]
Transport accident,http://id.who.int/icd/entity/192763439,Car occupant injured in noncollision transport accident : unspecified car occupant injured in traffic accident,,,,[]
Transport accident,http://id.who.int/icd/entity/995308412,Bus occupant injured in noncollision transport accident : unspecified bus occupant injured in traffic accident,,,,[]
Transport accident,http://id.who.int/icd/entity/337399188,Car occupant injured in noncollision transport accident : unspecified car occupant injured in nontraffic accident,,,,[]
Transport accident,http://id.who.int/icd/entity/2128457364,Motorcycle rider injured in noncollision transport accident,,,,[]
Transport accident,http://id.who.int/icd/entity/607267009,Bus occupant injured in noncollision transport accident : unspecified bus occupant injured in nontraffic accident,,,,[]
Transport accident,http://id.who.int/icd/entity/289385137,Other and unspecified water transport accidents involving jet skis,,,,[]
Transport accident,http://id.who.int/icd/entity/1372365398,Other and unspecified water transport accidents involving surf-board,,,,[]
Transport accident,http://id.who.int/icd/entity/1146691090,Other and unspecified water transport accidents involving ferry-boat,,,,[]
Transport accident,http://id.who.int/icd/entity/1659251091,Other and unspecified water transport accidents involving canoe or kayak,,,,[]
Transport accident,http://id.who.int/icd/entity/1527773658,"Pedal cyclist injured in noncollision transport accident, unspecified pedal cyclist injured in traffic accident",,,,[]
Transport accident,http://id.who.int/icd/entity/556085235,Pedal cyclist injured in noncollision transport accident : unspecified pedal cyclist injured in nontraffic accident,,,,[]
Transport accident,http://id.who.int/icd/entity/1684490659,Unintentional land transport traffic event injuring an occupant of a low powered passenger vehicle,,Occupant of three-wheeled motor vehicle injured in transport accident,,[]
Transport accident,http://id.who.int/icd/entity/726208589,Occupant of heavy transport vehicle injured in noncollision transport accident : unspecified occupant of heavy transport vehicle injured in traffic accident,,,,[]
Fall,http://id.who.int/icd/entity/134290789,Unintentional fall,,fall NOS; accidental fall; fall causing injury that resulted in death; fell NOS; mechanical fall NOS; fall to floor; fell to floor; fall at home; fell at home; fall at residence; fall at nursing home; fall from unknown height,,[]
Fall,http://id.who.int/icd/entity/1093196899,Tendency to fall,,Tendency to fall because of old age or other unclear health problems; recurrent falls; repeated falls; falls NOS; multiple falls NOS,,[]
Fall,http://id.who.int/icd/entity/783139626,Complications of fall,,,,[]
Fall,http://id.who.int/icd/entity/1822613699,"Struck by thrown, projected or falling object",,falling object,,[]
Fall,http://id.who.int/icd/entity/1688850216,Sensation of falling,Sensation of losing one's grip and falling.,,,[]
Fall,http://id.who.int/icd/entity/1425675101,Occupant of railway train or railway vehicle injured by fall in railway train or railway vehicle,,fall in train; fall on train,,[]
Fall,http://id.who.int/icd/entity/1363622909,Fall in health care,,fall in hospital,,[]
Fall,http://id.who.int/icd/entity/996246205,Fall in bathtub,,,,[]
Fall,http://id.who.int/icd/entity/542589858,Occupant of railway train or railway vehicle injured by fall from railway train or railway vehicle,,fall from train,,[]
Fall,http://id.who.int/icd/entity/1045802307,Fall in shower,,,,[]
Fall,http://id.who.int/icd/entity/1817248893,Unintentional fall from tree,,fall from tree,,[]
Fall,http://id.who.int/icd/entity/173760338,Fall or jump with undetermined intent,,fall from height NOS,,[]
Fall,http://id.who.int/icd/entity/1511324284,Exposure to fall,,Exposure to unspecified fall,,[]
Fall,http://id.who.int/icd/entity/1847586521,Fall or jump of undetermined intent on the same level or from less than 1 metre,,same level fall; complications of ground level fall,,[]
Fall,http://id.who.int/icd/entity/415990995,Unintentional fall on the same level or from less than 1 metre,,ground level fall; fell while ambulating; fall from standing height; fall from standing position; fell from standing,,[]
Fall,http://id.who.int/icd/entity/2008585443,Fall through floor,,,,[]
Fall,http://id.who.int/icd/entity/240716420,Unintentional fall from ladder,,accidental fall from ladder; fall from ladder; fall on and from ladder causing accidental injury; fall on or from ladder,,[]
Fall,http://id.who.int/icd/entity/2062834301,Unintentional fall on or from scaffolding,,fall from scaffold; fall from scaffolding; fall on and from scaffolding causing accidental injury; fall on and from scaffolding; accidental fall from scaffolding,,[]
Fall,http://id.who.int/icd/entity/152750569,Unintentional fall from cliff,,Fall from cliff,,[]
Fall,http://id.who.int/icd/entity/2061105633,Fall or jump of undetermined intent from stairs or steps,,fall down stairs NOS; fell down stairs; fall down steps,,[]
Fall,http://id.who.int/icd/entity/1432899034,Fall on or from escalator,,,,[]
Fall,http://id.who.int/icd/entity/1313418676,Fall from operating room table,,fall from operating table; fall from surgical table; fall from operation table,,[]
Fall,http://id.who.int/icd/entity/189781093,Fall from examination table,,,,[]
Fall,http://id.who.int/icd/entity/546326103,Unintentional fall from roof,,,,[]
Fall,http://id.who.int/icd/entity/1534148200,fall on or from ramp,,,,[]
Fall,http://id.who.int/icd/entity/847229948,Fall from or through roof,,,,[]
Fall,http://id.who.int/icd/entity/1804496786,Fall on or from incline,,,,[]
Fall,http://id.who.int/icd/entity/2028266721,Fall from or through railing,,,,[]
Fall,http://id.who.int/icd/entity/1430972584,Unintentional fall involving furniture,,,,[]
Fall,http://id.who.int/icd/entity/379555302,Hair fall disorder (TM2),,(c) Intithār al-Sha‘r,,[]
Fall,http://id.who.int/icd/entity/1434301283,Occupant of streetcar injured by fall in streetcar,,,,[]
Fall,http://id.who.int/icd/entity/566120423,Unintentional fall through roof,,,,[]
Fall,http://id.who.int/icd/entity/1018869510,"Fall from, out of or through wall",,,,[]
Fall,http://id.who.int/icd/entity/849593528,Fall from or out of tower,,,,[]
Fall,http://id.who.int/icd/entity/1002397610,Falling over animal,,,,[]
Fall,http://id.who.int/icd/entity/1461437517,Unintentional fall involving playground equipment,,fall from playground equipment; fall involving playground equipment causing accidental injury; fall on and from playground equipment; Fall involving playground equipment,,[]
Fall,http://id.who.int/icd/entity/2101585348,Qi sinking pattern (TM1),,Qi fall pattern (TM1),,[]
Fall,http://id.who.int/icd/entity/1578494278,Intentional self-harm by fall or jump,,intentional fall from one level to another,,[]
Fall,http://id.who.int/icd/entity/1634711970,Fall from orthopaedic surgical table,,fall from trauma table,,[]
Fall,http://id.who.int/icd/entity/1224625541,"Fall from, out of or through building",,,,[]
Fall,http://id.who.int/icd/entity/1069623780,Unintentionally struck by falling stone,,,,[]
Fall,http://id.who.int/icd/entity/924882442,"Fall from, out of or through bridge",,,,[]
Fall,http://id.who.int/icd/entity/567337886,Occupant of streetcar injured by fall from streetcar,,,,[]
Fall,http://id.who.int/icd/entity/1260217489,Complications of injuries sustained in a fall,,,,[]
Fall,http://id.who.int/icd/entity/1182235024,Unintentionally struck by falling tree,,,,[]
Fall,http://id.who.int/icd/entity/1460888323,"Fall from, out of or through window",,,,[]
Fall,http://id.who.int/icd/entity/2044964799,Fall from flag-pole,,,,[]
Fall,http://id.who.int/icd/entity/1474877205,Fall from horse in traffic event,,,,[]
Fall,http://id.who.int/icd/entity/864242868,Fall from horse in nontraffic event,,,,[]
Fall,http://id.who.int/icd/entity/1796392726,Unintentional fall involving stairs and steps,,fall on or from stairs and steps,,[]
Pedestrian,http://id.who.int/icd/entity/1517956415,Unintentional land transport event unknown whether traffic or nontraffic injuring a pedestrian,,"unintentional crash injuring a pedestrian, unknown whether on road; pedestrian accident NOS; pedestrian struck by motor vehicle; pedestrian struck by vehicle; struck by motor vehicle NOS; struck by vehicle NOS; motor vehicle striking pedestrian; auto vs pedestrian",,[]
Pedestrian,http://id.who.int/icd/entity/376039232,"Pedestrian injured in collision with railway train or railway vehicle, traffic accident",,pedestrian struck by train,,[]
Pedestrian,http://id.who.int/icd/entity/1114138453,Unintentional land transport traffic event injuring a pedestrian,,pedestrian injured in transport accident,,[]
Pedestrian,http://id.who.int/icd/entity/1595005935,Unintentional land transport nontraffic event injuring a pedestrian,,unintentional off-road crash injuring a pedestrian; non-traffic pedestrian accident,,[]
Pedestrian,http://id.who.int/icd/entity/1500157118,Pedestrian injured in unspecified nontraffic accident,,,,[]
Pedestrian,http://id.who.int/icd/entity/1590845204,Pedestrian conveyance as counterpart in land transport crash,"A device which is designed primarily for, or being used at the time primarily for, conveying the person and is not a transport vehicle.",powered pedestrian conveyances,,[]
Pedestrian,http://id.who.int/icd/entity/837312255,"Pedestrian injured in collision with car, pick-up truck or van, traffic accident",,"pedestrian struck by car, pick-up truck or van; person struck by car; pedestrian struck by automobile",,[]
Pedestrian,http://id.who.int/icd/entity/1273171148,Pedestrian injured in other and unspecified transport accidents,,,,[]
Pedestrian,http://id.who.int/icd/entity/1164216858,Pedestrian injured in collision with pedal cycle,,,,[]
Pedestrian,http://id.who.int/icd/entity/1809796899,Pedestrian as mode of transport of person injured in transport event,A pedestrian is any person involved in a transport crash who was not in or on a vehicle or pedestrian conveyance at the time.,,,[]
Pedestrian,http://id.who.int/icd/entity/915020174,Pedestrian injured in collision with other nonmotor vehicle,,,,[]
Pedestrian,http://id.who.int/icd/entity/1538563669,Car occupant injured in collision with pedestrian or animal,,,,[]
Pedestrian,http://id.who.int/icd/entity/1543813506,Bus occupant injured in collision with pedestrian or animal,,,,[]
Pedestrian,http://id.who.int/icd/entity/1109870961,Pedestrian injured in collision with railway train or railway vehicle,,,,[]
Pedestrian,http://id.who.int/icd/entity/2011828119,Pedal cyclist injured in collision with pedestrian or animal,,,,[]
Pedestrian,http://id.who.int/icd/entity/2123695182,Pedestrian as counterpart in land transport crash,A pedestrian is any person involved in a transport crash who was not in or on a vehicle or pedestrian conveyance at the time.,,,[]
Pedestrian,http://id.who.int/icd/entity/1104177032,Land transport traffic injury event of undetermined intent injuring a pedestrian,,Road crash of unknown intent injuring a pedestrian,,[]
Pedestrian,http://id.who.int/icd/entity/661423333,Pedestrian injured in collision with heavy transport vehicle or bus,,,,[]
Pedestrian,http://id.who.int/icd/entity/748107330,"Pedestrian injured in collision with pedal cycle, traffic accident",,,,[]
Pedestrian,http://id.who.int/icd/entity/1239219156,Pedestrian injured in collision with pedal cycle : nontraffic accident,,,,[]
Pedestrian,http://id.who.int/icd/entity/888233787,Intentional self-harm by land transport traffic event injuring a pedestrian,,intentional self-harm by road crash injuring a pedestrian,,[]
Pedestrian,http://id.who.int/icd/entity/1884956738,Motorcycle rider injured in collision with pedestrian or animal,,,,[]
Pedestrian,http://id.who.int/icd/entity/2094369126,Pedestrian conveyance as mode of transport of person injured in transport event,"A device which is designed primarily for, or being used at the time primarily for, conveying the person and is not a transport vehicle.",,,[]
Pedestrian,http://id.who.int/icd/entity/401491712,"Pedestrian injured in collision with other nonmotor vehicle, traffic accident",,,,[]
Pedestrian,http://id.who.int/icd/entity/1923451542,Pedestrian injured in collision with other nonmotor vehicle : nontraffic accident,,,,[]
Pedestrian,http://id.who.int/icd/entity/197259673,Occupant of heavy transport vehicle injured in collision with pedestrian or animal,,,,[]
Pedestrian,http://id.who.int/icd/entity/835312357,Pedestrian injured in collision with two- or three-wheeled motor vehicle,,,,[]
Pedestrian,http://id.who.int/icd/entity/261691179,Unintentional fall involving a pedestrian conveyance,,,,[]
Pedestrian,http://id.who.int/icd/entity/2122380499,Car occupant injured in collision with pedestrian or animal : unspecified car occupant injured in traffic accident,,,,[]
Pedestrian,http://id.who.int/icd/entity/1320063360,Bus occupant injured in collision with pedestrian or animal : unspecified bus occupant injured in traffic accident,,,,[]
Pedestrian,http://id.who.int/icd/entity/1642196848,Car occupant injured in collision with pedestrian or animal : unspecified car occupant injured in nontraffic accident,,,,[]
Pedestrian,http://id.who.int/icd/entity/1372555837,Bus occupant injured in collision with pedestrian or animal : unspecified bus occupant injured in nontraffic accident,,,,[]
Pedestrian,http://id.who.int/icd/entity/1931618986,"Pedestrian injured in collision with railway train or railway vehicle, nontraffic accident",,,,[]
Pedestrian,http://id.who.int/icd/entity/787634982,"Pedal cyclist injured in collision with pedestrian or animal, unspecified pedal cyclist injured in traffic accident",,,,[]
Pedestrian,http://id.who.int/icd/entity/1423478031,Pedal cyclist injured in collision with pedestrian or animal : unspecified pedal cyclist injured in nontraffic accident,,,,[]
Pedestrian,http://id.who.int/icd/entity/1417811825,"Pedestrian injured in collision with car, pick-up truck or van",,,,[]
Pedestrian,http://id.who.int/icd/entity/1460349350,Unintentional land transport traffic event injuring the user of a pedestrian conveyance,,unintentional road crash injuring the user of a pedestrian conveyance,,[]
Pedestrian,http://id.who.int/icd/entity/177287103,"Pedestrian injured in collision with heavy transport vehicle or bus, traffic accident",,,,[]
Pedestrian,http://id.who.int/icd/entity/1876615723,Pedestrian injured in collision with heavy transport vehicle or bus : nontraffic accident,,,,[]
Pedestrian,http://id.who.int/icd/entity/664756315,Occupant of three-wheeled motor vehicle injured in collision with pedestrian or animal,,,,[]
Pedestrian,http://id.who.int/icd/entity/517750389,"Motorcycle rider injured in collision with pedestrian or animal, unspecified motorcycle rider injured in traffic accident",,,,[]
Pedestrian,http://id.who.int/icd/entity/1693902940,Motorcycle rider injured in collision with pedestrian or animal : unspecified motorcycle rider injured in nontraffic accident,,,,[]
Pedestrian,http://id.who.int/icd/entity/1766334657,Assault by land transport traffic event injuring a pedestrian,,,,[]
Pedestrian,http://id.who.int/icd/entity/65659281,Car occupant injured in collision with pedestrian or animal : passenger injured in traffic accident,,,,[]
Pedestrian,http://id.who.int/icd/entity/868713666,Bus occupant injured in collision with pedestrian or animal : passenger injured in traffic accident,,,,[]
Pedestrian,http://id.who.int/icd/entity/1879536133,Car occupant injured in collision with pedestrian or animal : passenger injured in nontraffic accident,,,,[]
Pedestrian,http://id.who.int/icd/entity/1076434774,Bus occupant injured in collision with pedestrian or animal : passenger injured in nontraffic accident,,,,[]
Pedestrian,http://id.who.int/icd/entity/2000990574,Car occupant injured in collision with pedestrian or animal : driver injured in traffic accident,,,,[]
Pedestrian,http://id.who.int/icd/entity/1198183485,Bus occupant injured in collision with pedestrian or animal : driver injured in traffic accident,,,,[]
Pedestrian,http://id.who.int/icd/entity/357351313,Car occupant injured in collision with pedestrian or animal : driver injured in nontraffic accident,,,,[]
Passenger vehicle,http://id.who.int/icd/entity/1210553509,Vehicle passenger injured in transport related event,"A passenger is any occupant of a transport vehicle, other than the driver, in a position designed for the carriage of people.",Occupants of seats other than the driver's seat,,[]
Passenger vehicle,http://id.who.int/icd/entity/1011692914,Battery-powered airport passenger vehicle,,,,[]
Passenger vehicle,http://id.who.int/icd/entity/1766261064,Passenger of special construction vehicle injured in traffic accident,,,,[]
Passenger vehicle,http://id.who.int/icd/entity/447320796,Passenger of special construction vehicle injured in nontraffic accident,,,,[]
Passenger vehicle,http://id.who.int/icd/entity/1321646217,Passenger of special industrial vehicle injured in traffic accident,,,,[]
Passenger vehicle,http://id.who.int/icd/entity/1026042653,Passenger of special industrial vehicle injured in nontraffic accident,,,,[]
Passenger vehicle,http://id.who.int/icd/entity/1975503305,Passenger of special agricultural vehicle injured in traffic accident,,,,[]
Passenger vehicle,http://id.who.int/icd/entity/105994845,Passenger of special agricultural vehicle injured in nontraffic accident,,,,[]
Passenger vehicle,http://id.who.int/icd/entity/931060771,Low-powered passenger vehicle as mode of transport of person injured in transport event,"(1) A land transport motor vehicle with three wheels (usually one in front and two behind), designed primarily for on-road use. Globally, most commonly used as taxis. Design, construction, type of motor and registration/licensing requirements vary widely. (2) A low-powered quadricycle or other low-powered four-wheeled passenger vehicle that is not a car.",Three wheeler as mode of transport of person injured in transport related event,,[]
Passenger vehicle,http://id.who.int/icd/entity/1444939023,Occupant of heavy transport vehicle injured in noncollision transport accident : passenger injured in traffic accident,,,,[]
Passenger vehicle,http://id.who.int/icd/entity/634295963,Occupant of heavy transport vehicle injured in noncollision transport accident : passenger injured in nontraffic accident,,,,[]
Passenger vehicle,http://id.who.int/icd/entity/573871950,Low powered passenger vehicle as counterpart in land transport crash,"(1) A land transport motor vehicle with three wheels (usually one in front and two behind), designed primarily for on-road use. Globally, most commonly used as taxis. Design, construction, type of motor and registration/licensing requirements vary widely. (2) A low-powered quadricycle or other low-powered four-wheeled passenger vehicle that is not a car.",Three wheeler as counterpart in land transport crash,,[]
Passenger vehicle,http://id.who.int/icd/entity/610818128,Car occupant injured in collision with other nonmotor vehicle : passenger injured in traffic accident,,,,[]
Passenger vehicle,http://id.who.int/icd/entity/340147459,Bus occupant injured in collision with other nonmotor vehicle : passenger injured in traffic accident,,,,[]
Passenger vehicle,http://id.who.int/icd/entity/1468451780,Car occupant injured in collision with other nonmotor vehicle : passenger injured in nontraffic accident,,,,[]
Passenger vehicle,http://id.who.int/icd/entity/1739107991,Bus occupant injured in collision with other nonmotor vehicle : passenger injured in nontraffic accident,,,,[]
Passenger vehicle,http://id.who.int/icd/entity/154752444,Bus occupant injured in collision with heavy transport vehicle or bus : passenger injured in traffic accident,,,,[]
Passenger vehicle,http://id.who.int/icd/entity/421754509,Occupant of heavy transport vehicle injured in collision with heavy transport vehicle or bus : passenger injured in traffic accident,,,,[]
Passenger vehicle,http://id.who.int/icd/entity/2060961320,Bus occupant injured in collision with heavy transport vehicle or bus : passenger injured in nontraffic accident,,,,[]
Passenger vehicle,http://id.who.int/icd/entity/1791878425,Occupant of heavy transport vehicle injured in collision with heavy transport vehicle or bus : passenger injured in nontraffic accident,,,,[]
Passenger vehicle,http://id.who.int/icd/entity/12035930,Pedal cyclist injured in collision with other nonmotor vehicle : passenger injured in traffic accident,,,,[]
Passenger vehicle,http://id.who.int/icd/entity/133456945,Pedal cyclist injured in collision with other nonmotor vehicle : passenger injured in nontraffic accident,,,,[]
Passenger vehicle,http://id.who.int/icd/entity/636483696,Car occupant injured in collision with railway train or railway vehicle : passenger injured in traffic accident,,,,[]
Passenger vehicle,http://id.who.int/icd/entity/365010237,Bus occupant injured in collision with railway train or railway vehicle : passenger injured in traffic accident,,,,[]
Passenger vehicle,http://id.who.int/icd/entity/1442933756,Car occupant injured in collision with railway train or railway vehicle : passenger injured in nontraffic accident,,,,[]
Passenger vehicle,http://id.who.int/icd/entity/1714359977,Bus occupant injured in collision with railway train or railway vehicle : passenger injured in nontraffic accident,,,,[]
Passenger vehicle,http://id.who.int/icd/entity/73145906,Occupant of heavy transport vehicle injured in collision with other nonmotor vehicle : passenger injured in traffic accident,,,,[]
Passenger vehicle,http://id.who.int/icd/entity/2008190374,Occupant of heavy transport vehicle injured in collision with other nonmotor vehicle : passenger injured in nontraffic accident,,,,[]
Passenger vehicle,http://id.who.int/icd/entity/1859150009,Occupant of three-wheeled motor vehicle injured in collision with two- or three-wheeled motor vehicle : passenger injured in traffic accident,,,,[]
Passenger vehicle,http://id.who.int/icd/entity/19924838,"Pedal cyclist injured in collision with railway train or railway vehicle, passenger injured in traffic accident",,,,[]
Passenger vehicle,http://id.who.int/icd/entity/815383049,Motorcycle rider injured in collision with other nonmotor vehicle : passenger injured in traffic accident,,,,[]
Passenger vehicle,http://id.who.int/icd/entity/490664749,Occupant of three-wheeled motor vehicle injured in collision with two- or three-wheeled motor vehicle : passenger injured in nontraffic accident,,,,[]
Passenger vehicle,http://id.who.int/icd/entity/108250127,"Pedal cyclist injured in collision with railway train or railway vehicle, passenger injured in nontraffic accident",,,,[]
Passenger vehicle,http://id.who.int/icd/entity/937034082,Motorcycle rider injured in collision with other nonmotor vehicle : passenger injured in nontraffic accident,,,,[]
Passenger vehicle,http://id.who.int/icd/entity/1059417972,Occupant of heavy transport vehicle injured in collision with pedal cycle : passenger injured in traffic accident,,,,[]
Passenger vehicle,http://id.who.int/icd/entity/1288436968,Occupant of heavy transport vehicle injured in collision with pedal cycle : passenger injured in nontraffic accident,,,,[]
Passenger vehicle,http://id.who.int/icd/entity/601729011,Occupant of heavy transport vehicle injured in collision with pedestrian or animal : passenger injured in traffic accident,,,,[]
Passenger vehicle,http://id.who.int/icd/entity/1345533031,Occupant of heavy transport vehicle injured in collision with pedestrian or animal : passenger injured in nontraffic accident,,,,[]
Passenger vehicle,http://id.who.int/icd/entity/957821167,Car occupant injured in collision with heavy transport vehicle or bus : passenger injured in traffic accident,,,,[]
Passenger vehicle,http://id.who.int/icd/entity/1257874299,Car occupant injured in collision with heavy transport vehicle or bus : passenger injured in nontraffic accident,,,,[]
Passenger vehicle,http://id.who.int/icd/entity/106081018,Occupant of three-wheeled motor vehicle injured in noncollision transport accident : passenger injured in traffic accident,,,,[]
Passenger vehicle,http://id.who.int/icd/entity/1975269742,Occupant of three-wheeled motor vehicle injured in noncollision transport accident : passenger injured in nontraffic accident,,,,[]
Passenger vehicle,http://id.who.int/icd/entity/98287118,Occupant of heavy transport vehicle injured in collision with railway train or railway vehicle : passenger injured in traffic accident,,,,[]
Passenger vehicle,http://id.who.int/icd/entity/1983196570,Occupant of heavy transport vehicle injured in collision with railway train or railway vehicle : passenger injured in nontraffic accident,,,,[]
Passenger vehicle,http://id.who.int/icd/entity/1684490659,Unintentional land transport traffic event injuring an occupant of a low powered passenger vehicle,,Occupant of three-wheeled motor vehicle injured in transport accident,,[]
Passenger vehicle,http://id.who.int/icd/entity/1757454712,Passenger of all-terrain or other off-road motor vehicle injured in traffic accident,,,,[]
Passenger vehicle,http://id.who.int/icd/entity/1819339362,Unintentional land transport nontraffic event injuring an occupant of a low powered passenger vehicle,,"Occupant of three-wheeled motor vehicle injured in nontraffic accident NOS; Collision NOS involving three-wheeled motor vehicle, nontraffic; Accident NOS involving three-wheeled motor vehicle, nontraffic",,[]
Passenger vehicle,http://id.who.int/icd/entity/456012516,Passenger of all-terrain or other off-road motor vehicle injured in nontraffic accident,,,,[]
Passenger vehicle,http://id.who.int/icd/entity/499699685,Pedal cyclist injured in collision with heavy transport vehicle or bus : passenger injured in traffic accident,,,,[]
Passenger vehicle,http://id.who.int/icd/entity/445320334,Pedal cyclist injured in collision with heavy transport vehicle or bus : passenger injured in nontraffic accident,,,,[]
Special vehicle,http://id.who.int/icd/entity/1851915398,Unintentional land transport traffic event injuring a user of a special construction vehicle,,occupant of special construction vehicle injured in transport accident; Special-construction-vehicle accident NOS,,[]
Special vehicle,http://id.who.int/icd/entity/2026152580,Unintentional land transport traffic event injuring a user of a special vehicle mainly used on industrial premises,,occupant of special vehicle mainly used on industrial premises injured in transport accident; Special-industrial-vehicle accident NOS,,[]
Special vehicle,http://id.who.int/icd/entity/187314448,Unintentional land transport traffic event injuring a user of a special vehicle mainly used in agriculture,,occupant of special vehicle mainly used in agriculture injured in transport accident; Special-agricultural-vehicle accident NOS,,[]
Special vehicle,http://id.who.int/icd/entity/2111620040,Mobile machinery or special purpose vehicle,,,,[]
Special vehicle,http://id.who.int/icd/entity/2023857187,Unspecified occupant of special construction vehicle injured in traffic accident,,,,[]
Special vehicle,http://id.who.int/icd/entity/1595942372,Unspecified occupant of special industrial vehicle injured in traffic accident,,,,[]
Special vehicle,http://id.who.int/icd/entity/1853977475,Special all-terrain vehicle or off-road vehicle,,,,[]
Special vehicle,http://id.who.int/icd/entity/1083915581,Certain specified mobile machinery or special purpose vehicle,,,,[]
Special vehicle,http://id.who.int/icd/entity/1683575970,Unspecified occupant of special agricultural vehicle injured in traffic accident,,,,[]
Special vehicle,http://id.who.int/icd/entity/1766261064,Passenger of special construction vehicle injured in traffic accident,,,,[]
Special vehicle,http://id.who.int/icd/entity/447320796,Passenger of special construction vehicle injured in nontraffic accident,,,,[]
Special vehicle,http://id.who.int/icd/entity/1321646217,Passenger of special industrial vehicle injured in traffic accident,,,,[]
Special vehicle,http://id.who.int/icd/entity/202165470,Driver of special construction vehicle injured in traffic accident,,,,[]
Special vehicle,http://id.who.int/icd/entity/1026042653,Passenger of special industrial vehicle injured in nontraffic accident,,,,[]
Special vehicle,http://id.who.int/icd/entity/1845805603,Driver of special construction vehicle injured in nontraffic accident,,,,[]
Special vehicle,http://id.who.int/icd/entity/730690845,Driver of special industrial vehicle injured in traffic accident,,,,[]
Special vehicle,http://id.who.int/icd/entity/1233484770,Driver of special industrial vehicle injured in nontraffic accident,,,,[]
Special vehicle,http://id.who.int/icd/entity/1975503305,Passenger of special agricultural vehicle injured in traffic accident,,,,[]
Special vehicle,http://id.who.int/icd/entity/105994845,Passenger of special agricultural vehicle injured in nontraffic accident,,,,[]
Special vehicle,http://id.who.int/icd/entity/284427357,Driver of special agricultural vehicle injured in traffic accident,,,,[]
Special vehicle,http://id.who.int/icd/entity/1929120420,Driver of special agricultural vehicle injured in nontraffic accident,,,,[]
Special vehicle,http://id.who.int/icd/entity/1393249384,Special construction vehicle as mode of transport of person injured in transport related event,"A motor vehicle designed specifically for use in the construction (or demolition) of roads, buildings and other structures or associated earth-moving.",,,[]
Special vehicle,http://id.who.int/icd/entity/501895607,Person on outside of special construction vehicle injured in traffic accident,,,,[]
Special vehicle,http://id.who.int/icd/entity/1570324234,Special construction vehicle as counterpart in land transport crash,"A motor vehicle designed specifically for use in the construction (or demolition) of roads, buildings and other structures or associated earth-moving.",,,[]
Special vehicle,http://id.who.int/icd/entity/2145541962,Person on outside of special construction vehicle injured in nontraffic accident,,,,[]
Special vehicle,http://id.who.int/icd/entity/980150390,Person on outside of special industrial vehicle injured in traffic accident,,,,[]
Special vehicle,http://id.who.int/icd/entity/1482942089,Person on outside of special industrial vehicle injured in nontraffic accident,,,,[]
Special vehicle,http://id.who.int/icd/entity/17996088,Person on outside of special agricultural vehicle injured in traffic accident,,,,[]
Special vehicle,http://id.who.int/icd/entity/1662687177,Person on outside of special agricultural vehicle injured in nontraffic accident,,,,[]
Special vehicle,http://id.who.int/icd/entity/339419809,Special all-terrain vehicle as mode of transport of person injured in transport related event,"A vehicle designed primarily for off-road use with capability to traverse a wide range of types of terrain by means of wheels, tracks, support on a cushion of air or other form of support/traction.","Mode of transport, Special all-terrain or off-road vehicle",,[]
Special vehicle,http://id.who.int/icd/entity/761501405,Special vehicle mainly used on industrial premises as mode of transport of person injured in transport related event,A motor vehicle designed primarily for use within the buildings and premises of industrial or commercial establishments.,special vehicle used in industry as mode of transport of person injured in transport related event,,[]
Special vehicle,http://id.who.int/icd/entity/1819742234,Mobile machinery or special purpose vehicle mainly used in construction,,,,[]
Special vehicle,http://id.who.int/icd/entity/189730743,Person injured while boarding or alighting from special construction vehicle,,,,[]
Special vehicle,http://id.who.int/icd/entity/2069853402,Mobile machinery or special purpose vehicle mainly used in industry,,,,[]
Special vehicle,http://id.who.int/icd/entity/751744632,Person injured while boarding or alighting from special industrial vehicle,,,,[]
Special vehicle,http://id.who.int/icd/entity/1109907866,Mobile machinery or special purpose vehicle mainly used in agriculture,,,,[]
Special vehicle,http://id.who.int/icd/entity/397920054,Person injured while boarding or alighting from special agricultural vehicle,,,,[]
Special vehicle,http://id.who.int/icd/entity/311555997,Special all-terrain vehicle as counterpart in land transport crash,"A vehicle designed primarily for off-road use with capability to traverse a wide range of types of terrain by means of wheels, tracks, support on a cushion of air or other form of support/traction.",,,[]
Special vehicle,http://id.who.int/icd/entity/1649731250,Special vehicle mainly used in agriculture as mode of transport of person injured in transport related event,"A motor vehicle designed specifically for use in farming and agriculture (horticulture), for example to work the land, tend and harvest crops and transport materials on the farm.",,,[]
Special vehicle,http://id.who.int/icd/entity/419014753,Special vehicle mainly used in agriculture as counterpart in land transport crash,"A motor vehicle designed specifically for use in farming and agriculture (horticulture), for example to work the land, tend and harvest crops and transport materials on the farm.",,,[]
Special vehicle,http://id.who.int/icd/entity/723879647,Unintentional land transport nontraffic event injuring a user of a special construction vehicle,,,,[]
Special vehicle,http://id.who.int/icd/entity/1838051789,Assault by land transport traffic event injuring occupant of special construction vehicle,,,,[]
Special vehicle,http://id.who.int/icd/entity/648672667,Unintentional land transport nontraffic event injuring a user of a special vehicle mainly used in agriculture,,,,[]
Special vehicle,http://id.who.int/icd/entity/1475436790,Special vehicle mainly used on industrial premises as counterpart in land transport crash,A motor vehicle designed primarily for use within the buildings and premises of industrial or commercial establishments.,,,[]
Special vehicle,http://id.who.int/icd/entity/1682209990,Land transport traffic injury event of undetermined intent injuring a user of a special construction vehicle,,,,[]
Special vehicle,http://id.who.int/icd/entity/1843870705,Land transport nontraffic injury event of undetermined intent injuring a user of a special construction vehicle,,,,[]
Special vehicle,http://id.who.int/icd/entity/94693671,Unintentional land transport event unknown whether traffic or nontraffic injuring an occupant of a special construction vehicle,,,,[]
Special vehicle,http://id.who.int/icd/entity/449621115,Unintentional land transport traffic event injuring a user of an all-terrain vehicle,,"occupant of special all-terrain or other motor vehicle designed primarily for off-road use, injured in transport accident",,[]
Special vehicle,http://id.who.int/icd/entity/1288425662,Unintentional land transport nontraffic event injuring a user of a special vehicle mainly used on industrial premises,,,,[]
Special vehicle,http://id.who.int/icd/entity/24783331,Land transport traffic injury event of undetermined intent injuring a user of a special vehicle mainly used in agriculture,,,,[]
